fixed_acidity,fixed_acidity__is_outlier,volatile_acidity,volatile_acidity__is_outlier,citric_acid,citric_acid__is_outlier,residual_sugar,residual_sugar__is_outlier,chlorides,chlorides__is_outlier,free_sulfur_dioxide,free_sulfur_dioxide__is_outlier,total_sulfur_dioxide,total_sulfur_dioxide__is_outlier,density,density__is_outlier,ph,ph__is_outlier,sulphates,sulphates__is_outlier,alcohol,alcohol__is_outlier,quality,quality__is_outlier
6.6,0,0.25,0,0.3,0,14.4,0,0.052,0,40.0,0,183.0,0,0.998,0,3.02,0,0.5,0,9.1,0,6,0
7.8,0,0.26,0,0.49,0,3.2,0,0.027,0,28.0,0,87.0,0,0.9919,0,3.03,0,0.32,0,11.3,0,7,0
6.3,0,0.23,0,0.33,0,1.5,0,0.036,0,15.0,0,105.0,0,0.991,0,3.32,0,0.42,0,11.2,0,6,0
6.0,0,0.26,0,0.18,0,7.0,0,0.055,0,50.0,0,194.0,0,0.99591,0,3.21,0,0.43,0,9.0,0,5,0
7.9,0,0.37,0,0.31,0,2.85,0,0.037,0,5.0,0,24.0,0,0.9911,0,3.19,0,0.36,0,11.9,0,6,0
6.2,0,0.33,0,0.14,0,4.8,0,0.052,0,27.0,0,128.0,0,0.99475,0,3.21,0,0.48,0,9.4,0,5,0
6.3,0,0.41,0,0.22,0,7.3,0,0.035,0,23.0,0,117.0,0,0.99172,0,3.2,0,0.39,0,11.94,0,7,0
8.3,0,0.22,0,0.38,0,14.8,0,0.054,0,32.0,0,126.0,0,1.0002,0,3.22,0,0.5,0,9.7,0,5,0
7.4,0,0.24,0,0.26,0,1.6,0,0.058,0,53.0,0,150.0,0,0.9936,0,3.18,0,0.5,0,9.9,0,7,0
6.5,0,0.27,0,0.19,0,6.6,0,0.045,0,98.0,1,175.0,0,0.99364,0,3.16,0,0.34,0,10.1,0,6,0
6.9,0,0.21,0,0.33,0,1.4,0,0.056,0,35.0,0,136.0,0,0.9938,0,3.63,1,0.78,1,10.3,0,6,0
7.0,0,0.19,0,0.23,0,5.7,0,0.123,1,27.0,0,104.0,0,0.9954,0,3.04,0,0.54,0,9.4,0,6,0
6.8,0,0.11,0,0.27,0,8.6,0,0.044,0,45.0,0,104.0,0,0.99454,0,3.2,0,0.37,0,9.9,0,6,0
6.4,0,0.27,0,0.45,0,8.3,0,0.05,0,52.0,0,196.0,0,0.9955,0,3.18,0,0.48,0,9.5,0,5,0
6.4,0,0.23,0,0.35,0,4.6,0,0.039,0,43.0,0,147.0,0,0.99216,0,3.18,0,0.4,0,11.0,0,7,0
5.7,0,0.335,0,0.34,0,1.0,0,0.04,0,13.0,0,174.0,0,0.992,0,3.27,0,0.66,0,10.0,0,5,0
5.6,0,0.18,0,0.29,0,2.3,0,0.04,0,5.0,0,47.0,0,0.99126,0,3.07,0,0.45,0,10.1,0,4,0
6.5,0,0.26,0,0.31,0,1.3,0,0.034,0,59.0,0,145.0,0,0.98944,0,3.16,0,0.54,0,12.4,0,6,0
6.6,0,0.5,0,0.26,0,11.3,0,0.029,0,32.0,0,110.0,0,0.99302,0,3.27,0,0.78,1,12.9,0,8,1
6.5,0,0.32,0,0.23,0,1.2,0,0.054,0,39.0,0,208.0,0,0.99272,0,3.18,0,0.46,0,9.9,0,6,0
7.7,0,0.43,0,1.0,1,19.95,0,0.032,0,42.0,0,164.0,0,0.99742,0,3.29,0,0.5,0,12.0,0,6,0
5.3,0,0.3,0,0.16,0,4.2,0,0.029,0,37.0,0,100.0,0,0.9905,0,3.3,0,0.36,0,11.8,0,8,1
6.7,0,0.16,0,0.32,0,12.5,0,0.035,0,18.0,0,156.0,0,0.99666,0,2.88,0,0.36,0,9.0,0,6,0
6.8,0,0.36,0,0.32,0,1.6,0,0.039,0,10.0,0,124.0,0,0.9948,0,3.3,0,0.67,0,9.6,0,5,0
6.7,0,0.39,0,0.31,0,2.7,0,0.054,0,27.0,0,202.0,0,0.9948,0,3.46,0,0.57,0,10.5,0,6,0
7.5,0,0.29,0,0.67,1,8.1,0,0.037,0,53.0,0,166.0,0,0.9966,0,2.9,0,0.41,0,8.9,0,6,0
6.8,0,0.19,0,0.32,0,7.05,0,0.019,0,54.0,0,188.0,0,0.9935,0,3.25,0,0.37,0,11.1,0,8,1
7.3,0,0.17,0,0.24,0,8.1,0,0.121,1,32.0,0,162.0,0,0.99508,0,3.17,0,0.38,0,10.4,0,8,1
6.4,0,0.31,0,0.31,0,12.9,0,0.045,0,55.0,0,161.0,0,0.99546,0,3.02,0,0.59,0,10.2,0,5,0
5.8,0,0.27,0,0.22,0,12.7,0,0.058,0,42.0,0,206.0,0,0.9946,0,3.32,0,0.38,0,12.3,0,6,0
5.9,0,0.26,0,0.24,0,2.4,0,0.046,0,27.0,0,132.0,0,0.99234,0,3.63,1,0.73,0,11.3,0,5,0
7.5,0,0.23,0,0.29,0,2.6,0,0.031,0,24.0,0,98.0,0,0.99194,0,3.0,0,0.54,0,10.9,0,6,0
7.8,0,0.28,0,0.22,0,1.4,0,0.056,0,24.0,0,130.0,0,0.9944,0,3.28,0,0.48,0,9.5,0,5,0
6.1,0,0.24,0,0.26,0,1.7,0,0.033,0,61.0,0,134.0,0,0.9903,0,3.19,0,0.81,1,11.9,0,7,0
5.7,0,0.22,0,0.22,0,16.65,0,0.044,0,39.0,0,110.0,0,0.99855,0,3.24,0,0.48,0,9.0,0,6,0
7.6,0,0.16,0,0.44,0,1.4,0,0.043,0,25.0,0,109.0,0,0.9932,0,3.11,0,0.75,0,10.3,0,6,0
6.4,0,0.23,0,0.35,0,4.6,0,0.039,0,43.0,0,147.0,0,0.99216,0,3.18,0,0.4,0,11.0,0,7,0
7.4,0,0.2,0,0.31,0,1.6,0,0.038,0,34.0,0,116.0,0,0.9912,0,3.25,0,0.39,0,12.0,0,7,0
6.4,0,0.3,0,0.38,0,7.8,0,0.046,0,35.0,0,192.0,0,0.9955,0,3.1,0,0.37,0,9.0,0,5,0
5.8,0,0.33,0,0.2,0,16.05,0,0.047,0,26.0,0,166.0,0,0.9976,0,3.09,0,0.46,0,8.9,0,5,0
5.7,0,0.46,0,0.46,0,1.4,0,0.04,0,31.0,0,169.0,0,0.9932,0,3.13,0,0.47,0,8.8,0,5,0
8.0,0,0.18,0,0.49,0,1.8,0,0.061,0,10.0,0,145.0,0,0.9942,0,3.23,0,0.48,0,10.0,0,5,0
6.8,0,0.33,0,0.31,0,7.4,0,0.045,0,34.0,0,143.0,0,0.99226,0,3.06,0,0.55,0,12.2,0,6,0
6.1,0,0.18,0,0.36,0,2.0,0,0.038,0,20.0,0,249.5,0,0.9923,0,3.37,0,0.79,1,11.3,0,6,0
5.7,0,0.26,0,0.27,0,4.1,0,0.201,1,73.5,0,189.5,0,0.9942,0,3.27,0,0.38,0,9.4,0,6,0
6.9,0,0.32,0,0.26,0,8.3,0,0.053,0,32.0,0,180.0,0,0.9965,0,3.25,0,0.51,0,9.2,0,6,0
7.4,0,0.33,0,0.26,0,15.6,0,0.049,0,67.0,0,210.0,0,0.99907,0,3.06,0,0.68,0,9.5,0,5,0
6.5,0,0.52,1,0.17,0,1.4,0,0.047,0,5.0,0,26.0,0,0.9932,0,3.26,0,0.32,0,10.0,0,4,0
6.6,0,0.38,0,0.15,0,4.6,0,0.044,0,25.0,0,78.0,0,0.9931,0,3.11,0,0.38,0,10.2,0,6,0
5.8,0,0.26,0,0.3,0,2.6,0,0.034,0,75.0,0,129.0,0,0.9902,0,3.2,0,0.38,0,11.5,0,4,0
6.6,0,0.22,0,0.53,0,15.1,0,0.052,0,22.0,0,136.0,0,0.9986,0,2.94,0,0.35,0,9.4,0,5,0
7.1,0,0.31,0,0.17,0,1.0,0,0.042,0,21.0,0,144.0,0,0.99304,0,3.13,0,0.4,0,9.6,0,5,0
7.6,0,0.31,0,0.26,0,1.7,0,0.073,1,40.0,0,157.0,0,0.9938,0,3.1,0,0.46,0,9.8,0,5,0
8.4,0,0.31,0,0.31,0,0.95,0,0.021,0,52.0,0,148.0,0,0.99038,0,2.93,0,0.32,0,11.5,0,5,0
6.6,0,0.37,0,0.47,0,6.5,0,0.061,0,23.0,0,150.0,0,0.9954,0,3.14,0,0.45,0,9.6,0,6,0
5.7,0,0.21,0,0.25,0,1.1,0,0.035,0,26.0,0,81.0,0,0.9902,0,3.31,0,0.52,0,11.4,0,6,0
6.6,0,0.32,0,0.27,0,10.9,0,0.041,0,37.0,0,146.0,0,0.9963,0,3.24,0,0.47,0,10.0,0,5,0
8.8,0,0.34,0,0.33,0,9.7,0,0.036,0,46.0,0,172.0,0,0.9966,0,3.08,0,0.4,0,10.2,0,5,0
6.9,0,0.3,0,0.49,0,7.6,0,0.057,0,25.0,0,156.0,0,0.9962,0,3.43,0,0.63,0,11.0,0,7,0
7.3,0,0.24,0,0.39,0,3.6,0,0.024,0,35.0,0,116.0,0,0.9928,0,3.17,0,0.51,0,10.9,0,5,0
7.5,0,0.305,0,0.4,0,18.9,0,0.059,0,44.0,0,170.0,0,1.0,0,2.99,0,0.46,0,9.0,0,5,0
6.0,0,0.22,0,0.25,0,11.1,0,0.056,0,112.0,1,177.0,0,0.9961,0,3.08,0,0.36,0,9.4,0,6,0
6.1,0,0.27,0,0.31,0,3.9,0,0.034,0,42.0,0,137.0,0,0.99218,0,3.24,0,0.46,0,10.9,0,6,0
5.9,0,0.62,1,0.28,0,3.5,0,0.039,0,55.0,0,152.0,0,0.9907,0,3.44,0,0.44,0,12.0,0,6,0
6.0,0,0.2,0,0.26,0,6.8,0,0.049,0,22.0,0,93.0,0,0.9928,0,3.15,0,0.42,0,11.0,0,6,0
5.8,0,0.38,0,0.26,0,1.1,0,0.058,0,20.0,0,140.0,0,0.99271,0,3.27,0,0.43,0,9.7,0,6,0
6.0,0,0.2,0,0.33,0,1.1,0,0.039,0,45.0,0,126.0,0,0.99051,0,3.31,0,0.45,0,11.6,0,7,0
6.1,0,0.27,0,0.33,0,2.2,0,0.021,0,26.0,0,117.0,0,0.9886,0,3.12,0,0.3,0,12.5,0,6,0
6.2,0,0.27,0,0.47,0,1.2,0,0.146,1,28.0,0,105.0,0,0.99224,0,3.23,0,0.51,0,10.1,0,5,0
8.0,0,0.23,0,0.37,0,9.6,0,0.054,0,23.0,0,159.0,0,0.99795,0,3.32,0,0.47,0,9.8,0,4,0
6.6,0,0.085,0,0.33,0,1.4,0,0.036,0,17.0,0,109.0,0,0.99306,0,3.27,0,0.61,0,9.5,0,6,0
6.1,0,0.17,0,0.28,0,2.5,0,0.028,0,22.0,0,98.0,0,0.99072,0,3.16,0,0.37,0,11.1,0,7,0
8.3,0,0.16,0,0.37,0,7.9,0,0.025,0,38.0,0,107.0,0,0.99306,0,2.93,0,0.37,0,11.9,0,6,0
6.9,0,0.21,0,0.49,0,1.4,0,0.041,0,15.0,0,164.0,0,0.9927,0,3.25,0,0.63,0,11.0,0,5,0
7.5,0,0.42,0,0.34,0,4.3,0,0.04,0,34.0,0,108.0,0,0.99155,0,3.14,0,0.45,0,12.8,0,8,1
10.0,1,0.2,0,0.39,0,1.4,0,0.05,0,19.0,0,152.0,0,0.994,0,3.0,0,0.42,0,10.4,0,6,0
6.8,0,0.19,0,0.36,0,1.9,0,0.035,0,30.0,0,96.0,0,0.9917,0,3.15,0,0.54,0,10.8,0,7,0
6.7,0,0.17,0,0.5,0,2.1,0,0.043,0,27.0,0,122.0,0,0.9923,0,3.15,0,0.45,0,10.3,0,6,0
6.9,0,0.24,0,0.39,0,1.3,0,0.063,0,18.0,0,136.0,0,0.9928,0,3.31,0,0.48,0,10.4,0,7,0
7.5,0,0.35,0,0.28,0,9.6,0,0.051,0,26.0,0,157.0,0,0.9969,0,3.12,0,0.53,0,9.2,0,6,0
6.3,0,0.27,0,0.46,0,11.75,0,0.037,0,61.0,0,212.0,0,0.9971,0,3.25,0,0.53,0,9.5,0,6,0
5.8,0,0.35,0,0.29,0,3.2,0,0.034,0,41.0,0,151.0,0,0.9912,0,3.35,0,0.58,0,11.6333333333333,0,7,0
7.0,0,0.29,0,0.33,0,0.9,0,0.041,0,20.0,0,117.0,0,0.99048,0,3.21,0,0.5,0,11.4,0,5,0
7.0,0,0.2,0,0.38,0,8.1,0,0.05,0,42.0,0,173.0,0,0.99585,0,3.3,0,0.54,0,9.8,0,6,0
6.5,0,0.39,0,0.35,0,1.6,0,0.049,0,10.0,0,164.0,0,0.99516,0,3.35,0,0.51,0,9.7,0,5,0
7.3,0,0.145,0,0.33,0,1.1,0,0.042,0,14.0,0,64.0,0,0.99012,0,3.1,0,0.37,0,11.8,0,7,0
7.9,0,0.33,0,0.26,0,1.2,0,0.044,0,23.0,0,103.0,0,0.9932,0,3.19,0,0.54,0,10.5,0,6,0
5.8,0,0.39,0,0.47,0,7.5,0,0.027,0,12.0,0,88.0,0,0.9907,0,3.38,0,0.45,0,14.0,0,6,0
8.1,0,0.31,0,0.36,0,8.2,0,0.028,0,29.0,0,142.0,0,0.9925,0,3.01,0,0.34,0,13.0,0,7,0
6.2,0,0.32,0,0.12,0,4.8,0,0.054,0,6.0,0,97.0,0,0.99424,0,3.16,0,0.5,0,9.3,0,5,0
7.4,0,0.4,0,0.29,0,5.4,0,0.044,0,31.0,0,122.0,0,0.994,0,3.3,0,0.5,0,11.1,0,8,1
8.4,0,0.28,0,0.4,0,8.9,0,0.048,0,33.0,0,146.0,0,0.9988,0,3.4,0,0.46,0,9.3,0,5,0
6.3,0,0.32,0,0.17,0,17.75,0,0.06,0,51.0,0,190.0,0,0.99916,0,3.13,0,0.48,0,8.8,0,6,0
6.4,0,0.29,0,0.3,0,6.5,0,0.209,1,62.0,0,156.0,0,0.99478,0,3.1,0,0.4,0,9.4,0,5,0
6.7,0,0.24,0,0.29,0,14.9,0,0.053,0,55.0,0,136.0,0,0.99839,0,3.03,0,0.52,0,9.0,0,5,0
7.3,0,0.22,0,0.49,0,9.4,0,0.034,0,29.0,0,134.0,0,0.9939,0,2.99,0,0.32,0,11.0,0,7,0
7.1,0,0.21,0,0.3,0,1.4,0,0.037,0,45.0,0,143.0,0,0.9932,0,3.13,0,0.33,0,9.9,0,6,0
6.8,0,0.475,0,0.33,0,3.95,0,0.047,0,16.0,0,81.0,0,0.98988,0,3.23,0,0.53,0,13.4,0,7,0
6.7,0,0.31,0,0.34,0,6.8,0,0.059,0,51.0,0,215.0,0,0.99538,0,3.33,0,0.56,0,10.3,0,5,0
7.0,0,0.15,0,0.28,0,14.7,0,0.051,0,29.0,0,149.0,0,0.99792,0,2.96,0,0.39,0,9.0,0,7,0
5.8,0,0.18,0,0.37,0,1.1,0,0.036,0,31.0,0,96.0,0,0.98942,0,3.16,0,0.48,0,12.0,0,6,0
7.1,0,0.23,0,0.35,0,16.5,0,0.04,0,60.0,0,171.0,0,0.999,0,3.16,0,0.59,0,9.1,0,6,0
7.5,0,0.13,0,0.38,0,1.1,0,0.023,0,42.0,0,104.0,0,0.99112,0,3.28,0,0.53,0,11.8,0,6,0
7.1,0,0.2,0,0.36,0,11.6,0,0.042,0,45.0,0,124.0,0,0.997,0,2.92,0,0.59,0,9.5,0,7,0
6.8,0,0.21,0,0.31,0,2.9,0,0.046,0,40.0,0,121.0,0,0.9913,0,3.07,0,0.65,0,10.9,0,7,0
6.6,0,0.38,0,0.15,0,4.6,0,0.044,0,25.0,0,78.0,0,0.9931,0,3.11,0,0.38,0,10.2,0,6,0
7.1,0,0.18,0,0.36,0,1.4,0,0.043,0,31.0,0,87.0,0,0.9898,0,3.26,0,0.37,0,12.7,0,7,0
7.8,0,0.42,0,0.23,0,8.8,0,0.054,0,42.0,0,215.0,0,0.9971,0,3.02,0,0.58,0,9.2,0,6,0
7.7,0,0.29,0,0.48,0,2.3,0,0.049,0,36.0,0,178.0,0,0.9931,0,3.17,0,0.64,0,10.6,0,6,0
6.6,0,0.32,0,0.22,0,16.7,0,0.046,0,38.0,0,133.0,0,0.9979,0,3.22,0,0.67,0,10.4,0,6,0
7.6,0,0.3,0,0.27,0,10.6,0,0.039,0,31.0,0,119.0,0,0.99815,0,3.27,0,0.3,0,9.3,0,6,0
6.9,0,0.22,0,0.32,0,5.8,0,0.041,0,20.0,0,119.0,0,0.99296,0,3.17,0,0.55,0,11.2,0,6,0
7.1,0,0.2,0,0.3,0,0.9,0,0.019,0,4.0,0,28.0,0,0.98931,0,3.2,0,0.36,0,12.0,0,6,0
5.8,0,0.33,0,0.2,0,16.05,0,0.047,0,26.0,0,166.0,0,0.9976,0,3.09,0,0.46,0,8.9,0,5,0
5.7,0,0.22,0,0.2,0,16.0,0,0.044,0,41.0,0,113.0,0,0.99862,0,3.22,0,0.46,0,8.9,0,6,0
6.0,0,0.14,0,0.17,0,5.6,0,0.036,0,37.0,0,127.0,0,0.99373,0,3.05,0,0.57,0,9.8,0,6,0
6.6,0,0.56,1,0.15,0,10.0,0,0.037,0,38.0,0,157.0,0,0.99642,0,3.28,0,0.52,0,9.4,0,5,0
8.6,0,0.16,0,0.49,0,7.3,0,0.043,0,9.0,0,63.0,0,0.9953,0,3.13,0,0.59,0,10.5,0,6,0
7.8,0,0.24,0,0.32,0,12.2,0,0.054,0,42.0,0,138.0,0,0.9984,0,3.01,0,0.54,0,8.8,0,5,0
8.2,0,0.15,0,0.48,0,2.7,0,0.052,0,24.0,0,190.0,0,0.995,0,3.5,0,0.45,0,10.9,0,7,0
6.7,0,0.43,0,0.23,0,5.0,0,0.157,1,49.0,0,145.0,0,0.99471,0,3.17,0,0.49,0,9.4,0,5,0
6.9,0,0.33,0,0.62,1,7.5,0,0.038,0,46.0,0,132.0,0,0.99143,0,3.23,0,0.43,0,13.4,0,7,0
6.3,0,0.33,0,0.2,0,5.8,0,0.04,0,24.0,0,144.0,0,0.99425,0,3.15,0,0.63,0,9.9,0,5,0
6.4,0,0.13,0,0.47,0,1.6,0,0.092,1,40.0,0,158.0,0,0.9928,0,3.21,0,0.36,0,9.8,0,6,0
6.7,0,0.34,0,0.31,0,16.4,0,0.051,0,20.0,0,146.0,0,0.99834,0,3.06,0,0.54,0,9.1,0,5,0
9.3,1,0.31,0,0.49,0,1.3,0,0.042,0,34.0,0,147.0,0,0.9948,0,3.11,0,0.46,0,9.8,0,5,0
6.4,0,0.17,0,0.27,0,6.7,0,0.036,0,88.0,1,223.0,0,0.9948,0,3.28,0,0.35,0,10.2,0,6,0
7.5,0,0.29,0,0.36,0,15.7,0,0.05,0,29.0,0,124.0,0,0.9968,0,3.06,0,0.54,0,10.4,0,5,0
6.8,0,0.28,0,0.29,0,11.9,0,0.052,0,51.0,0,149.0,0,0.99544,0,3.02,0,0.58,0,10.4,0,6,0
5.9,0,0.24,0,0.12,0,1.4,0,0.035,0,60.0,0,247.0,0,0.99358,0,3.34,0,0.44,0,9.6,0,6,0
9.8,1,0.44,0,0.4,0,2.8,0,0.036,0,35.0,0,167.0,0,0.9956,0,2.97,0,0.39,0,9.2,0,5,0
6.4,0,0.23,0,0.27,0,2.1,0,0.042,0,35.0,0,100.0,0,0.99094,0,3.03,0,0.63,0,10.9,0,6,0
6.2,0,0.32,0,0.32,0,2.2,0,0.036,0,15.0,0,70.0,0,0.9899,0,3.16,0,0.48,0,12.7,0,6,0
6.4,0,0.5,0,0.2,0,2.4,0,0.059,0,19.0,0,112.0,0,0.99314,0,3.18,0,0.4,0,9.2,0,6,0
6.0,0,0.25,0,0.28,0,2.2,0,0.026,0,54.0,0,126.0,0,0.9898,0,3.43,0,0.65,0,12.9,0,8,1
6.4,0,0.15,0,0.36,0,1.8,0,0.034,0,43.0,0,150.0,0,0.9922,0,3.42,0,0.69,0,11.0,0,8,1
6.6,0,0.27,0,0.52,0,8.1,0,0.044,0,53.0,0,202.0,0,0.99548,0,3.18,0,0.48,0,9.5,0,5,0
6.3,0,0.27,0,0.23,0,2.9,0,0.047,0,13.0,0,100.0,0,0.9936,0,3.28,0,0.43,0,9.8,0,5,0
7.6,0,0.48,0,0.31,0,9.4,0,0.046,0,6.0,0,194.0,0,0.99714,0,3.07,0,0.61,0,9.4,0,5,0
9.8,1,0.93,1,0.45,0,8.6,0,0.052,0,34.0,0,187.0,0,0.9994,0,3.12,0,0.59,0,10.2,0,4,0
7.0,0,0.2,0,0.34,0,5.7,0,0.035,0,32.0,0,83.0,0,0.9928,0,3.19,0,0.46,0,11.5,0,6,0
6.1,0,0.38,0,0.14,0,3.9,0,0.06,0,27.0,0,113.0,0,0.99344,0,3.07,0,0.34,0,9.2,0,4,0
8.8,0,0.23,0,0.35,0,10.7,0,0.04,0,26.0,0,183.0,0,0.9984,0,2.93,0,0.49,0,9.1,0,6,0
7.9,0,0.2,0,0.49,0,1.6,0,0.053,0,15.0,0,144.0,0,0.993,0,3.16,0,0.47,0,10.5,0,5,0
6.9,0,0.18,0,0.38,0,6.5,0,0.039,0,20.0,0,110.0,0,0.9943,0,3.1,0,0.42,0,10.5,0,5,0
7.6,0,0.31,0,0.24,0,1.8,0,0.037,0,39.0,0,150.0,0,0.9913,0,3.05,0,0.44,0,11.8,0,7,0
6.6,0,0.27,0,0.29,0,5.3,0,0.045,0,57.0,0,189.0,0,0.9953,0,3.31,0,0.79,1,9.8,0,5,0
5.6,0,0.28,0,0.4,0,6.1,0,0.034,0,36.0,0,118.0,0,0.99144,0,3.21,0,0.43,0,12.1,0,7,0
8.3,0,0.41,0,0.51,0,2.0,0,0.046,0,11.0,0,207.0,0,0.993,0,3.02,0,0.55,0,11.4,0,5,0
5.3,0,0.31,0,0.38,0,10.5,0,0.031,0,53.0,0,140.0,0,0.99321,0,3.34,0,0.46,0,11.7,0,6,0
7.0,0,0.36,0,0.3,0,5.0,0,0.04,0,40.0,0,143.0,0,0.99173,0,3.33,0,0.42,0,12.2,0,7,0
6.5,0,0.18,0,0.26,0,1.4,0,0.041,0,40.0,0,141.0,0,0.9941,0,3.34,0,0.72,0,9.5,0,6,0
6.5,0,0.21,0,0.4,0,7.3,0,0.041,0,49.0,0,115.0,0,0.99268,0,3.21,0,0.43,0,11.0,0,6,0
6.6,0,0.22,0,0.29,0,14.4,0,0.046,0,39.0,0,118.0,0,0.99834,0,3.05,0,0.5,0,9.1,0,6,0
7.7,0,0.27,0,0.49,0,1.8,0,0.041,0,23.0,0,86.0,0,0.9914,0,3.16,0,0.42,0,12.5,0,6,0
6.6,0,0.3,0,0.24,0,1.2,0,0.034,0,17.0,0,121.0,0,0.9933,0,3.13,0,0.36,0,9.2,0,5,0
5.8,0,0.36,0,0.26,0,3.3,0,0.038,0,40.0,0,153.0,0,0.9911,0,3.34,0,0.55,0,11.3,0,6,0
6.8,0,0.21,0,0.26,0,11.7,0,0.038,0,61.0,0,152.0,0,0.99523,0,3.02,0,0.56,0,10.5,0,7,0
6.0,0,0.2,0,0.25,0,2.0,0,0.041,0,30.0,0,95.0,0,0.99078,0,3.27,0,0.56,0,11.1,0,6,0
7.2,0,0.37,0,0.4,0,11.6,0,0.032,0,34.0,0,214.0,0,0.9963,0,3.1,0,0.51,0,9.8,0,6,0
7.1,0,0.25,0,0.49,0,3.0,0,0.03,0,30.0,0,96.0,0,0.9903,0,3.13,0,0.39,0,12.3,0,7,0
6.8,0,0.32,0,0.37,0,3.4,0,0.023,0,19.0,0,87.0,0,0.9902,0,3.14,0,0.53,0,12.7,0,6,0
7.9,0,0.16,0,0.3,0,7.4,0,0.05,0,58.0,0,152.0,0,0.99612,0,3.12,0,0.37,0,9.5,0,6,0
8.0,0,0.27,0,0.33,0,1.2,0,0.05,0,41.0,0,103.0,0,0.99002,0,3.0,0,0.45,0,12.4,0,6,0
8.2,0,0.37,0,0.36,0,1.0,0,0.034,0,17.0,0,93.0,0,0.9906,0,3.04,0,0.32,0,11.7,0,8,1
6.4,0,0.105,0,0.29,0,1.1,0,0.035,0,44.0,0,140.0,0,0.99142,0,3.17,0,0.55,0,10.7,0,7,0
7.1,0,0.2,0,0.37,0,1.5,0,0.049,0,28.0,0,129.0,0,0.99226,0,3.15,0,0.52,0,10.8,0,5,0
7.0,0,0.22,0,0.31,0,2.7,0,0.03,0,41.0,0,136.0,0,0.9898,0,3.16,0,0.37,0,12.7,0,7,0
6.6,0,0.22,0,0.23,0,17.3,0,0.047,0,37.0,0,118.0,0,0.99906,0,3.08,0,0.46,0,8.8,0,6,0
6.2,0,0.32,0,0.16,0,7.0,0,0.045,0,30.0,0,136.0,0,0.9949,0,3.18,0,0.47,0,9.6,0,6,0
6.5,0,0.26,0,0.28,0,12.5,0,0.046,0,80.0,0,225.0,0,0.99685,0,3.18,0,0.41,0,10.0,0,6,0
6.2,0,0.35,0,0.04,1,1.2,0,0.06,0,23.0,0,108.0,0,0.9934,0,3.26,0,0.54,0,9.2,0,5,0
9.2,1,0.32,0,0.42,0,1.3,0,0.046,0,14.0,0,186.0,0,0.9949,0,3.08,0,0.48,0,9.6,0,5,0
5.8,0,0.32,0,0.38,0,4.75,0,0.033,0,23.0,0,94.0,0,0.991,0,3.42,0,0.42,0,11.8,0,7,0
6.4,0,0.2,0,0.32,0,3.1,0,0.041,0,18.0,0,126.0,0,0.9914,0,3.43,0,0.42,0,12.0,0,6,0
6.3,0,0.36,0,0.2,0,2.0,0,0.048,0,48.0,0,191.0,0,0.9929,0,3.17,0,0.51,0,9.6,0,5,0
6.7,0,0.33,0,0.42,0,6.4,0,0.058,0,27.0,0,151.0,0,0.9954,0,3.16,0,0.44,0,9.6,0,5,0
7.1,0,0.18,0,0.32,0,12.2,0,0.048,0,36.0,0,125.0,0,0.9967,0,2.92,0,0.54,0,9.4,0,6,0
6.9,0,0.28,0,0.37,0,9.1,0,0.037,0,16.0,0,76.0,0,0.9948,0,3.05,0,0.54,0,11.1,0,5,0
6.9,0,0.24,0,0.37,0,6.1,0,0.027,0,38.0,0,112.0,0,0.99086,0,3.19,0,0.34,0,12.4,0,6,0
6.6,0,0.25,0,0.33,0,8.5,0,0.042,0,29.0,0,141.0,0,0.99546,0,3.28,0,0.6,0,10.4,0,5,0
6.6,0,0.24,0,0.28,0,1.8,0,0.028,0,39.0,0,132.0,0,0.99182,0,3.34,0,0.46,0,11.4,0,5,0
8.3,0,0.36,0,0.57,1,15.0,0,0.052,0,35.0,0,256.0,1,1.0001,0,2.93,0,0.64,0,8.6,0,5,0
7.8,0,0.39,0,0.26,0,9.9,0,0.059,0,33.0,0,181.0,0,0.9955,0,3.04,0,0.42,0,10.9,0,6,0
7.2,0,0.26,0,0.38,0,1.5,0,0.061,0,12.0,0,120.0,0,0.99192,0,3.18,0,0.46,0,10.4,0,5,0
6.5,0,0.26,0,0.34,0,1.4,0,0.04,0,25.0,0,184.0,0,0.99216,0,3.29,0,0.46,0,10.7,0,5,0
6.7,0,0.3,0,0.5,0,12.1,0,0.045,0,38.0,0,127.0,0,0.9974,0,3.04,0,0.53,0,8.9,0,6,0
6.4,0,0.29,0,0.44,0,3.6,0,0.2,1,75.0,0,181.0,0,0.9942,0,3.02,0,0.41,0,9.1,0,5,0
6.9,0,0.25,0,0.24,0,3.6,0,0.057,0,13.0,0,85.0,0,0.9942,0,2.99,0,0.48,0,9.5,0,4,0
7.4,0,0.22,0,0.27,0,1.6,0,0.057,0,45.0,0,98.0,0,0.99299,0,3.29,0,0.44,0,9.9,0,7,0
7.3,0,0.27,0,0.39,0,6.7,0,0.064,0,28.0,0,188.0,0,0.9958,0,3.29,0,0.3,0,9.7,0,5,0
6.5,0,0.21,0,0.28,0,1.4,0,0.046,0,26.0,0,66.0,0,0.99199,0,3.43,0,0.48,0,11.1,0,6,0
7.8,0,0.4,0,0.49,0,7.8,0,0.06,0,34.0,0,162.0,0,0.9966,0,3.26,0,0.58,0,11.3,0,6,0
7.1,0,0.2,0,0.3,0,0.9,0,0.019,0,4.0,0,28.0,0,0.98931,0,3.2,0,0.36,0,12.0,0,6,0
8.0,0,0.25,0,0.27,0,9.7,0,0.036,0,15.0,0,85.0,0,0.99406,0,2.99,0,0.36,0,11.2,0,6,0
6.3,0,0.27,0,0.46,0,11.1,0,0.053,0,44.0,0,177.0,0,0.99691,0,3.18,0,0.67,0,9.4,0,5,0
6.3,0,0.3,0,0.2,0,3.7,0,0.039,0,34.0,0,132.0,0,0.99158,0,3.0,0,0.38,0,10.7,0,5,0
6.5,0,0.18,0,0.34,0,1.6,0,0.04,0,43.0,0,148.0,0,0.9912,0,3.32,0,0.59,0,11.5,0,8,1
6.9,0,0.2,0,0.28,0,1.2,0,0.048,0,36.0,0,159.0,0,0.9936,0,3.19,0,0.43,0,9.1,0,6,0
6.4,0,0.145,0,0.49,0,5.4,0,0.048,0,54.0,0,164.0,0,0.9946,0,3.56,0,0.44,0,10.8,0,6,0
6.7,0,0.2,0,0.41,0,9.1,0,0.044,0,50.0,0,166.0,0,0.9954,0,3.14,0,0.58,0,9.8,0,6,0
7.2,0,0.115,0,0.3,0,6.8,0,0.056,0,26.0,0,105.0,0,0.9954,0,3.44,0,0.4,0,9.6,0,6,0
6.8,0,0.21,0,0.55,1,14.6,0,0.053,0,34.0,0,159.0,0,0.99805,0,2.93,0,0.44,0,9.2,0,5,0
7.1,0,0.44,0,0.27,0,8.4,0,0.057,0,60.0,0,160.0,0,0.99257,0,3.16,0,0.36,0,11.8,0,6,0
7.4,0,0.19,0,0.42,0,6.4,0,0.067,0,39.0,0,212.0,0,0.9958,0,3.3,0,0.33,0,9.6,0,6,0
6.9,0,0.3,0,0.36,0,4.5,0,0.054,0,31.0,0,203.0,0,0.99513,0,3.4,0,0.57,0,10.4,0,4,0
6.2,0,0.25,0,0.25,0,1.4,0,0.03,0,35.0,0,105.0,0,0.9912,0,3.3,0,0.44,0,11.1,0,7,0
6.4,0,0.37,0,0.12,0,5.9,0,0.056,0,6.0,0,91.0,0,0.99536,0,3.06,0,0.46,0,8.4,0,4,0
6.8,0,0.29,0,0.34,0,3.5,0,0.054,0,26.0,0,189.0,0,0.99489,0,3.42,0,0.58,0,10.4,0,5,0
7.2,0,0.2,0,0.34,0,2.7,0,0.032,0,49.0,0,151.0,0,0.99,0,3.16,0,0.39,0,12.7,0,7,0
6.8,0,0.32,0,0.37,0,3.4,0,0.023,0,19.0,0,87.0,0,0.9902,0,3.14,0,0.53,0,12.7,0,6,0
6.2,0,0.28,0,0.28,0,4.3,0,0.026,0,22.0,0,105.0,0,0.989,0,2.98,0,0.64,0,13.1,0,8,1
6.7,0,0.31,0,0.31,0,4.9,0,0.031,0,20.0,0,151.0,0,0.9926,0,3.36,0,0.82,1,12.0,0,7,0
9.0,1,0.24,0,0.5,0,1.2,0,0.048,0,26.0,0,107.0,0,0.9918,0,3.21,0,0.34,0,12.4,0,6,0
7.6,0,0.48,0,0.37,0,1.2,0,0.034,0,5.0,0,57.0,0,0.99256,0,3.05,0,0.54,0,10.4,0,3,1
7.4,0,0.21,0,0.27,0,1.2,0,0.041,0,27.0,0,99.0,0,0.9927,0,3.19,0,0.33,0,9.8,0,6,0
6.8,0,0.25,0,0.27,0,10.7,0,0.076,1,47.0,0,154.0,0,0.9967,0,3.05,0,0.38,0,9.0,0,5,0
7.3,0,0.31,0,0.69,1,10.2,0,0.041,0,58.0,0,160.0,0,0.9977,0,3.06,0,0.45,0,8.6,0,5,0
6.3,0,0.35,0,0.3,0,5.7,0,0.035,0,8.0,0,97.0,0,0.9927,0,3.27,0,0.41,0,11.0,0,7,0
6.3,0,0.33,0,0.27,0,1.2,0,0.046,0,34.0,0,175.0,0,0.9934,0,3.37,0,0.54,0,9.4,0,6,0
6.7,0,0.36,0,0.28,0,8.3,0,0.034,0,29.0,0,81.0,0,0.99151,0,2.96,0,0.39,0,12.5,0,6,0
5.0,0,0.17,0,0.56,1,1.5,0,0.026,0,24.0,0,115.0,0,0.9906,0,3.48,0,0.39,0,10.8,0,7,0
5.7,0,0.22,0,0.22,0,16.65,0,0.044,0,39.0,0,110.0,0,0.99855,0,3.24,0,0.48,0,9.0,0,6,0
7.4,0,0.28,0,0.5,0,12.1,0,0.049,0,48.0,0,122.0,0,0.9973,0,3.01,0,0.44,0,9.0,0,5,0
6.2,0,0.26,0,0.19,0,3.4,0,0.049,0,47.0,0,172.0,0,0.9924,0,3.14,0,0.43,0,10.4,0,6,0
6.7,0,0.11,0,0.26,0,14.8,0,0.053,0,44.0,0,95.0,0,0.99676,0,3.2,0,0.35,0,9.8,0,6,0
5.4,0,0.27,0,0.22,0,4.6,0,0.022,0,29.0,0,107.0,0,0.98889,0,3.33,0,0.54,0,13.8,0,6,0
6.8,0,0.27,0,0.32,0,1.5,0,0.044,0,19.0,0,142.0,0,0.9921,0,3.1,0,0.43,0,9.9,0,6,0
7.1,0,0.31,0,0.25,0,11.2,0,0.048,0,32.0,0,136.0,0,0.99663,0,3.14,0,0.4,0,9.5,0,5,0
7.8,0,0.3,0,0.74,1,1.8,0,0.033,0,33.0,0,156.0,0,0.991,0,3.29,0,0.52,0,12.8,0,6,0
7.7,0,0.43,0,0.28,0,4.5,0,0.046,0,33.0,0,102.0,0,0.9918,0,3.16,0,0.56,0,12.2,0,7,0
7.3,0,0.25,0,0.36,0,13.1,0,0.05,0,35.0,0,200.0,0,0.9986,0,3.04,0,0.46,0,8.9,0,7,0
8.2,0,0.27,0,0.43,0,1.6,0,0.035,0,31.0,0,128.0,0,0.9916,0,3.1,0,0.5,0,12.3,0,6,0
6.6,0,0.19,0,0.43,0,10.9,0,0.045,0,53.0,0,154.0,0,0.99752,0,3.52,0,0.77,1,10.4,0,6,0
6.8,0,0.21,0,0.36,0,18.1,0,0.046,0,32.0,0,133.0,0,1.0,0,3.27,0,0.48,0,8.8,0,5,0
8.4,0,0.36,0,0.36,0,11.1,0,0.032,0,21.0,0,132.0,0,0.99313,0,2.95,0,0.39,0,13.0,0,6,0
6.9,0,0.21,0,0.62,1,6.3,0,0.042,0,7.0,0,109.0,0,0.99358,0,2.96,0,0.59,0,10.2,0,6,0
6.6,0,0.16,0,0.3,0,1.6,0,0.034,0,15.0,0,78.0,0,0.992,0,3.38,0,0.44,0,11.2,0,6,0
6.4,0,0.28,0,0.29,0,1.6,0,0.052,0,34.0,0,127.0,0,0.9929,0,3.48,0,0.56,0,10.5,0,7,0
6.3,0,0.33,0,0.2,0,17.9,0,0.066,0,36.0,0,161.0,0,0.9991,0,3.14,0,0.51,0,8.8,0,5,0
9.0,1,0.2,0,0.33,0,3.5,0,0.049,0,10.0,0,40.0,0,0.9944,0,3.14,0,0.36,0,9.8,0,6,0
6.6,0,0.2,0,0.32,0,1.1,0,0.039,0,25.0,0,78.0,0,0.9926,0,3.39,0,0.54,0,10.2,0,7,0
8.2,0,0.17,0,0.32,0,1.5,0,0.05,0,17.0,0,101.0,0,0.994,0,3.14,0,0.58,0,9.5,0,5,0
6.5,0,0.21,0,0.37,0,2.5,0,0.048,0,70.0,0,138.0,0,0.9917,0,3.33,0,0.75,0,11.4,0,7,0
6.3,0,0.24,0,0.29,0,1.6,0,0.052,0,48.0,0,185.0,0,0.9934,0,3.21,0,0.5,0,9.4,0,5,0
7.3,0,0.13,0,0.31,0,2.3,0,0.054,0,22.0,0,104.0,0,0.9924,0,3.24,0,0.92,1,11.5,0,7,0
7.0,0,0.28,0,0.28,0,1.4,0,0.039,0,12.0,0,83.0,0,0.99173,0,3.18,0,0.65,0,11.1,0,5,0
5.7,0,0.18,0,0.36,0,1.2,0,0.046,0,9.0,0,71.0,0,0.99199,0,3.7,1,0.68,0,10.9,0,7,0
6.3,0,0.22,0,0.57,1,1.4,0,0.208,1,14.0,0,96.0,0,0.9932,0,3.16,0,0.43,0,10.0,0,6,0
7.3,0,0.28,0,0.36,0,12.7,0,0.04,0,38.0,0,140.0,0,0.998,0,3.3,0,0.79,1,9.6,0,6,0
6.5,0,0.18,0,0.33,0,1.4,0,0.029,0,35.0,0,138.0,0,0.99114,0,3.36,0,0.6,0,11.5,0,7,0
6.5,0,0.22,0,0.25,0,17.1,0,0.05,0,44.0,0,138.0,0,1.0001,0,3.3,0,0.37,0,8.8,0,5,0
6.5,0,0.29,0,0.42,0,10.6,0,0.042,0,66.0,0,202.0,0,0.99674,0,3.24,0,0.53,0,9.5,0,6,0
7.0,0,0.12,0,0.29,0,10.3,0,0.039,0,41.0,0,98.0,0,0.99564,0,3.19,0,0.38,0,9.8,0,8,1
6.2,0,0.29,0,0.23,0,12.4,0,0.048,0,33.0,0,201.0,0,0.99612,0,3.11,0,0.56,0,9.9,0,6,0
4.7,1,0.335,0,0.14,0,1.3,0,0.036,0,69.0,0,168.0,0,0.99212,0,3.47,0,0.46,0,10.5,0,5,0
7.4,0,0.28,0,0.36,0,14.6,0,0.048,0,35.0,0,161.0,0,0.9968,0,3.14,0,0.56,0,10.6,0,5,0
7.9,0,0.29,0,0.31,0,7.35,0,0.034,0,37.0,0,154.0,0,0.9938,0,3.06,0,0.31,0,10.8,0,5,0
7.0,0,0.14,0,0.28,0,1.3,0,0.026,0,10.0,0,56.0,0,0.99352,0,3.46,0,0.45,0,9.9,0,5,0
5.0,0,0.24,0,0.34,0,1.1,0,0.034,0,49.0,0,158.0,0,0.98774,0,3.32,0,0.32,0,13.1,0,7,0
6.7,0,0.13,0,0.45,0,4.2,0,0.043,0,52.0,0,131.0,0,0.99162,0,3.06,0,0.54,0,11.3,0,6,0
5.6,0,0.185,0,0.19,0,7.1,0,0.048,0,36.0,0,110.0,0,0.99438,0,3.26,0,0.41,0,9.5,0,6,0
6.0,0,0.17,0,0.29,0,9.7,0,0.044,0,33.0,0,98.0,0,0.99536,0,3.12,0,0.36,0,9.2,0,6,0
6.8,0,0.29,0,0.5,0,13.3,0,0.053,0,48.0,0,194.0,0,0.9974,0,3.09,0,0.45,0,9.4,0,5,0
7.6,0,0.23,0,0.34,0,1.6,0,0.043,0,24.0,0,129.0,0,0.99305,0,3.12,0,0.7,0,10.4,0,5,0
7.6,0,0.33,0,0.41,0,13.7,0,0.045,0,44.0,0,197.0,0,0.9989,0,3.18,0,0.64,0,9.1,0,5,0
7.0,0,0.14,0,0.41,0,0.9,0,0.037,0,22.0,0,95.0,0,0.9914,0,3.25,0,0.43,0,10.9,0,6,0
8.0,0,0.22,0,0.28,0,14.0,0,0.053,0,83.0,1,197.0,0,0.9981,0,3.14,0,0.45,0,9.8,0,6,0
6.6,0,0.28,0,0.42,0,8.2,0,0.044,0,60.0,0,196.0,0,0.99562,0,3.14,0,0.48,0,9.4,0,5,0
6.3,0,0.32,0,0.35,0,11.1,0,0.039,0,29.0,0,198.0,0,0.9984,0,3.36,0,0.5,0,9.4,0,7,0
6.9,0,0.27,0,0.25,0,7.5,0,0.03,0,18.0,0,117.0,0,0.99116,0,3.09,0,0.38,0,13.0,0,6,0
7.1,0,0.85,1,0.49,0,8.7,0,0.028,0,40.0,0,184.0,0,0.9962,0,3.22,0,0.36,0,10.7,0,5,0
7.2,0,0.21,0,1.0,1,1.1,0,0.154,1,46.0,0,114.0,0,0.9931,0,2.95,0,0.43,0,9.2,0,6,0
7.9,0,0.37,0,0.3,0,2.7,0,0.029,0,64.0,0,158.0,0,0.9916,0,3.12,0,0.59,0,12.0,0,7,0
6.0,0,0.21,0,0.24,0,12.1,0,0.05,0,55.0,0,164.0,0,0.997,0,3.34,0,0.39,0,9.4,0,5,0
8.2,0,0.36,0,0.29,0,7.6,0,0.035,0,37.0,0,122.0,0,0.9939,0,3.16,0,0.34,0,12.0,0,5,0
7.0,0,0.24,0,0.24,0,9.0,0,0.03,0,42.0,0,219.0,0,0.99636,0,3.47,0,0.46,0,10.2,0,6,0
9.6,1,0.29,0,0.46,0,1.45,0,0.039,0,77.5,0,223.0,0,0.9944,0,2.92,0,0.46,0,9.5,0,6,0
6.0,0,0.41,0,0.23,0,1.1,0,0.066,0,22.0,0,148.0,0,0.99266,0,3.3,0,0.47,0,9.63333333333333,0,5,0
7.2,0,0.14,0,0.32,0,1.1,0,0.022,0,48.0,0,116.0,0,0.99218,0,3.04,0,0.67,0,10.0,0,6,0
6.7,0,0.27,0,0.33,0,3.6,0,0.034,0,9.0,0,45.0,0,0.99144,0,3.08,0,0.4,0,10.5,0,6,0
7.4,0,0.35,0,0.24,0,6.0,0,0.042,0,28.0,0,123.0,0,0.99304,0,3.14,0,0.44,0,11.3,0,5,0
7.15,0,0.17,0,0.24,0,9.6,0,0.119,1,56.0,0,178.0,0,0.99578,0,3.15,0,0.44,0,10.2,0,6,0
6.5,0,0.26,0,0.34,0,1.4,0,0.04,0,25.0,0,184.0,0,0.99216,0,3.29,0,0.46,0,10.7,0,5,0
6.8,0,0.28,0,0.43,0,7.6,0,0.03,0,30.0,0,110.0,0,0.99164,0,3.08,0,0.59,0,12.5,0,8,1
6.7,0,0.48,0,0.32,0,1.4,0,0.021,0,22.0,0,121.0,0,0.9889,0,3.15,0,0.53,0,12.7,0,7,0
8.1,0,0.3,0,0.49,0,12.3,0,0.049,0,50.0,0,144.0,0,0.9971,0,3.09,0,0.57,0,10.2,0,7,0
6.6,0,0.22,0,0.23,0,17.3,0,0.047,0,37.0,0,118.0,0,0.99906,0,3.08,0,0.46,0,8.8,0,6,0
6.3,0,0.41,0,0.33,0,4.7,0,0.023,0,28.0,0,110.0,0,0.991,0,3.3,0,0.38,0,12.5,0,7,0
9.8,1,0.31,0,0.49,0,15.4,0,0.046,0,13.0,0,119.0,0,1.0004,0,3.18,0,0.45,0,9.5,0,5,0
7.3,0,0.19,0,0.27,0,13.9,0,0.057,0,45.0,0,155.0,0,0.99807,0,2.94,0,0.41,0,8.8,0,8,1
6.1,0,0.2,0,0.17,0,1.6,0,0.048,0,46.0,0,129.0,0,0.991,0,3.3,0,0.43,0,11.4,0,6,0
7.3,0,0.22,0,0.41,0,15.4,0,0.05,0,55.0,0,191.0,0,1.0,0,3.32,0,0.59,0,8.9,0,6,0
8.1,0,0.2,0,0.3,0,1.3,0,0.036,0,7.0,0,49.0,0,0.99242,0,2.99,0,0.73,0,10.3,0,5,0
6.4,0,0.27,0,0.29,0,3.9,0,0.034,0,62.0,0,140.0,0,0.99237,0,3.1,0,0.59,0,11.1,0,6,0
6.7,0,0.41,0,0.27,0,2.6,0,0.033,0,25.0,0,85.0,0,0.99086,0,3.05,0,0.34,0,11.7,0,6,0
7.2,0,0.24,0,0.4,0,17.85,0,0.049,0,50.0,0,185.0,0,1.0,0,3.34,0,0.42,0,9.6,0,5,0
7.5,0,0.26,0,0.52,0,13.2,0,0.047,0,64.0,0,179.0,0,0.9982,0,3.1,0,0.46,0,9.0,0,5,0
8.2,0,0.28,0,0.42,0,1.8,0,0.031,0,30.0,0,93.0,0,0.9917,0,3.09,0,0.39,0,11.4,0,5,0
6.2,0,0.3,0,0.31,0,1.2,0,0.048,0,19.0,0,125.0,0,0.98999,0,3.32,0,0.54,0,12.6,0,6,0
8.1,0,0.26,0,0.37,0,1.9,0,0.072,1,48.0,0,159.0,0,0.9949,0,3.37,0,0.7,0,10.9,0,6,0
7.4,0,0.36,0,0.32,0,1.9,0,0.036,0,27.0,0,119.0,0,0.99196,0,3.15,0,0.49,0,11.2,0,6,0
7.0,0,0.22,0,0.39,0,2.1,0,0.055,0,39.0,0,198.0,0,0.9951,0,3.52,0,0.54,0,10.2,0,6,0
6.2,0,0.3,0,0.17,0,2.8,0,0.04,0,24.0,0,125.0,0,0.9939,0,3.01,0,0.46,0,9.0,0,5,0
6.8,0,0.18,0,0.3,0,12.8,0,0.062,0,19.0,0,171.0,0,0.99808,0,3.0,0,0.52,0,9.0,0,7,0
7.3,0,0.21,0,0.49,0,1.8,0,0.038,0,44.0,0,152.0,0,0.9912,0,3.32,0,0.44,0,12.6,0,7,0
6.8,0,0.25,0,0.37,0,3.1,0,0.026,0,29.0,0,93.0,0,0.99035,0,3.14,0,0.45,0,12.2,0,6,0
8.4,0,0.18,0,0.42,0,5.1,0,0.036,0,7.0,0,77.0,0,0.9939,0,3.16,0,0.52,0,11.7,0,5,0
6.9,0,0.22,0,0.49,0,7.0,0,0.063,0,50.0,0,168.0,0,0.9957,0,3.54,0,0.5,0,10.3,0,6,0
6.3,0,0.43,0,0.32,0,8.8,0,0.042,0,18.0,0,106.0,0,0.99172,0,3.28,0,0.33,0,12.9,0,7,0
6.9,0,0.26,0,0.38,0,10.5,0,0.044,0,33.0,0,139.0,0,0.99517,0,3.06,0,0.5,0,10.3,0,6,0
7.2,0,0.28,0,0.26,0,12.5,0,0.046,0,48.0,0,179.0,0,0.9975,0,3.1,0,0.52,0,9.0,0,6,0
5.6,0,0.21,0,0.24,0,4.4,0,0.027,0,37.0,0,150.0,0,0.991,0,3.3,0,0.31,0,11.5,0,7,0
7.4,0,0.27,0,0.26,0,11.8,0,0.053,0,55.0,0,173.0,0,0.99699,0,3.11,0,0.6,0,9.8,0,5,0
6.9,0,0.19,0,0.35,0,6.9,0,0.045,0,51.0,0,125.0,0,0.9933,0,3.1,0,0.44,0,10.7,0,7,0
7.3,0,0.26,0,0.3,0,9.3,0,0.05,0,35.0,0,154.0,0,0.99581,0,3.21,0,0.5,0,10.4,0,6,0
8.4,0,0.17,0,0.31,0,5.4,0,0.052,0,47.0,0,150.0,0,0.9953,0,3.24,0,0.38,0,9.8,0,5,0
7.4,0,0.29,0,0.48,0,12.8,0,0.037,0,61.5,0,182.0,0,0.99808,0,3.02,0,0.34,0,8.8,0,5,0
7.4,0,0.18,0,0.29,0,1.4,0,0.042,0,34.0,0,101.0,0,0.99384,0,3.54,0,0.6,0,10.5,0,7,0
4.8,0,0.33,0,0.0,1,6.5,0,0.028,0,34.0,0,163.0,0,0.9937,0,3.35,0,0.61,0,9.9,0,5,0
9.7,1,0.24,0,0.49,0,4.9,0,0.032,0,3.0,0,18.0,1,0.99368,0,2.85,0,0.54,0,10.0,0,6,0
6.7,0,0.28,0,0.34,0,8.9,0,0.048,0,32.0,0,111.0,0,0.99455,0,3.25,0,0.54,0,11.0,0,7,0
7.8,0,0.28,0,0.34,0,1.6,0,0.028,0,32.0,0,118.0,0,0.9901,0,3.0,0,0.38,0,12.1,0,7,0
7.8,0,0.3,0,0.29,0,16.85,0,0.054,0,23.0,0,135.0,0,0.9998,0,3.16,0,0.38,0,9.0,0,6,0
5.0,0,0.33,0,0.16,0,1.5,0,0.049,0,10.0,0,97.0,0,0.9917,0,3.48,0,0.44,0,10.7,0,6,0
6.8,0,0.24,0,0.31,0,18.3,0,0.046,0,40.0,0,142.0,0,1.0,0,3.3,0,0.41,0,8.7,0,5,0
6.1,0,0.19,0,0.37,0,2.6,0,0.041,0,24.0,0,99.0,0,0.99153,0,3.18,0,0.5,0,10.9,0,6,0
7.0,0,0.31,0,0.26,0,7.4,0,0.069,0,28.0,0,160.0,0,0.9954,0,3.13,0,0.46,0,9.8,0,6,0
6.3,0,0.27,0,0.29,0,12.2,0,0.044,0,59.0,0,196.0,0,0.99782,0,3.14,0,0.4,0,8.8,0,6,0
8.4,0,0.4,0,0.7,1,13.1,0,0.042,0,29.0,0,197.0,0,0.998,0,3.06,0,0.64,0,9.7,0,5,0
7.1,0,0.26,0,0.34,0,14.4,0,0.067,0,35.0,0,189.0,0,0.9986,0,3.07,0,0.53,0,9.1,0,7,0
7.7,0,0.18,0,0.53,0,1.2,0,0.041,0,42.0,0,167.0,0,0.9908,0,3.11,0,0.44,0,11.9,0,5,0
6.9,0,0.18,0,0.38,0,8.1,0,0.049,0,44.0,0,176.0,0,0.9958,0,3.3,0,0.54,0,9.8,0,6,0
6.9,0,0.34,0,0.74,1,11.2,0,0.069,0,44.0,0,150.0,0,0.9968,0,3.0,0,0.81,1,9.2,0,5,0
8.0,0,0.33,0,0.35,0,10.0,0,0.035,0,22.0,0,108.0,0,0.99457,0,3.12,0,0.36,0,11.6,0,6,0
6.5,0,0.43,0,0.31,0,3.6,0,0.046,0,19.0,0,143.0,0,0.99022,0,3.15,0,0.34,0,12.0,0,8,1
6.7,0,0.42,0,0.46,0,9.7,0,0.054,0,67.0,0,234.0,0,0.99848,0,3.23,0,0.5,0,9.0,0,5,0
6.9,0,0.18,0,0.36,0,1.3,0,0.036,0,40.0,0,117.0,0,0.9934,0,3.27,0,0.95,1,9.5,0,7,0
6.7,0,0.2,0,0.42,0,14.0,0,0.038,0,83.0,1,160.0,0,0.9987,0,3.16,0,0.5,0,9.4,0,6,0
7.3,0,0.19,0,0.49,0,15.55,0,0.058,0,50.0,0,134.0,0,0.9998,0,3.42,0,0.36,0,9.1,0,7,0
6.9,0,0.24,0,0.33,0,1.7,0,0.035,0,47.0,0,136.0,0,0.99,0,3.26,0,0.4,0,12.6,0,7,0
6.9,0,0.23,0,0.32,0,16.4,0,0.045,0,62.0,0,153.0,0,0.9972,0,3.22,0,0.42,0,10.5,0,5,0
6.6,0,0.22,0,0.23,0,17.3,0,0.047,0,37.0,0,118.0,0,0.99906,0,3.08,0,0.46,0,8.8,0,6,0
8.3,0,0.26,0,0.31,0,2.0,0,0.029,0,14.0,0,141.0,0,0.99077,0,2.95,0,0.77,1,12.2,0,6,0
9.0,1,0.26,0,0.34,0,6.7,0,0.029,0,21.0,0,162.0,0,0.99497,0,3.08,0,0.5,0,10.6,0,6,0
5.6,0,0.185,0,0.49,0,1.1,0,0.03,0,28.0,0,117.0,0,0.9918,0,3.55,0,0.45,0,10.3,0,6,0
6.7,0,0.21,0,0.36,0,8.55,0,0.02,0,20.0,0,86.0,0,0.99146,0,3.19,0,0.22,0,13.4,0,7,0
6.8,0,0.28,0,0.35,0,2.3,0,0.042,0,16.0,0,85.0,0,0.9906,0,3.19,0,0.56,0,12.4,0,6,0
6.0,0,0.33,0,0.27,0,0.8,0,0.185,1,12.0,0,188.0,0,0.9924,0,3.12,0,0.62,0,9.4,0,5,0
6.6,0,0.26,0,0.21,0,2.9,0,0.026,0,48.0,0,126.0,0,0.99089,0,3.22,0,0.38,0,11.3,0,7,0
6.9,0,0.3,0,0.3,0,1.3,0,0.053,0,24.0,0,186.0,0,0.99361,0,3.29,0,0.54,0,9.9,0,4,0
7.2,0,0.4,0,0.24,0,8.5,0,0.055,0,45.0,0,151.0,0,0.99626,0,3.2,0,0.52,0,9.2,0,5,0
6.1,0,0.34,0,0.31,0,12.0,0,0.053,0,46.0,0,238.0,0,0.9977,0,3.16,0,0.48,0,8.6,0,5,0
5.4,0,0.15,0,0.32,0,2.5,0,0.037,0,10.0,0,51.0,0,0.98878,0,3.04,0,0.58,0,12.6,0,6,0
6.1,0,0.68,1,0.52,0,1.4,0,0.037,0,32.0,0,123.0,0,0.99022,0,3.24,0,0.45,0,12.0,0,6,0
6.1,0,0.15,0,0.4,0,1.2,0,0.03,0,19.0,0,84.0,0,0.98926,0,3.19,0,0.96,1,13.0,0,6,0
7.2,0,0.37,0,0.15,0,2.0,0,0.029,0,27.0,0,87.0,0,0.9903,0,3.3,0,0.59,0,12.6,0,7,0
7.6,0,0.38,0,0.28,0,4.2,0,0.029,0,7.0,0,112.0,0,0.9906,0,3.0,0,0.41,0,12.6,0,6,0
5.9,0,0.435,0,0.16,0,6.4,0,0.031,0,21.0,0,134.0,0,0.99151,0,3.24,0,0.46,0,12.2,0,6,0
6.4,0,0.26,0,0.21,0,8.2,0,0.05,0,51.0,0,182.0,0,0.99542,0,3.23,0,0.48,0,9.5,0,5,0
6.1,0,0.17,0,0.21,0,1.9,0,0.09,1,44.0,0,130.0,0,0.99255,0,3.07,0,0.41,0,9.7,0,5,0
5.6,0,0.34,0,0.1,1,1.3,0,0.031,0,20.0,0,68.0,0,0.9906,0,3.36,0,0.51,0,11.2,0,7,0
6.5,0,0.41,0,0.64,1,11.8,0,0.065,0,65.0,0,225.0,0,0.9978,0,3.12,0,0.51,0,8.9,0,5,0
6.2,0,0.22,0,0.3,0,12.4,0,0.054,0,108.0,1,152.0,0,0.99728,0,3.1,0,0.47,0,9.5,0,6,0
7.3,0,0.155,0,0.49,0,1.3,0,0.039,0,34.0,0,136.0,0,0.9926,0,3.14,0,0.77,1,10.5,0,6,0
4.8,0,0.13,0,0.32,0,1.2,0,0.042,0,40.0,0,98.0,0,0.9898,0,3.42,0,0.64,0,11.8,0,7,0
6.5,0,0.28,0,0.29,0,2.7,0,0.038,0,26.0,0,107.0,0,0.9912,0,3.32,0,0.41,0,11.6,0,7,0
7.4,0,0.24,0,0.29,0,10.1,0,0.05,0,21.0,0,105.0,0,0.9962,0,3.13,0,0.35,0,9.5,0,5,0
6.1,0,0.22,0,0.49,0,1.5,0,0.051,0,18.0,0,87.0,0,0.9928,0,3.3,0,0.46,0,9.6,0,5,0
6.6,0,0.24,0,0.27,0,10.3,0,0.047,0,54.0,0,219.0,0,0.99742,0,3.04,0,0.45,0,8.8,0,5,0
6.7,0,0.27,0,0.69,1,1.2,0,0.176,1,36.0,0,106.0,0,0.99288,0,2.96,0,0.43,0,9.2,0,6,0
6.8,0,0.19,0,0.23,0,5.1,0,0.034,0,71.0,0,204.0,0,0.9942,0,3.23,0,0.69,0,10.1,0,5,0
7.0,0,0.36,0,0.35,0,2.5,0,0.048,0,67.0,0,161.0,0,0.99146,0,3.05,0,0.56,0,11.1,0,6,0
6.5,0,0.24,0,0.32,0,7.6,0,0.038,0,48.0,0,203.0,0,0.9958,0,3.45,0,0.54,0,9.7,0,7,0
6.0,0,0.67,1,0.07,1,1.2,0,0.06,0,9.0,0,108.0,0,0.9931,0,3.11,0,0.35,0,8.7,0,4,0
6.9,0,0.31,0,0.32,0,1.6,0,0.036,0,34.0,0,114.0,0,0.99068,0,3.19,0,0.45,0,11.4,0,7,0
5.6,0,0.26,0,0.5,0,11.4,0,0.029,0,25.0,0,93.0,0,0.99428,0,3.23,0,0.49,0,10.5,0,6,0
7.8,0,0.25,0,0.34,0,13.7,0,0.044,0,66.0,0,184.0,0,0.99976,0,3.22,0,0.75,0,8.9,0,5,0
6.0,0,0.43,0,0.34,0,7.6,0,0.045,0,25.0,0,118.0,0,0.99222,0,3.03,0,0.37,0,11.0,0,6,0
8.2,0,0.18,0,0.31,0,11.8,0,0.039,0,96.0,1,249.0,0,0.9976,0,3.07,0,0.52,0,9.5,0,6,0
7.6,0,0.17,0,0.35,0,1.6,0,0.047,0,43.0,0,154.0,0,0.9934,0,3.36,0,0.69,0,11.1,0,6,0
6.6,0,0.56,1,0.15,0,10.0,0,0.037,0,38.0,0,157.0,0,0.99642,0,3.28,0,0.52,0,9.4,0,5,0
6.2,0,0.28,0,0.57,1,1.0,0,0.043,0,50.0,0,92.0,0,0.99004,0,3.17,0,0.36,0,11.5,0,6,0
6.3,0,0.26,0,0.49,0,1.5,0,0.052,0,34.0,0,134.0,0,0.9924,0,2.99,0,0.61,0,9.8,0,6,0
7.3,0,0.22,0,0.5,0,13.7,0,0.049,0,56.0,0,189.0,0,0.9994,0,3.24,0,0.66,0,9.0,0,6,0
7.0,0,0.25,0,0.32,0,9.0,0,0.046,0,56.0,0,245.0,0,0.9955,0,3.25,0,0.5,0,10.4,0,6,0
6.6,0,0.27,0,0.25,0,3.1,0,0.052,0,41.0,0,188.0,0,0.9915,0,3.24,0,0.4,0,11.3,0,5,0
6.4,0,0.22,0,0.38,0,9.1,0,0.044,0,35.0,0,127.0,0,0.99326,0,2.97,0,0.3,0,11.0,0,7,0
6.8,0,0.27,0,0.22,0,17.8,0,0.034,0,16.0,0,116.0,0,0.9989,0,3.07,0,0.53,0,9.2,0,5,0
6.3,0,0.22,0,0.43,0,4.55,0,0.038,0,31.0,0,130.0,0,0.9918,0,3.35,0,0.33,0,11.5,0,7,0
8.2,0,0.26,0,0.49,0,5.2,0,0.04,0,19.0,0,100.0,0,0.9941,0,3.12,0,0.34,0,10.1,0,6,0
6.6,0,0.16,0,0.32,0,1.4,0,0.035,0,49.0,0,186.0,0,0.9906,0,3.35,0,0.64,0,12.4,0,8,1
6.8,0,0.24,0,0.34,0,4.6,0,0.032,0,37.0,0,135.0,0,0.9927,0,3.2,0,0.39,0,10.6,0,5,0
6.6,0,0.2,0,0.27,0,10.9,0,0.038,0,29.0,0,130.0,0,0.99496,0,3.11,0,0.44,0,10.5,0,7,0
8.3,0,0.21,0,0.49,0,19.8,0,0.054,0,50.0,0,231.0,0,1.0012,0,2.99,0,0.54,0,9.2,0,5,0
6.4,0,0.26,0,0.42,0,9.7,0,0.044,0,30.0,0,140.0,0,0.9962,0,3.18,0,0.47,0,9.1,0,6,0
6.2,0,0.36,0,0.38,0,3.2,0,0.031,0,20.0,0,89.0,0,0.98956,0,3.06,0,0.33,0,12.0,0,7,0
7.8,0,0.32,0,0.33,0,10.4,0,0.031,0,47.0,0,194.0,0,0.99692,0,3.07,0,0.58,0,9.6,0,6,0
7.4,0,0.2,0,0.37,0,16.95,0,0.048,0,43.0,0,190.0,0,0.9995,0,3.03,0,0.42,0,9.2,0,6,0
6.3,0,0.22,0,0.33,0,1.7,0,0.041,0,67.0,0,164.0,0,0.9928,0,3.32,0,0.56,0,10.4,0,6,0
7.0,0,0.21,0,0.34,0,8.0,0,0.057,0,19.0,0,101.0,0,0.9954,0,2.99,0,0.59,0,9.4,0,5,0
6.3,0,0.32,0,0.17,0,17.75,0,0.06,0,51.0,0,190.0,0,0.99916,0,3.13,0,0.48,0,8.8,0,6,0
6.6,0,0.13,0,0.3,0,4.9,0,0.058,0,47.0,0,131.0,0,0.9946,0,3.51,0,0.45,0,10.3,0,6,0
6.6,0,0.26,0,0.27,0,11.8,0,0.048,0,28.0,0,112.0,0,0.99606,0,2.87,0,0.49,0,9.7,0,6,0
6.1,0,0.22,0,0.5,0,6.6,0,0.045,0,30.0,0,122.0,0,0.99415,0,3.22,0,0.49,0,9.9,0,6,0
6.5,0,0.24,0,0.24,0,1.6,0,0.046,0,15.0,0,60.0,0,0.9928,0,3.19,0,0.39,0,9.8,0,5,0
7.2,0,0.23,0,0.39,0,2.3,0,0.033,0,29.0,0,102.0,0,0.9908,0,3.26,0,0.54,0,12.3,0,7,0
6.5,0,0.25,0,0.27,0,17.4,0,0.064,0,29.0,0,140.0,0,0.99776,0,3.2,0,0.49,0,10.1,0,6,0
5.5,0,0.16,0,0.31,0,1.2,0,0.026,0,31.0,0,68.0,0,0.9898,0,3.33,0,0.44,0,11.6333333333333,0,6,0
7.8,0,0.23,0,0.28,0,4.75,0,0.042,0,45.0,0,166.0,0,0.9928,0,2.96,0,0.4,0,11.5,0,5,0
8.1,0,0.26,0,0.27,0,4.3,0,0.03,0,43.0,0,123.0,0,0.99212,0,3.16,0,0.33,0,11.2,0,6,0
6.8,0,0.33,0,0.3,0,2.1,0,0.047,0,35.0,0,147.0,0,0.9886,0,3.24,0,0.56,0,13.4,0,6,0
7.1,0,0.28,0,0.26,0,1.9,0,0.049,0,12.0,0,86.0,0,0.9934,0,3.15,0,0.38,0,9.4,0,5,0
7.0,0,0.15,0,0.29,0,16.4,0,0.058,0,45.0,0,110.0,0,0.9978,0,3.15,0,0.37,0,9.7,0,6,0
7.0,0,0.22,0,0.26,0,2.8,0,0.036,0,44.0,0,132.0,0,0.99078,0,3.34,0,0.41,0,12.0,0,7,0
7.0,0,0.16,0,0.36,0,2.6,0,0.029,0,28.0,0,98.0,0,0.99126,0,3.11,0,0.37,0,11.2,0,7,0
6.4,0,0.25,0,0.33,0,1.7,0,0.037,0,35.0,0,113.0,0,0.99164,0,3.23,0,0.66,0,10.6,0,6,0
6.4,0,0.25,0,0.57,1,1.0,0,0.062,0,21.0,0,122.0,0,0.99238,0,3.0,0,0.4,0,9.5,0,5,0
7.7,0,0.23,0,0.31,0,10.7,0,0.038,0,59.0,0,186.0,0,0.9969,0,3.12,0,0.55,0,9.5,0,6,0
4.9,0,0.33,0,0.31,0,1.2,0,0.016,0,39.0,0,150.0,0,0.98713,0,3.33,0,0.59,0,14.0,0,8,1
5.3,0,0.58,1,0.07,1,6.9,0,0.043,0,34.0,0,149.0,0,0.9944,0,3.34,0,0.57,0,9.7,0,5,0
6.9,0,0.31,0,0.32,0,1.2,0,0.024,0,20.0,0,166.0,0,0.99208,0,3.05,0,0.54,0,9.8,0,6,0
7.5,0,0.38,0,0.29,0,12.7,0,0.05,0,25.0,0,209.0,0,0.9986,0,3.25,0,0.59,0,9.3,0,6,0
5.7,0,0.22,0,0.2,0,16.0,0,0.044,0,41.0,0,113.0,0,0.99862,0,3.22,0,0.46,0,8.9,0,6,0
6.1,0,0.22,0,0.38,0,2.8,0,0.144,1,12.0,0,65.0,0,0.9908,0,2.95,0,0.64,0,11.4,0,6,0
7.8,0,0.28,0,0.25,0,3.4,0,0.024,0,27.0,0,99.0,0,0.98959,0,2.98,0,0.37,0,13.0,0,6,0
7.2,0,0.16,0,0.29,0,1.0,0,0.031,0,40.0,0,123.0,0,0.98958,0,3.12,0,0.4,0,12.1,0,7,0
6.0,0,0.35,0,0.51,0,1.2,0,0.029,0,10.0,0,102.0,0,0.9903,0,3.46,0,0.42,0,11.9,0,6,0
7.0,0,0.24,0,0.36,0,4.9,0,0.083,1,10.0,0,133.0,0,0.9942,0,3.33,0,0.37,0,10.8,0,6,0
6.9,0,0.28,0,0.37,0,9.1,0,0.037,0,16.0,0,76.0,0,0.9948,0,3.05,0,0.54,0,11.1,0,5,0
5.8,0,0.19,0,0.24,0,1.3,0,0.044,0,38.0,0,128.0,0,0.99362,0,3.77,1,0.6,0,10.6,0,5,0
8.9,1,0.32,0,0.49,0,1.6,0,0.05,0,17.0,0,131.0,0,0.9956,0,3.13,0,0.34,0,9.4,0,5,0
7.2,0,0.29,0,0.18,0,8.2,0,0.042,0,41.0,0,180.0,0,0.99644,0,3.16,0,0.49,0,9.1,0,5,0
5.8,0,0.13,0,0.26,0,5.1,0,0.039,0,19.0,0,103.0,0,0.99478,0,3.36,0,0.47,0,9.3,0,6,0
7.5,0,0.29,0,0.67,1,8.1,0,0.037,0,53.0,0,166.0,0,0.9966,0,2.9,0,0.41,0,8.9,0,6,0
6.6,0,0.26,0,0.52,0,8.2,0,0.047,0,52.0,0,191.0,0,0.99541,0,3.16,0,0.47,0,9.5,0,6,0
6.2,0,0.2,0,0.31,0,1.0,0,0.031,0,22.0,0,73.0,0,0.99035,0,3.24,0,0.52,0,11.3,0,6,0
7.9,0,0.51,0,0.34,0,2.6,0,0.049,0,13.0,0,135.0,0,0.99335,0,3.09,0,0.51,0,10.0,0,5,0
6.7,0,0.25,0,0.13,0,1.2,0,0.041,0,81.0,1,174.0,0,0.992,0,3.14,0,0.42,0,9.8,0,5,0
6.5,0,0.41,0,0.22,0,4.8,0,0.052,0,49.0,0,142.0,0,0.9946,0,3.14,0,0.62,0,9.2,0,5,0
6.5,0,0.16,0,0.34,0,1.4,0,0.029,0,29.0,0,133.0,0,0.99108,0,3.33,0,0.64,0,11.5,0,7,0
7.2,0,0.685,1,0.21,0,9.5,0,0.07,0,33.0,0,172.0,0,0.9971,0,3.0,0,0.55,0,9.1,0,6,0
6.5,0,0.28,0,0.34,0,9.9,0,0.038,0,30.0,0,133.0,0,0.9954,0,3.11,0,0.44,0,9.8,0,5,0
5.6,0,0.19,0,0.46,0,1.1,0,0.032,0,33.0,0,115.0,0,0.9909,0,3.36,0,0.5,0,10.4,0,6,0
5.8,0,0.275,0,0.3,0,5.4,0,0.043,0,41.0,0,149.0,0,0.9926,0,3.33,0,0.42,0,10.8,0,7,0
6.4,0,0.25,0,0.28,0,4.9,0,0.03,0,29.0,0,98.0,0,0.99024,0,3.09,0,0.58,0,12.8,0,7,0
7.2,0,0.23,0,0.39,0,2.3,0,0.033,0,29.0,0,102.0,0,0.9908,0,3.26,0,0.54,0,12.3,0,7,0
5.6,0,0.15,0,0.26,0,5.55,0,0.051,0,51.0,0,139.0,0,0.99336,0,3.47,0,0.5,0,11.0,0,6,0
7.1,0,0.43,0,0.61,1,11.8,0,0.045,0,54.0,0,155.0,0,0.9974,0,3.11,0,0.45,0,8.7,0,5,0
6.4,0,0.22,0,0.3,0,11.2,0,0.046,0,53.0,0,149.0,0,0.99479,0,3.21,0,0.34,0,10.8,0,5,0
6.3,0,0.2,0,0.24,0,1.7,0,0.052,0,36.0,0,135.0,0,0.99374,0,3.8,1,0.66,0,10.8,0,6,0
6.7,0,0.4,0,0.22,0,8.8,0,0.052,0,24.0,0,113.0,0,0.99576,0,3.22,0,0.45,0,9.4,0,5,0
6.1,0,0.125,0,0.25,0,3.3,0,0.04,0,10.0,0,69.0,0,0.9934,0,3.54,0,0.59,0,10.1,0,6,0
6.8,0,0.16,0,0.36,0,1.3,0,0.034,0,32.0,0,98.0,0,0.99058,0,3.02,0,0.58,0,11.3,0,6,0
6.6,0,0.23,0,0.29,0,14.45,0,0.057,0,29.0,0,144.0,0,0.99756,0,3.33,0,0.54,0,10.2,0,6,0
6.2,0,0.21,0,0.18,0,11.6,0,0.044,0,61.0,0,155.0,0,0.99655,0,3.14,0,0.52,0,9.4,0,6,0
7.5,0,0.3,0,0.71,1,1.3,0,0.16,1,44.0,0,149.0,0,0.9948,0,3.08,0,0.42,0,8.9,0,5,0
6.3,0,0.25,0,0.27,0,6.6,0,0.054,0,40.0,0,158.0,0,0.99378,0,3.2,0,0.48,0,10.3,0,5,0
7.0,0,0.23,0,0.28,0,2.7,0,0.053,0,16.0,0,92.0,0,0.99372,0,3.18,0,0.56,0,9.3,0,5,0
5.9,0,0.24,0,0.34,0,2.0,0,0.037,0,40.0,0,108.0,0,0.98948,0,3.19,0,0.5,0,12.3,0,6,0
6.2,0,0.2,0,0.29,0,11.8,0,0.035,0,21.0,0,93.0,0,0.99364,0,3.18,0,0.34,0,11.9,0,6,0
7.2,0,0.24,0,0.3,0,1.6,0,0.048,0,27.0,0,131.0,0,0.9933,0,3.25,0,0.45,0,10.5,0,5,0
6.3,0,0.2,0,0.4,0,1.5,0,0.037,0,35.0,0,107.0,0,0.9917,0,3.46,0,0.5,0,11.4,0,6,0
7.2,0,0.33,0,0.22,0,4.5,0,0.031,0,10.0,0,73.0,0,0.99076,0,2.97,0,0.52,0,12.2,0,7,0
6.9,0,0.19,0,0.31,0,19.25,0,0.043,0,38.0,0,167.0,0,0.99954,0,2.93,0,0.52,0,9.1,0,7,0
7.3,0,0.2,0,0.26,0,1.6,0,0.04,0,36.0,0,123.0,0,0.99238,0,3.34,0,0.44,0,10.8,0,6,0
7.2,0,0.21,0,0.31,0,10.5,0,0.035,0,36.0,0,122.0,0,0.99478,0,3.12,0,0.4,0,10.6,0,6,0
8.0,0,0.13,0,0.25,0,1.1,0,0.033,0,15.0,0,86.0,0,0.99044,0,2.98,0,0.39,0,11.2,0,8,1
7.3,0,0.25,0,0.36,0,13.1,0,0.05,0,35.0,0,200.0,0,0.9986,0,3.04,0,0.46,0,8.9,0,7,0
6.6,0,0.325,0,0.49,0,7.7,0,0.049,0,53.0,0,217.0,0,0.996,0,3.16,0,0.4,0,9.3,0,5,0
7.4,0,0.16,0,0.32,0,1.4,0,0.065,0,23.0,0,140.0,0,0.99134,0,3.06,0,0.47,0,11.4,0,6,0
6.5,0,0.28,0,0.26,0,8.8,0,0.04,0,44.0,0,139.0,0,0.9956,0,3.32,0,0.37,0,10.2,0,6,0
6.0,0,0.21,0,0.3,0,8.7,0,0.036,0,47.0,0,127.0,0,0.99368,0,3.18,0,0.39,0,10.6,0,5,0
7.7,0,0.38,0,0.4,0,2.0,0,0.038,0,28.0,0,152.0,0,0.9906,0,3.18,0,0.32,0,12.9,0,6,0
8.0,0,0.57,1,0.39,0,3.9,0,0.034,0,22.0,0,122.0,0,0.9917,0,3.29,0,0.67,0,12.8,0,7,0
8.6,0,0.34,0,0.36,0,1.4,0,0.045,0,11.0,0,119.0,0,0.99556,0,3.17,0,0.47,0,9.4,0,4,0
6.0,0,0.2,0,0.71,1,1.6,0,0.15,1,10.0,0,54.0,0,0.9927,0,3.12,0,0.47,0,9.8,0,5,0
6.7,0,0.34,0,0.3,0,15.6,0,0.054,0,51.0,0,196.0,0,0.9982,0,3.19,0,0.49,0,9.3,0,5,0
6.1,0,0.22,0,0.23,0,3.1,0,0.052,0,15.0,0,104.0,0,0.9948,0,3.14,0,0.42,0,8.7,0,5,0
7.3,0,0.34,0,0.39,0,5.2,0,0.04,0,45.0,0,163.0,0,0.9925,0,3.3,0,0.47,0,12.4,0,6,0
6.9,0,0.43,0,0.28,0,9.4,0,0.056,0,29.0,0,183.0,0,0.99594,0,3.17,0,0.43,0,9.4,0,5,0
6.6,0,0.26,0,0.29,0,1.4,0,0.039,0,13.0,0,67.0,0,0.9915,0,3.05,0,0.49,0,10.9,0,6,0
6.5,0,0.27,0,0.19,0,6.6,0,0.045,0,98.0,1,175.0,0,0.99364,0,3.16,0,0.34,0,10.1,0,6,0
6.3,0,0.27,0,0.51,0,7.6,0,0.049,0,35.0,0,200.0,0,0.99548,0,3.16,0,0.54,0,9.4,0,4,0
7.1,0,0.34,0,0.2,0,6.1,0,0.063,0,47.0,0,164.0,0,0.9946,0,3.17,0,0.42,0,10.0,0,5,0
7.2,0,0.2,0,0.3,0,2.0,0,0.039,0,43.0,0,188.0,0,0.9911,0,3.3,0,0.41,0,12.0,0,6,0
7.0,0,0.16,0,0.25,0,14.3,0,0.044,0,27.0,0,149.0,0,0.998,0,2.91,0,0.46,0,9.2,0,6,0
7.5,0,0.21,0,0.68,1,10.9,0,0.045,0,38.0,0,133.0,0,0.9978,0,3.0,0,0.36,0,8.7,0,5,0
7.0,0,0.29,0,0.37,0,1.6,0,0.035,0,34.0,0,126.0,0,0.99058,0,3.26,0,0.47,0,12.3,0,6,0
7.1,0,0.26,0,0.3,0,2.0,0,0.031,0,13.0,0,128.0,0,0.9917,0,3.19,0,0.49,0,11.4,0,5,0
8.3,0,0.25,0,0.33,0,2.5,0,0.053,0,12.0,0,72.0,0,0.99404,0,2.89,0,0.48,0,9.5,0,5,0
7.0,0,0.21,0,0.28,0,8.6,0,0.045,0,37.0,0,221.0,0,0.9954,0,3.25,0,0.54,0,10.4,0,6,0
6.0,0,0.33,0,0.26,0,5.1,0,0.051,0,16.0,0,119.0,0,0.99416,0,3.15,0,0.41,0,9.2,0,5,0
7.9,0,0.26,0,0.33,0,10.3,0,0.039,0,73.0,0,212.0,0,0.9969,0,2.93,0,0.49,0,9.5,0,6,0
6.9,0,0.29,0,0.25,0,12.2,0,0.04,0,29.0,0,136.0,0,0.99552,0,3.05,0,0.65,0,10.4,0,6,0
5.7,0,0.15,0,0.28,0,3.7,0,0.045,0,57.0,0,151.0,0,0.9913,0,3.22,0,0.27,0,11.2,0,6,0
8.2,0,0.18,0,0.28,0,8.5,0,0.035,0,41.0,0,140.0,0,0.9952,0,3.04,0,0.37,0,10.1,0,7,0
8.5,0,0.19,0,0.49,0,3.5,0,0.044,0,29.0,0,117.0,0,0.9938,0,3.14,0,0.51,0,10.1,0,6,0
7.6,0,0.27,0,0.29,0,2.5,0,0.059,0,37.0,0,115.0,0,0.99328,0,3.09,0,0.37,0,9.8,0,5,0
6.2,0,0.345,0,0.27,0,10.1,0,0.056,0,38.0,0,187.0,0,0.99486,0,3.31,0,0.56,0,10.6,0,5,0
6.8,0,0.15,0,0.41,0,12.9,0,0.044,0,79.5,0,182.0,0,0.99742,0,3.24,0,0.78,1,10.2,0,6,0
7.5,0,0.34,0,0.35,0,6.0,0,0.034,0,12.0,0,126.0,0,0.9924,0,3.16,0,0.39,0,12.0,0,7,0
7.2,0,0.28,0,0.54,0,16.7,0,0.045,0,54.0,0,200.0,0,0.999,0,3.08,0,0.49,0,9.5,0,6,0
7.4,0,0.24,0,0.4,0,4.3,0,0.032,0,9.0,0,95.0,0,0.992,0,3.09,0,0.39,0,11.1,0,6,0
7.1,0,0.37,0,0.67,1,10.5,0,0.045,0,49.0,0,155.0,0,0.9975,0,3.16,0,0.44,0,8.7,0,5,0
7.2,0,0.46,0,0.65,1,10.4,0,0.05,0,76.0,0,192.0,0,0.9976,0,3.16,0,0.42,0,8.7,0,5,0
6.1,0,0.41,0,0.24,0,1.6,0,0.049,0,16.0,0,137.0,0,0.993,0,3.32,0,0.5,0,10.4,0,6,0
6.5,0,0.3,0,0.32,0,2.0,0,0.044,0,34.0,0,90.0,0,0.99185,0,3.37,0,0.68,0,11.0,0,7,0
6.9,0,0.28,0,0.41,0,1.7,0,0.05,0,10.0,0,136.0,0,0.993,0,3.16,0,0.71,0,11.4,0,6,0
9.0,1,0.22,0,0.49,0,10.4,0,0.048,0,52.0,0,195.0,0,0.9987,0,3.31,0,0.44,0,10.2,0,6,0
5.7,0,0.25,0,0.27,0,10.8,0,0.05,0,58.0,0,116.0,0,0.99592,0,3.1,0,0.5,0,9.8,0,6,0
6.0,0,0.21,0,0.34,0,2.0,0,0.042,0,63.0,0,123.0,0,0.99052,0,3.44,0,0.42,0,11.4,0,6,0
5.7,0,0.28,0,0.24,0,17.5,0,0.044,0,60.0,0,167.0,0,0.9989,0,3.31,0,0.44,0,9.4,0,5,0
5.0,0,0.35,0,0.25,0,7.8,0,0.031,0,24.0,0,116.0,0,0.99241,0,3.39,0,0.4,0,11.3,0,6,0
7.4,0,0.29,0,0.25,0,3.8,0,0.044,0,30.0,0,114.0,0,0.992,0,3.11,0,0.4,0,11.0,0,6,0
6.4,0,0.28,0,0.19,0,5.4,0,0.042,0,67.0,0,181.0,0,0.99435,0,3.31,0,0.35,0,10.2,0,6,0
9.2,1,0.28,0,0.46,0,3.2,0,0.058,0,39.0,0,133.0,0,0.996,0,3.14,0,0.58,0,9.5,0,5,0
6.1,0,0.4,0,0.31,0,0.9,0,0.048,0,23.0,0,170.0,0,0.993,0,3.22,0,0.77,1,9.5,0,6,0
7.0,0,0.15,0,0.38,0,15.3,0,0.045,0,54.0,0,120.0,0,0.9975,0,3.18,0,0.42,0,9.8,0,6,0
8.1,0,0.33,0,0.36,0,7.4,0,0.037,0,36.0,0,156.0,0,0.99592,0,3.19,0,0.54,0,10.6,0,6,0
7.2,0,0.26,0,0.3,0,2.1,0,0.033,0,50.0,0,158.0,0,0.9909,0,3.33,0,0.43,0,12.1,0,7,0
6.6,0,0.18,0,0.26,0,17.3,0,0.051,0,17.0,0,149.0,0,0.9984,0,3.0,0,0.43,0,9.4,0,6,0
6.8,0,0.29,0,0.49,0,1.4,0,0.142,1,52.0,0,148.0,0,0.9937,0,3.08,0,0.49,0,9.0,0,6,0
7.0,0,0.3,0,0.51,0,13.6,0,0.05,0,40.0,0,168.0,0,0.9976,0,3.07,0,0.52,0,9.6,0,7,0
8.1,0,0.29,0,0.49,0,7.1,0,0.042,0,22.0,0,124.0,0,0.9944,0,3.14,0,0.41,0,10.8,0,6,0
6.3,0,0.37,0,0.28,0,6.3,0,0.034,0,45.0,0,152.0,0,0.9921,0,3.29,0,0.46,0,11.6,0,7,0
7.0,0,0.34,0,0.26,0,10.3,0,0.041,0,51.0,0,166.0,0,0.99382,0,3.08,0,0.35,0,11.6,0,6,0
6.2,0,0.36,0,0.45,0,10.4,0,0.06,0,22.0,0,184.0,0,0.99711,0,3.31,0,0.56,0,9.8,0,6,0
6.8,0,0.705,1,0.25,0,3.2,0,0.048,0,10.0,0,57.0,0,0.996,0,3.36,0,0.52,0,9.5,0,4,0
8.2,0,0.29,0,0.49,0,1.0,0,0.044,0,29.0,0,118.0,0,0.9928,0,3.24,0,0.36,0,10.9,0,4,0
6.8,0,0.24,0,0.37,0,7.45,0,0.043,0,59.0,0,188.0,0,0.99579,0,3.2,0,0.5,0,9.4,0,6,0
6.6,0,0.23,0,0.27,0,5.6,0,0.043,0,43.0,0,164.0,0,0.9953,0,3.27,0,0.76,0,9.5,0,5,0
7.4,0,0.25,0,0.36,0,13.2,0,0.067,0,53.0,0,178.0,0,0.9976,0,3.01,0,0.48,0,9.0,0,6,0
6.1,0,0.34,0,0.21,0,5.0,0,0.042,0,17.0,0,133.0,0,0.99373,0,3.02,0,0.53,0,9.4,0,5,0
6.5,0,0.16,0,0.33,0,4.8,0,0.043,0,45.0,0,114.0,0,0.992,0,3.18,0,0.44,0,11.2,0,6,0
7.7,0,0.44,0,0.24,0,11.2,0,0.031,0,41.0,0,167.0,0,0.9948,0,3.12,0,0.43,0,11.3,0,7,0
6.6,0,0.36,0,0.24,0,0.9,0,0.038,0,15.0,0,72.0,0,0.99066,0,3.23,0,0.39,0,11.0,0,5,0
7.3,0,0.19,0,0.27,0,13.9,0,0.057,0,45.0,0,155.0,0,0.99807,0,2.94,0,0.41,0,8.8,0,8,1
6.1,0,0.3,0,0.32,0,2.2,0,0.042,0,41.0,0,142.0,0,0.98952,0,3.31,0,0.44,0,12.7,0,7,0
7.6,0,0.17,0,0.36,0,4.5,0,0.042,0,26.0,0,102.0,0,0.99427,0,3.09,0,0.47,0,9.5,0,5,0
5.6,0,0.39,0,0.24,0,4.7,0,0.034,0,27.0,0,77.0,0,0.9906,0,3.28,0,0.36,0,12.7,0,5,0
6.5,0,0.43,0,0.28,0,11.25,0,0.032,0,31.0,0,87.0,0,0.9922,0,3.02,0,0.38,0,12.4,0,6,0
5.8,0,0.335,0,0.14,0,5.8,0,0.046,0,49.0,0,197.0,0,0.9937,0,3.3,0,0.71,0,10.3,0,5,0
6.0,0,0.16,0,0.36,0,1.6,0,0.042,0,13.0,0,61.0,0,0.99143,0,3.22,0,0.54,0,10.8,0,6,0
8.5,0,0.21,0,0.26,0,9.25,0,0.034,0,73.0,0,142.0,0,0.9945,0,3.05,0,0.37,0,11.4,0,6,0
6.8,0,0.22,0,0.35,0,17.5,0,0.039,0,38.0,0,153.0,0,0.9994,0,3.24,0,0.42,0,9.0,0,6,0
7.0,0,0.27,0,0.36,0,20.7,0,0.045,0,45.0,0,170.0,0,1.001,0,3.0,0,0.45,0,8.8,0,6,0
6.7,0,0.54,1,0.27,0,7.1,0,0.049,0,8.0,0,178.0,0,0.99502,0,3.16,0,0.38,0,9.4,0,4,0
7.2,0,0.4,0,0.24,0,8.5,0,0.055,0,45.0,0,151.0,0,0.99626,0,3.2,0,0.52,0,9.2,0,5,0
6.6,0,0.28,0,0.09,1,10.9,0,0.051,0,37.0,0,131.0,0,0.99566,0,2.93,0,0.62,0,9.5,0,6,0
8.0,0,0.28,0,0.3,0,8.4,0,0.03,0,35.0,0,115.0,0,0.99192,0,2.93,0,0.42,0,12.3,0,6,0
6.4,0,0.26,0,0.21,0,8.2,0,0.05,0,51.0,0,182.0,0,0.99542,0,3.23,0,0.48,0,9.5,0,5,0
7.3,0,0.19,0,0.27,0,13.9,0,0.057,0,45.0,0,155.0,0,0.99807,0,2.94,0,0.41,0,8.8,0,8,1
7.4,0,0.24,0,0.42,0,14.0,0,0.066,0,48.0,0,198.0,0,0.9979,0,2.89,0,0.42,0,8.9,0,6,0
5.8,0,0.2,0,0.27,0,1.4,0,0.031,0,12.0,0,77.0,0,0.9905,0,3.25,0,0.36,0,10.9,0,7,0
8.0,0,0.26,0,0.28,0,8.2,0,0.038,0,72.0,0,202.0,0,0.99566,0,3.12,0,0.56,0,10.0,0,6,0
5.8,0,0.22,0,0.29,0,1.3,0,0.036,0,25.0,0,68.0,0,0.98865,0,3.24,0,0.35,0,12.6,0,6,0
7.0,0,0.17,0,0.33,0,4.0,0,0.034,0,17.0,0,127.0,0,0.9934,0,3.19,0,0.39,0,10.6,0,7,0
6.9,0,0.28,0,0.22,0,10.0,0,0.052,0,36.0,0,131.0,0,0.99696,0,3.08,0,0.46,0,9.6,0,5,0
7.2,0,0.33,0,0.34,0,2.0,0,0.044,0,61.0,0,171.0,0,0.98947,0,3.25,0,0.53,0,13.3,0,7,0
6.4,0,0.32,0,0.27,0,4.9,0,0.034,0,18.0,0,122.0,0,0.9916,0,3.36,0,0.71,0,12.5,0,6,0
7.4,0,0.16,0,0.3,0,13.7,0,0.056,0,33.0,0,168.0,0,0.99825,0,2.9,0,0.44,0,8.7,0,7,0
7.2,0,0.23,0,0.39,0,14.2,0,0.058,0,49.0,0,192.0,0,0.9979,0,2.98,0,0.48,0,9.0,0,7,0
7.7,0,0.17,0,0.52,0,5.9,0,0.017,0,21.0,0,84.0,0,0.9929,0,3.14,0,0.4,0,11.9,0,7,0
7.0,0,0.17,0,0.36,0,6.4,0,0.055,0,42.0,0,123.0,0,0.99318,0,3.11,0,0.5,0,11.0,0,8,1
7.7,0,0.3,0,0.34,0,1.2,0,0.048,0,4.0,0,119.0,0,0.99084,0,3.18,0,0.34,0,12.1,0,6,0
6.1,0,0.38,0,0.42,0,5.0,0,0.016,0,31.0,0,113.0,0,0.99007,0,3.15,0,0.31,0,12.4,0,7,0
6.5,0,0.27,0,0.26,0,8.2,0,0.042,0,21.0,0,133.0,0,0.99612,0,3.43,0,0.64,0,9.8,0,6,0
6.4,0,0.12,0,0.3,0,1.1,0,0.031,0,37.0,0,94.0,0,0.98986,0,3.01,0,0.56,0,11.7,0,6,0
7.0,0,0.22,0,0.29,0,8.9,0,0.05,0,24.0,0,90.0,0,0.99556,0,3.29,0,0.46,0,9.8,0,6,0
5.8,0,0.25,0,0.26,0,13.1,0,0.051,0,44.0,0,148.0,0,0.9972,0,3.29,0,0.38,0,9.3,0,5,0
6.8,0,0.22,0,0.36,0,1.2,0,0.052,0,38.0,0,127.0,0,0.9933,0,3.04,0,0.54,0,9.2,0,5,0
7.2,0,0.29,0,0.2,0,7.7,0,0.046,0,51.0,0,174.0,0,0.99582,0,3.16,0,0.52,0,9.5,0,5,0
7.4,0,0.29,0,0.28,0,10.2,0,0.032,0,43.0,0,138.0,0,0.9951,0,3.1,0,0.47,0,10.6,0,6,0
6.8,0,0.32,0,0.34,0,1.2,0,0.044,0,14.0,0,67.0,0,0.9919,0,3.05,0,0.47,0,10.6,0,4,0
6.5,0,0.17,0,0.33,0,1.4,0,0.028,0,14.0,0,99.0,0,0.9928,0,3.23,0,0.55,0,10.1,0,6,0
7.1,0,0.38,0,0.4,0,2.2,0,0.042,0,54.0,0,201.0,0,0.99177,0,3.03,0,0.5,0,11.4,0,5,0
7.5,0,0.23,0,0.3,0,1.2,0,0.03,0,27.0,0,80.0,0,0.99192,0,3.05,0,0.68,0,10.5,0,5,0
7.6,0,0.22,0,0.28,0,12.0,0,0.056,0,68.0,0,143.0,0,0.9983,0,2.99,0,0.3,0,9.2,0,6,0
5.4,0,0.415,0,0.19,0,1.6,0,0.039,0,27.0,0,88.0,0,0.99265,0,3.54,0,0.41,0,10.0,0,7,0
4.8,0,0.17,0,0.28,0,2.9,0,0.03,0,22.0,0,111.0,0,0.9902,0,3.38,0,0.34,0,11.3,0,7,0
5.7,0,0.22,0,0.28,0,1.3,0,0.027,0,26.0,0,101.0,0,0.98948,0,3.35,0,0.38,0,12.5,0,7,0
7.0,0,0.24,0,0.3,0,4.2,0,0.04,0,41.0,0,213.0,0,0.9927,0,3.28,0,0.49,0,11.8,0,6,0
5.2,0,0.5,0,0.18,0,2.0,0,0.036,0,23.0,0,129.0,0,0.98949,0,3.36,0,0.77,1,13.4,0,7,0
7.3,0,0.23,0,0.34,0,9.3,0,0.052,0,19.0,0,86.0,0,0.99574,0,3.04,0,0.56,0,10.0,0,5,0
8.1,0,0.4,0,0.32,0,7.9,0,0.031,0,23.0,0,118.0,0,0.99176,0,3.05,0,0.46,0,13.3,0,7,0
6.3,0,0.29,0,0.23,0,14.2,0,0.037,0,24.0,0,99.0,0,0.99528,0,3.08,0,0.38,0,10.6,0,6,0
6.0,0,0.41,0,0.21,0,1.9,0,0.05,0,29.0,0,122.0,0,0.9928,0,3.42,0,0.52,0,10.5,0,6,0
6.9,0,0.19,0,0.38,0,1.15,0,0.023,0,30.0,0,105.0,0,0.99047,0,3.11,0,0.38,0,11.4,0,5,0
8.0,0,0.27,0,0.57,1,10.4,0,0.053,0,18.0,0,134.0,0,0.99732,0,3.12,0,0.68,0,9.0,0,5,0
6.6,0,0.33,0,0.24,0,16.05,0,0.045,0,31.0,0,147.0,0,0.99822,0,3.08,0,0.52,0,9.2,0,5,0
6.8,0,0.32,0,0.33,0,0.7,0,0.027,0,15.0,0,66.0,0,0.9899,0,3.11,0,0.31,0,11.8,0,6,0
7.7,0,0.28,0,0.33,0,6.7,0,0.037,0,32.0,0,155.0,0,0.9951,0,3.39,0,0.62,0,10.7,0,7,0
7.6,0,0.31,0,0.27,0,5.8,0,0.036,0,23.0,0,109.0,0,0.99399,0,3.34,0,0.54,0,11.0,0,6,0
7.7,0,0.28,0,0.63,1,11.1,0,0.039,0,58.0,0,179.0,0,0.9979,0,3.08,0,0.44,0,8.8,0,4,0
6.7,0,0.28,0,0.34,0,8.9,0,0.048,0,32.0,0,111.0,0,0.99455,0,3.25,0,0.54,0,11.0,0,7,0
6.5,0,0.37,0,0.33,0,3.5,0,0.036,0,23.0,0,92.0,0,0.99136,0,3.18,0,0.38,0,11.2,0,6,0
5.8,0,0.15,0,0.32,0,1.2,0,0.037,0,14.0,0,119.0,0,0.99137,0,3.19,0,0.5,0,10.2,0,6,0
6.3,0,0.2,0,0.18,0,10.6,0,0.045,0,57.0,0,159.0,0,0.99666,0,3.09,0,0.54,0,9.2,0,5,0
8.3,0,0.2,0,0.74,1,4.45,0,0.044,0,33.0,0,130.0,0,0.9924,0,3.25,0,0.42,0,12.2,0,6,0
6.9,0,0.19,0,0.33,0,1.6,0,0.039,0,27.0,0,98.0,0,0.9898,0,3.09,0,0.46,0,12.3,0,7,0
6.2,0,0.24,0,0.35,0,1.2,0,0.038,0,22.0,0,167.0,0,0.9912,0,3.1,0,0.48,0,10.6,0,6,0
6.8,0,0.32,0,0.3,0,3.3,0,0.029,0,15.0,0,80.0,0,0.99061,0,3.33,0,0.63,0,12.6,0,7,0
6.1,0,0.36,0,0.58,1,15.0,0,0.044,0,42.0,0,115.0,0,0.9978,0,3.15,0,0.51,0,9.0,0,5,0
6.4,0,0.29,0,0.3,0,2.9,0,0.036,0,25.0,0,79.0,0,0.99037,0,3.29,0,0.6,0,12.4,0,7,0
7.8,0,0.28,0,0.31,0,2.1,0,0.046,0,28.0,0,208.0,0,0.99434,0,3.23,0,0.64,0,9.8,0,5,0
6.8,0,0.21,0,0.27,0,2.1,0,0.03,0,26.0,0,139.0,0,0.99,0,3.16,0,0.61,0,12.6,0,7,0
6.8,0,0.17,0,0.34,0,2.0,0,0.04,0,38.0,0,111.0,0,0.99,0,3.24,0,0.45,0,12.9,0,6,0
9.6,1,0.21,0,0.28,0,1.2,0,0.038,0,12.0,0,53.0,0,0.9926,0,2.8,1,0.46,0,10.6,0,5,0
6.6,0,0.19,0,0.25,0,1.2,0,0.052,0,34.0,0,181.0,0,0.99352,0,3.3,0,0.42,0,9.4,0,7,0
5.8,0,0.17,0,0.34,0,1.8,0,0.045,0,96.0,1,170.0,0,0.99035,0,3.38,0,0.9,1,11.8,0,8,1
6.5,0,0.26,0,0.27,0,12.9,0,0.044,0,69.0,0,215.0,0,0.9967,0,3.17,0,0.43,0,10.0,0,6,0
6.2,0,0.255,0,0.27,0,1.3,0,0.037,0,30.0,0,86.0,0,0.98834,0,3.05,0,0.59,0,12.9,0,7,0
5.3,0,0.585,1,0.07,1,7.1,0,0.044,0,34.0,0,145.0,0,0.9945,0,3.34,0,0.57,0,9.7,0,6,0
6.4,0,0.24,0,0.5,0,11.6,0,0.047,0,60.0,0,211.0,0,0.9966,0,3.18,0,0.57,0,9.3,0,5,0
7.4,0,0.2,0,0.37,0,1.2,0,0.028,0,28.0,0,89.0,0,0.99132,0,3.14,0,0.61,0,11.8,0,6,0
6.6,0,0.25,0,0.36,0,8.1,0,0.045,0,54.0,0,180.0,0,0.9958,0,3.08,0,0.42,0,9.2,0,5,0
5.7,0,0.37,0,0.3,0,1.1,0,0.029,0,24.0,0,88.0,0,0.98883,0,3.18,0,0.39,0,11.7,0,6,0
6.1,0,0.6,1,0.0,1,1.3,0,0.042,0,24.0,0,79.0,0,0.9937,0,3.31,0,0.38,0,9.4,0,4,0
6.1,0,0.32,0,0.33,0,10.7,0,0.036,0,27.0,0,98.0,0,0.99521,0,3.34,0,0.52,0,10.2,0,6,0
6.6,0,0.425,0,0.25,0,2.35,0,0.034,0,23.0,0,87.0,0,0.99082,0,3.05,0,0.41,0,11.4,0,6,0
7.4,0,0.16,0,0.3,0,13.7,0,0.056,0,33.0,0,168.0,0,0.99825,0,2.9,0,0.44,0,8.7,0,7,0
5.1,0,0.25,0,0.36,0,1.3,0,0.035,0,40.0,0,78.0,0,0.9891,0,3.23,0,0.64,0,12.1,0,7,0
6.9,0,0.25,0,0.35,0,9.2,0,0.034,0,42.0,0,150.0,0,0.9947,0,3.21,0,0.36,0,11.5,0,6,0
6.4,0,0.22,0,0.31,0,13.9,0,0.04,0,57.0,0,135.0,0,0.99672,0,3.21,0,0.38,0,10.7,0,5,0
7.2,0,0.36,0,0.36,0,5.7,0,0.038,0,26.0,0,98.0,0,0.9914,0,2.93,0,0.59,0,12.5,0,7,0
7.5,0,0.23,0,0.68,1,11.0,0,0.047,0,37.0,0,133.0,0,0.9978,0,2.99,0,0.38,0,8.8,0,5,0
7.6,0,0.2,0,0.34,0,1.8,0,0.041,0,42.0,0,148.0,0,0.99335,0,3.35,0,0.66,0,11.1,0,6,0
7.1,0,0.32,0,0.3,0,9.9,0,0.041,0,63.0,0,192.0,0,0.99642,0,3.12,0,0.49,0,10.2,0,6,0
7.2,0,0.31,0,0.41,0,8.6,0,0.053,0,15.0,0,89.0,0,0.9976,0,3.29,0,0.64,0,9.9,0,6,0
6.9,0,0.26,0,0.49,0,1.6,0,0.058,0,39.0,0,166.0,0,0.9965,0,3.65,1,0.52,0,9.4,0,4,0
7.15,0,0.17,0,0.24,0,9.6,0,0.119,1,56.0,0,178.0,0,0.99578,0,3.15,0,0.44,0,10.2,0,6,0
6.4,0,0.23,0,0.39,0,1.8,0,0.032,0,23.0,0,118.0,0,0.9912,0,3.32,0,0.5,0,11.8,0,6,0
9.2,1,0.34,0,0.27,0,1.2,0,0.026,0,17.0,0,73.0,0,0.9921,0,3.08,0,0.39,0,10.8,0,5,0
6.7,0,0.21,0,0.34,0,1.5,0,0.035,0,45.0,0,123.0,0,0.98949,0,3.24,0,0.36,0,12.6,0,7,0
7.7,0,0.39,0,0.3,0,5.2,0,0.037,0,29.0,0,131.0,0,0.9943,0,3.38,0,0.44,0,11.0,0,6,0
6.4,0,0.125,0,0.29,0,5.85,0,0.042,0,24.0,0,99.0,0,0.992,0,3.23,0,0.32,0,12.0,0,7,0
8.0,0,0.23,0,0.35,0,9.2,0,0.044,0,53.0,0,186.0,0,0.997,0,3.09,0,0.56,0,9.5,0,7,0
5.9,0,0.21,0,0.24,0,12.1,0,0.044,0,53.0,0,165.0,0,0.9969,0,3.25,0,0.39,0,9.5,0,5,0
7.4,0,0.27,0,0.31,0,2.4,0,0.014,1,15.0,0,143.0,0,0.99094,0,3.03,0,0.65,0,12.0,0,4,0
6.2,0,0.37,0,0.3,0,6.6,0,0.346,1,79.0,0,200.0,0,0.9954,0,3.29,0,0.58,0,9.6,0,5,0
7.6,0,0.19,0,0.42,0,1.5,0,0.044,0,6.0,0,114.0,0,0.9914,0,3.04,0,0.74,0,12.8,0,6,0
6.5,0,0.28,0,0.34,0,3.6,0,0.04,0,29.0,0,121.0,0,0.99111,0,3.28,0,0.48,0,12.1,0,7,0
7.0,0,0.27,0,0.36,0,20.7,0,0.045,0,45.0,0,170.0,0,1.001,0,3.0,0,0.45,0,8.8,0,6,0
5.2,0,0.34,0,0.37,0,6.2,0,0.031,0,42.0,0,133.0,0,0.99076,0,3.25,0,0.41,0,12.5,0,6,0
8.5,0,0.19,0,0.48,0,1.1,0,0.026,0,23.0,0,58.0,0,0.99184,0,2.9,0,0.5,0,10.5,0,6,0
7.8,0,0.43,0,0.49,0,13.0,0,0.033,0,37.0,0,158.0,0,0.9955,0,3.14,0,0.35,0,11.3,0,6,0
6.7,0,0.37,0,0.25,0,2.5,0,0.028,0,24.0,0,84.0,0,0.9909,0,3.14,0,0.36,0,11.7,0,6,0
8.2,0,0.42,0,0.29,0,4.1,0,0.03,0,31.0,0,100.0,0,0.9911,0,3.0,0,0.32,0,12.8,0,7,0
6.1,0,0.27,0,0.3,0,16.7,0,0.039,0,49.0,0,172.0,0,0.99985,0,3.4,0,0.45,0,9.4,0,5,0
7.7,0,0.16,0,0.41,0,1.7,0,0.048,0,60.0,0,173.0,0,0.9932,0,3.24,0,0.66,0,11.2,0,7,0
5.8,0,0.29,0,0.27,0,1.6,0,0.062,0,17.0,0,140.0,0,0.99138,0,3.23,0,0.35,0,11.1,0,6,0
6.6,0,0.32,0,0.24,0,1.3,0,0.06,0,42.5,0,204.0,0,0.99512,0,3.59,1,0.51,0,9.2,0,5,0
7.6,0,0.2,0,0.3,0,14.2,0,0.056,0,53.0,0,212.5,0,0.999,0,3.14,0,0.46,0,8.9,0,8,1
6.7,0,0.35,0,0.32,0,9.0,0,0.032,0,29.0,0,113.0,0,0.99188,0,3.13,0,0.65,0,12.9,0,7,0
8.7,0,0.45,0,0.4,0,1.5,0,0.067,0,17.0,0,100.0,0,0.9957,0,3.27,0,0.57,0,10.1,0,6,0
6.9,0,0.25,0,0.33,0,1.2,0,0.035,0,35.0,0,158.0,0,0.99082,0,3.02,0,0.58,0,11.3,0,6,0
5.8,0,0.28,0,0.27,0,2.6,0,0.054,0,30.0,0,156.0,0,0.9914,0,3.53,0,0.42,0,12.4,0,5,0
7.1,0,0.21,0,0.32,0,2.2,0,0.037,0,28.0,0,141.0,0,0.993,0,3.2,0,0.57,0,10.0,0,7,0
6.1,0,0.26,0,0.28,0,1.7,0,0.043,0,24.0,0,98.0,0,0.98918,0,3.14,0,0.44,0,12.5,0,6,0
7.8,0,0.29,0,0.22,0,9.5,0,0.056,0,44.0,0,213.0,0,0.99715,0,3.08,0,0.61,0,9.3,0,6,0
6.1,0,0.17,0,0.27,0,1.5,0,0.056,0,45.0,0,135.0,0,0.9924,0,3.2,0,0.43,0,10.2,0,6,0
6.6,0,0.38,0,0.36,0,9.2,0,0.061,0,42.0,0,214.0,0,0.9976,0,3.31,0,0.56,0,9.4,0,5,0
6.7,0,0.3,0,0.5,0,12.1,0,0.045,0,38.0,0,127.0,0,0.9974,0,3.04,0,0.53,0,8.9,0,6,0
7.4,0,0.26,0,0.43,0,6.0,0,0.022,0,22.0,0,125.0,0,0.9928,0,3.13,0,0.55,0,11.5,0,6,0
5.7,0,0.33,0,0.32,0,1.4,0,0.043,0,28.0,0,93.0,0,0.9897,0,3.31,0,0.5,0,12.3,0,6,0
7.2,0,0.21,0,0.35,0,14.5,0,0.048,0,35.0,0,178.0,0,0.9982,0,3.05,0,0.47,0,8.9,0,6,0
6.5,0,0.22,0,0.45,0,8.0,0,0.053,0,52.0,0,196.0,0,0.9959,0,3.23,0,0.48,0,9.1,0,6,0
6.4,0,0.18,0,0.48,0,4.0,0,0.186,1,64.0,0,150.0,0,0.9945,0,3.06,0,0.4,0,9.3,0,5,0
7.2,0,0.24,0,0.36,0,2.0,0,0.029,0,21.0,0,63.0,0,0.99076,0,3.13,0,0.63,0,12.5,0,6,0
5.8,0,0.33,0,0.23,0,5.0,0,0.053,0,29.0,0,106.0,0,0.99458,0,3.13,0,0.52,0,9.0,0,5,0
7.6,0,0.39,0,0.46,0,11.7,0,0.084,1,55.0,0,170.0,0,0.99773,0,2.91,0,0.51,0,9.0,0,5,0
7.6,0,0.445,0,0.44,0,14.5,0,0.045,0,68.0,0,212.0,0,0.9986,0,3.48,0,0.36,0,10.0,0,6,0
6.5,0,0.36,0,0.28,0,3.2,0,0.037,0,29.0,0,119.0,0,0.9908,0,3.25,0,0.65,0,12.4,0,8,1
7.4,0,0.41,0,0.66,1,10.8,0,0.051,0,77.0,0,194.0,0,0.9976,0,3.05,0,0.46,0,8.7,0,5,0
6.7,0,0.25,0,0.36,0,8.6,0,0.037,0,63.0,0,206.0,0,0.99553,0,3.18,0,0.5,0,9.6,0,5,0
6.5,0,0.44,0,0.47,0,5.45,0,0.014,1,44.0,0,137.0,0,0.98984,0,3.13,0,0.32,0,13.0,0,8,1
5.4,0,0.31,0,0.47,0,3.0,0,0.053,0,46.0,0,144.0,0,0.9931,0,3.29,0,0.76,0,10.0,0,5,0
6.4,0,0.125,0,0.36,0,1.4,0,0.044,0,22.0,0,68.0,0,0.99014,0,3.15,0,0.5,0,11.7,0,7,0
5.8,0,0.14,0,0.15,0,6.1,0,0.042,0,27.0,0,123.0,0,0.99362,0,3.06,0,0.6,0,9.9,0,6,0
7.0,0,0.23,0,0.36,0,7.1,0,0.028,0,31.0,0,104.0,0,0.9922,0,3.35,0,0.47,0,12.1,0,8,1
7.8,0,0.34,0,0.27,0,1.2,0,0.04,0,25.0,0,106.0,0,0.9932,0,3.01,0,0.55,0,10.4,0,5,0
6.0,0,0.23,0,0.34,0,1.3,0,0.025,0,23.0,0,111.0,0,0.98961,0,3.36,0,0.37,0,12.7,0,6,0
6.9,0,0.44,0,0.18,0,11.8,0,0.051,0,26.0,0,126.0,0,0.9975,0,3.23,0,0.48,0,9.1,0,5,0
7.1,0,0.33,0,0.25,0,1.6,0,0.03,0,25.0,0,126.0,0,0.9901,0,3.22,0,0.34,0,12.1,0,7,0
8.1,0,0.28,0,0.49,0,1.0,0,0.04,0,32.0,0,148.0,0,0.9936,0,3.13,0,0.41,0,10.0,0,6,0
7.5,0,0.28,0,0.41,0,1.3,0,0.044,0,11.0,0,126.0,0,0.99293,0,3.28,0,0.45,0,10.3,0,5,0
6.6,0,0.19,0,0.43,0,10.9,0,0.045,0,53.0,0,154.0,0,0.99752,0,3.52,0,0.77,1,10.4,0,6,0
8.2,0,0.24,0,0.49,0,9.3,0,0.038,0,52.0,0,163.0,0,0.9952,0,3.02,0,0.33,0,10.6,0,6,0
8.3,0,0.23,0,0.43,0,3.2,0,0.035,0,14.0,0,101.0,0,0.9928,0,3.15,0,0.36,0,11.5,0,5,0
6.4,0,0.26,0,0.35,0,7.7,0,0.056,0,45.0,0,191.0,0,0.99527,0,3.16,0,0.5,0,9.5,0,5,0
5.2,0,0.36,0,0.02,1,1.6,0,0.031,0,24.0,0,104.0,0,0.9896,0,3.44,0,0.35,0,12.2,0,6,0
7.2,0,0.32,0,0.47,0,5.1,0,0.044,0,19.0,0,65.0,0,0.991,0,3.03,0,0.41,0,12.6,0,4,0
7.1,0,0.18,0,0.49,0,1.3,0,0.033,0,12.0,0,72.0,0,0.99072,0,3.05,0,0.53,0,11.3,0,7,0
7.0,0,0.33,0,0.78,1,9.9,0,0.042,0,21.0,0,251.0,0,0.99435,0,3.01,0,0.55,0,11.0,0,6,0
7.0,0,0.44,0,0.24,0,12.1,0,0.056,0,68.0,0,210.0,0,0.99718,0,3.05,0,0.5,0,9.5,0,5,0
6.7,0,0.34,0,0.54,0,16.3,0,0.047,0,44.0,0,181.0,0,0.9987,0,3.04,0,0.56,0,8.8,0,5,0
6.5,0,0.22,0,0.27,0,1.6,0,0.039,0,36.0,0,116.0,0,0.99178,0,3.38,0,0.57,0,11.0,0,7,0
6.1,0,0.28,0,0.27,0,4.7,0,0.03,0,56.0,0,140.0,0,0.99042,0,3.16,0,0.42,0,12.5,0,8,1
5.5,0,0.375,0,0.38,0,1.7,0,0.036,0,17.0,0,98.0,0,0.99142,0,3.29,0,0.39,0,10.5,0,6,0
7.0,0,0.26,0,0.34,0,10.9,0,0.038,0,25.0,0,84.0,0,0.99432,0,3.11,0,0.34,0,10.9,0,6,0
6.2,0,0.2,0,0.32,0,2.8,0,0.05,0,17.0,0,126.0,0,0.9936,0,3.18,0,0.55,0,9.4,0,6,0
7.6,0,0.18,0,0.28,0,7.1,0,0.041,0,29.0,0,110.0,0,0.99652,0,3.2,0,0.42,0,9.2,0,6,0
7.1,0,0.15,0,0.34,0,1.0,0,0.033,0,27.0,0,73.0,0,0.98974,0,3.24,0,0.41,0,12.2,0,6,0
7.2,0,0.27,0,0.27,0,2.4,0,0.048,0,30.0,0,149.0,0,0.9936,0,3.1,0,0.51,0,9.2,0,6,0
6.9,0,0.18,0,0.36,0,1.3,0,0.036,0,40.0,0,117.0,0,0.9934,0,3.27,0,0.95,1,9.5,0,7,0
7.7,0,0.3,0,0.42,0,14.3,0,0.045,0,45.0,0,213.0,0,0.9991,0,3.18,0,0.63,0,9.2,0,5,0
6.9,0,0.33,0,0.21,0,1.0,0,0.053,0,39.0,0,148.0,0,0.9927,0,3.12,0,0.45,0,9.4,0,6,0
5.7,0,0.28,0,0.36,0,1.8,0,0.041,0,38.0,0,90.0,0,0.99002,0,3.27,0,0.98,1,11.9,0,7,0
6.5,0,0.26,0,0.24,0,10.8,0,0.042,0,47.0,0,130.0,0,0.996,0,3.08,0,0.4,0,10.1,0,6,0
5.5,0,0.32,0,0.45,0,4.9,0,0.028,0,25.0,0,191.0,0,0.9922,0,3.51,0,0.49,0,11.5,0,7,0
6.4,0,0.37,0,0.37,0,4.85,0,0.041,0,39.5,0,216.5,0,0.99432,0,3.1,0,0.5,0,9.8,0,6,0
7.2,0,0.28,0,0.38,0,2.0,0,0.052,0,23.0,0,156.0,0,0.9912,0,3.13,0,0.52,0,11.1,0,5,0
7.8,0,0.29,0,0.36,0,7.0,0,0.042,0,38.0,0,161.0,0,0.9941,0,3.26,0,0.37,0,11.2,0,8,1
6.6,0,0.19,0,0.28,0,1.1,0,0.044,0,38.0,0,100.0,0,0.9904,0,3.22,0,0.69,0,11.2,0,6,0
6.1,0,0.15,0,0.29,0,6.2,0,0.046,0,39.0,0,151.0,0,0.99471,0,3.6,1,0.44,0,10.6,0,6,0
6.7,0,0.15,0,0.38,0,1.7,0,0.037,0,20.0,0,84.0,0,0.99046,0,3.09,0,0.53,0,11.4,0,6,0
7.3,0,0.36,0,0.62,1,7.1,0,0.033,0,48.0,0,185.0,0,0.99472,0,3.14,0,0.62,0,10.6,0,6,0
8.2,0,0.61,1,0.45,0,5.4,0,0.03,0,15.0,0,118.0,0,0.9954,0,3.14,0,0.34,0,9.6,0,5,0
7.3,0,0.17,0,0.24,0,8.1,0,0.121,1,32.0,0,162.0,0,0.99508,0,3.17,0,0.38,0,10.4,0,8,1
6.8,0,0.11,0,0.42,0,1.1,0,0.042,0,51.0,0,132.0,0,0.99059,0,3.18,0,0.74,0,11.3,0,7,0
5.3,0,0.165,0,0.24,0,1.1,0,0.051,0,25.0,0,105.0,0,0.9925,0,3.32,0,0.47,0,9.1,0,5,0
7.2,0,0.39,0,0.54,0,1.4,0,0.157,1,34.0,0,132.0,0,0.99449,0,3.11,0,0.53,0,9.0,0,6,0
4.9,0,0.335,0,0.14,0,1.3,0,0.036,0,69.0,0,168.0,0,0.99212,0,3.47,0,0.46,0,10.4666666666667,0,5,0
8.0,0,0.44,0,0.49,0,9.1,0,0.031,0,46.0,0,151.0,0,0.9926,0,3.16,0,0.27,0,12.7,0,8,1
7.7,0,0.15,0,0.29,0,1.3,0,0.029,0,10.0,0,64.0,0,0.9932,0,3.35,0,0.39,0,10.1,0,5,0
6.1,0,0.23,0,0.45,0,10.6,0,0.094,1,49.0,0,169.0,0,0.99699,0,3.05,0,0.54,0,8.8,0,5,0
5.8,0,0.32,0,0.23,0,1.5,0,0.033,0,39.0,0,121.0,0,0.9887,0,2.96,0,0.35,0,12.0,0,5,0
5.7,0,0.245,0,0.33,0,1.1,0,0.049,0,28.0,0,150.0,0,0.9927,0,3.13,0,0.42,0,9.3,0,5,0
9.4,1,0.42,0,0.32,0,6.5,0,0.027,0,20.0,0,167.0,0,0.99479,0,3.08,0,0.43,0,10.6,0,5,0
7.6,0,0.33,0,0.35,0,6.3,0,0.036,0,12.0,0,126.0,0,0.9924,0,3.16,0,0.39,0,12.0,0,7,0
6.7,0,0.19,0,0.32,0,3.7,0,0.041,0,26.0,0,76.0,0,0.99173,0,2.9,0,0.57,0,10.5,0,7,0
5.7,0,0.18,0,0.22,0,4.2,0,0.042,0,25.0,0,111.0,0,0.994,0,3.35,0,0.39,0,9.4,0,5,0
5.8,0,0.28,0,0.35,0,2.3,0,0.053,0,36.0,0,114.0,0,0.9924,0,3.28,0,0.5,0,10.2,0,4,0
6.4,0,0.22,0,0.49,0,7.5,0,0.054,0,42.0,0,151.0,0,0.9948,0,3.27,0,0.52,0,10.1,0,6,0
9.0,1,0.55,1,0.3,0,8.1,0,0.026,0,14.0,0,71.0,0,0.993,0,2.94,0,0.36,0,11.8,0,5,0
8.4,0,0.19,0,0.42,0,1.6,0,0.047,0,9.0,0,101.0,0,0.994,0,3.06,0,0.65,0,11.1,0,4,0
7.0,0,0.23,0,0.42,0,18.05,0,0.05,0,35.0,0,144.0,0,0.9999,0,3.22,0,0.42,0,8.8,0,5,0
6.7,0,0.18,0,0.28,0,10.2,0,0.039,0,29.0,0,115.0,0,0.99469,0,3.11,0,0.45,0,10.9,0,7,0
7.5,0,0.26,0,0.26,0,18.35,0,0.084,1,33.0,0,139.0,0,1.0011,0,3.17,0,0.39,0,8.8,0,5,0
6.3,0,0.36,0,0.3,0,4.8,0,0.049,0,14.0,0,85.0,0,0.9932,0,3.28,0,0.39,0,10.6,0,5,0
6.2,0,0.25,0,0.54,0,7.0,0,0.046,0,58.0,0,176.0,0,0.99454,0,3.19,0,0.7,0,10.4,0,5,0
6.4,0,0.27,0,0.29,0,10.8,0,0.028,0,17.0,0,118.0,0,0.99356,0,3.18,0,0.37,0,11.2,0,6,0
6.3,0,0.29,0,0.29,0,3.3,0,0.037,0,32.0,0,140.0,0,0.9895,0,3.17,0,0.36,0,12.8,0,7,0
7.8,0,0.26,0,0.27,0,1.9,0,0.051,0,52.0,0,195.0,0,0.9928,0,3.23,0,0.5,0,10.9,0,6,0
6.6,0,0.32,0,0.47,0,15.6,0,0.063,0,27.0,0,173.0,0,0.99872,0,3.18,0,0.56,0,9.0,0,5,0
6.1,0,0.22,0,0.49,0,1.5,0,0.051,0,18.0,0,87.0,0,0.9928,0,3.3,0,0.46,0,9.6,0,5,0
7.7,0,0.22,0,0.42,0,1.9,0,0.052,0,10.0,0,87.0,0,0.9922,0,3.3,0,0.49,0,11.8,0,6,0
9.0,1,0.38,0,0.53,0,2.1,0,0.102,1,19.0,0,76.0,0,0.99001,0,2.93,0,0.57,0,12.9,0,5,0
6.6,0,0.35,0,0.26,0,2.7,0,0.045,0,19.0,0,129.0,0,0.98952,0,3.24,0,0.48,0,13.0,0,7,0
6.3,0,0.22,0,0.3,0,2.0,0,0.05,0,23.0,0,120.0,0,0.99204,0,3.24,0,0.47,0,10.4,0,6,0
7.5,0,0.42,0,0.2,0,1.4,0,0.06,0,15.0,0,168.0,0,0.9944,0,3.06,0,0.4,0,9.4,0,6,0
6.6,0,0.39,0,0.22,0,4.0,0,0.038,0,17.0,0,98.0,0,0.99018,0,3.25,0,0.53,0,13.0,0,7,0
7.6,0,0.36,0,0.48,0,13.5,0,0.038,0,44.0,0,116.0,0,0.9982,0,3.04,0,0.48,0,9.2,0,5,0
6.9,0,0.14,0,0.29,0,9.9,0,0.056,0,30.0,0,91.0,0,0.99512,0,3.19,0,0.33,0,9.9,0,6,0
7.8,0,0.2,0,0.28,0,10.2,0,0.054,0,78.0,0,186.0,0,0.997,0,3.14,0,0.46,0,10.0,0,6,0
5.6,0,0.235,0,0.29,0,1.2,0,0.047,0,33.0,0,127.0,0,0.991,0,3.34,0,0.5,0,11.0,0,7,0
7.2,0,0.21,0,0.28,0,2.7,0,0.033,0,38.0,0,94.0,0,0.99075,0,2.99,0,0.43,0,11.8,0,7,0
7.4,0,0.28,0,0.25,0,11.9,0,0.053,0,25.0,0,148.0,0,0.9976,0,3.1,0,0.62,0,9.2,0,5,0
6.6,0,0.26,0,0.46,0,7.8,0,0.047,0,48.0,0,186.0,0,0.9958,0,3.2,0,0.54,0,9.1,0,5,0
7.9,0,0.25,0,0.35,0,6.7,0,0.039,0,22.0,0,64.0,0,0.99362,0,2.93,0,0.49,0,10.7,0,5,0
6.8,0,0.32,0,0.34,0,6.0,0,0.05,0,5.0,0,129.0,0,0.9953,0,3.19,0,0.4,0,9.1,0,5,0
7.0,0,0.27,0,0.29,0,3.9,0,0.059,0,28.0,0,199.0,0,0.9961,0,3.54,0,0.59,0,10.3,0,5,0
6.8,0,0.22,0,0.26,0,1.2,0,0.041,0,29.0,0,182.0,0,0.99104,0,3.04,0,0.35,0,11.2,0,5,0
5.7,0,0.22,0,0.22,0,16.65,0,0.044,0,39.0,0,110.0,0,0.99855,0,3.24,0,0.48,0,9.0,0,6,0
8.0,0,0.23,0,0.28,0,2.7,0,0.048,0,49.0,0,165.0,0,0.9952,0,3.26,0,0.72,0,9.5,0,6,0
7.7,0,0.32,0,0.62,1,10.6,0,0.036,0,56.0,0,153.0,0,0.9978,0,3.13,0,0.44,0,8.9,0,6,0
6.3,0,0.26,0,0.24,0,7.2,0,0.039,0,38.0,0,172.0,0,0.9958,0,3.49,0,0.64,0,9.7,0,6,0
6.0,0,0.33,0,0.2,0,1.8,0,0.031,0,49.0,0,159.0,0,0.9919,0,3.41,0,0.53,0,11.0,0,6,0
7.2,0,0.17,0,0.28,0,17.55,0,0.05,0,33.0,0,154.0,0,0.99971,0,2.94,0,0.43,0,9.0,0,7,0
8.9,1,0.21,0,0.34,0,7.1,0,0.037,0,33.0,0,150.0,0,0.9962,0,3.1,0,0.45,0,9.7,0,6,0
7.2,0,0.2,0,0.61,1,16.2,0,0.043,0,14.0,0,103.0,0,0.9987,0,3.06,0,0.36,0,9.2,0,6,0
7.3,0,0.19,0,0.49,0,15.55,0,0.058,0,50.0,0,134.0,0,0.9998,0,3.42,0,0.36,0,9.1,0,7,0
6.3,0,0.23,0,0.22,0,17.45,0,0.054,0,42.0,0,151.0,0,0.99853,0,3.12,0,0.6,0,9.3,0,6,0
6.4,0,0.28,0,0.28,0,3.0,0,0.04,0,19.0,0,98.0,0,0.99216,0,3.25,0,0.47,0,11.1,0,6,0
6.7,0,0.24,0,0.33,0,12.3,0,0.046,0,31.0,0,145.0,0,0.9983,0,3.36,0,0.4,0,9.5,0,5,0
5.7,0,0.22,0,0.2,0,16.0,0,0.044,0,41.0,0,113.0,0,0.99862,0,3.22,0,0.46,0,8.9,0,6,0
6.5,0,0.13,0,0.27,0,2.6,0,0.035,0,32.0,0,76.0,0,0.9914,0,3.21,0,0.76,0,11.3333333333333,0,6,0
5.7,0,0.29,0,0.16,0,7.9,0,0.044,0,48.0,0,197.0,0,0.99512,0,3.21,0,0.36,0,9.4,0,5,0
6.2,0,0.355,0,0.35,0,2.0,0,0.046,0,31.0,0,95.0,0,0.98822,0,3.06,0,0.46,0,13.6,0,6,0
7.3,0,0.25,0,0.36,0,2.1,0,0.034,0,30.0,0,177.0,0,0.99085,0,3.25,0,0.4,0,11.9,0,8,1
7.2,0,0.24,0,0.4,0,1.4,0,0.045,0,31.0,0,106.0,0,0.9914,0,2.88,0,0.38,0,10.8,0,6,0
6.4,0,0.33,0,0.24,0,9.8,0,0.041,0,29.0,0,109.0,0,0.9956,0,3.29,0,0.47,0,10.1,0,6,0
7.5,0,0.28,0,0.41,0,1.3,0,0.044,0,11.0,0,126.0,0,0.99293,0,3.28,0,0.45,0,10.3,0,5,0
6.5,0,0.28,0,0.34,0,3.6,0,0.04,0,29.0,0,121.0,0,0.99111,0,3.28,0,0.48,0,12.1,0,7,0
5.4,0,0.22,0,0.35,0,6.5,0,0.029,0,26.0,0,87.0,0,0.99092,0,3.29,0,0.44,0,12.5,0,7,0
8.4,0,0.24,0,0.49,0,7.4,0,0.039,0,46.0,0,108.0,0,0.9934,0,3.03,0,0.33,0,11.9,0,7,0
6.4,0,0.33,0,0.28,0,4.0,0,0.04,0,24.0,0,81.0,0,0.9903,0,3.26,0,0.64,0,12.6,0,7,0
6.6,0,0.34,0,0.34,0,2.6,0,0.051,0,40.5,0,210.0,0,0.99314,0,3.15,0,0.61,0,10.0,0,5,0
5.9,0,0.445,0,0.26,0,1.4,0,0.027,0,23.0,0,109.0,0,0.99148,0,3.3,0,0.36,0,10.5,0,6,0
8.0,0,0.37,0,0.32,0,1.6,0,0.04,0,32.0,0,166.0,0,0.992,0,3.0,0,0.55,0,11.3,0,7,0
7.7,0,0.49,0,1.0,1,19.6,0,0.03,0,28.0,0,135.0,0,0.9973,0,3.24,0,0.4,0,12.0,0,6,0
5.7,0,0.27,0,0.16,0,9.0,0,0.053,0,32.0,0,111.0,0,0.99474,0,3.36,0,0.37,0,10.4,0,6,0
8.0,0,0.45,0,0.36,0,8.8,0,0.026,0,50.0,0,151.0,0,0.9927,0,3.07,0,0.25,0,12.7,0,8,1
7.1,0,0.29,0,0.34,0,7.8,0,0.036,0,49.0,0,128.0,0,0.99397,0,3.21,0,0.4,0,10.7,0,6,0
6.6,0,0.33,0,0.41,0,2.0,0,0.027,0,14.0,0,79.0,0,0.99063,0,3.27,0,0.63,0,12.4,0,6,0
7.0,0,0.19,0,0.23,0,5.7,0,0.123,1,27.0,0,104.0,0,0.9954,0,3.04,0,0.54,0,9.4,0,6,0
6.2,0,0.24,0,0.22,0,7.9,0,0.053,0,45.0,0,149.0,0,0.99545,0,3.23,0,0.52,0,9.3,0,5,0
8.3,0,0.14,0,0.26,0,1.5,0,0.049,0,56.0,0,189.0,0,0.9946,0,3.21,0,0.62,0,9.5,0,6,0
6.8,0,0.13,0,0.39,0,1.4,0,0.034,0,19.0,0,102.0,0,0.99121,0,3.23,0,0.6,0,11.3,0,7,0
6.5,0,0.22,0,0.72,1,6.8,0,0.042,0,33.0,0,168.0,0,0.9958,0,3.12,0,0.36,0,9.2,0,6,0
7.0,0,0.24,0,0.51,0,11.0,0,0.029,0,55.0,0,227.0,0,0.9965,0,3.03,0,0.61,0,9.5,0,5,0
7.1,0,0.33,0,0.18,0,6.3,0,0.094,1,27.0,0,166.0,0,0.99474,0,2.9,0,0.49,0,9.5,0,5,0
6.4,0,0.42,0,0.74,1,12.8,0,0.076,1,48.0,0,209.0,0,0.9978,0,3.12,0,0.58,0,9.0,0,6,0
6.2,0,0.22,0,0.3,0,12.4,0,0.054,0,108.0,1,152.0,0,0.99728,0,3.1,0,0.47,0,9.5,0,6,0
6.4,0,0.29,0,0.18,0,15.0,0,0.04,0,21.0,0,116.0,0,0.99736,0,3.14,0,0.5,0,9.2,0,5,0
7.1,0,0.12,0,0.3,0,3.1,0,0.018,0,15.0,0,37.0,0,0.99004,0,3.02,0,0.52,0,11.9,0,7,0
7.3,0,0.28,0,0.37,0,1.2,0,0.039,0,26.0,0,99.0,0,0.99198,0,3.01,0,0.62,0,10.8,0,5,0
6.1,0,0.28,0,0.24,0,19.95,0,0.074,1,32.0,0,174.0,0,0.99922,0,3.19,0,0.44,0,9.3,0,6,0
10.7,1,0.22,0,0.56,1,8.2,0,0.044,0,37.0,0,181.0,0,0.998,0,2.87,0,0.68,0,9.5,0,6,0
6.4,0,0.25,0,0.3,0,5.5,0,0.038,0,15.0,0,129.0,0,0.9948,0,3.14,0,0.49,0,9.6,0,6,0
6.2,0,0.27,0,0.32,0,6.3,0,0.048,0,47.0,0,159.0,0,0.99282,0,3.21,0,0.6,0,11.0,0,6,0
7.7,0,0.27,0,0.49,0,3.8,0,0.037,0,46.0,0,139.0,0,0.99116,0,3.04,0,0.38,0,11.6,0,6,0
7.8,0,0.18,0,0.46,0,12.6,0,0.042,0,41.0,0,143.0,0,1.0,0,3.24,0,0.76,0,8.5,0,8,1
8.5,0,0.16,0,0.33,0,1.0,0,0.076,1,17.0,0,57.0,0,0.9921,0,3.14,0,0.46,0,10.6,0,6,0
6.1,0,0.24,0,0.27,0,9.8,0,0.062,0,33.0,0,152.0,0,0.9966,0,3.31,0,0.47,0,9.5,0,6,0
6.7,0,0.18,0,0.3,0,6.4,0,0.048,0,40.0,0,251.0,0,0.9956,0,3.29,0,0.52,0,10.0,0,5,0
7.2,0,0.46,0,0.65,1,10.4,0,0.05,0,76.0,0,192.0,0,0.9976,0,3.16,0,0.42,0,8.7,0,5,0
5.8,0,0.29,0,0.21,0,2.6,0,0.025,0,12.0,0,120.0,0,0.9894,0,3.39,0,0.79,1,14.0,0,7,0
6.8,0,0.39,0,0.31,0,14.35,0,0.043,0,28.0,0,162.0,0,0.9988,0,3.17,0,0.54,0,9.1,0,5,0
7.4,0,0.16,0,0.33,0,1.2,0,0.042,0,47.0,0,121.0,0,0.99198,0,3.04,0,0.68,0,10.5,0,7,0
6.5,0,0.28,0,0.28,0,20.4,0,0.041,0,40.0,0,144.0,0,1.0002,0,3.14,0,0.38,0,8.7,0,5,0
7.6,0,0.48,0,0.28,0,10.4,0,0.049,0,57.0,0,205.0,0,0.99748,0,3.24,0,0.45,0,9.3,0,5,0
6.0,0,0.28,0,0.29,0,19.3,0,0.051,0,36.0,0,174.0,0,0.99911,0,3.14,0,0.5,0,9.0,0,5,0
7.4,0,0.2,0,0.36,0,1.2,0,0.038,0,44.0,0,111.0,0,0.9926,0,3.36,0,0.34,0,9.9,0,6,0
7.4,0,0.16,0,0.3,0,1.4,0,0.064,0,34.0,0,166.0,0,0.99136,0,3.11,0,0.42,0,11.4333333333333,0,6,0
7.2,0,0.16,0,0.35,0,1.2,0,0.031,0,27.0,0,84.0,0,0.9928,0,3.33,0,0.34,0,9.9,0,5,0
6.7,0,0.24,0,0.32,0,10.3,0,0.079,1,37.0,0,122.0,0,0.99662,0,3.02,0,0.45,0,8.8,0,5,0
5.9,0,0.37,0,0.3,0,1.5,0,0.033,0,35.0,0,95.0,0,0.98986,0,3.36,0,0.56,0,12.0,0,7,0
6.5,0,0.26,0,0.34,0,16.3,0,0.051,0,56.0,0,197.0,0,1.0004,0,3.49,0,0.42,0,9.8,0,5,0
6.1,0,0.27,0,0.32,0,1.1,0,0.034,0,24.0,0,110.0,0,0.9898,0,3.36,0,0.4,0,12.5,0,6,0
6.8,0,0.22,0,0.31,0,6.9,0,0.037,0,33.0,0,121.0,0,0.99176,0,3.02,0,0.39,0,11.9,0,8,1
6.2,0,0.34,0,0.28,0,7.5,0,0.034,0,40.0,0,197.0,0,0.99485,0,3.14,0,0.6,0,9.7,0,5,0
6.8,0,0.15,0,0.33,0,4.7,0,0.059,0,31.0,0,118.0,0,0.9956,0,3.43,0,0.39,0,9.0,0,7,0
5.9,0,0.3,0,0.23,0,4.2,0,0.038,0,42.0,0,119.0,0,0.9924,0,3.15,0,0.5,0,11.0,0,5,0
9.0,1,0.29,0,0.34,0,12.1,0,0.03,0,34.0,0,177.0,0,0.99706,0,3.13,0,0.47,0,10.6,0,5,0
7.9,0,0.17,0,0.32,0,1.6,0,0.053,0,47.0,0,150.0,0,0.9948,0,3.29,0,0.76,0,9.6,0,6,0
6.3,0,0.27,0,0.18,0,7.7,0,0.048,0,45.0,0,186.0,0,0.9962,0,3.23,0,0.47,0,9.0,0,5,0
4.7,1,0.785,1,0.0,1,3.4,0,0.036,0,23.0,0,134.0,0,0.98981,0,3.53,0,0.92,1,13.8,0,6,0
6.3,0,0.21,0,0.28,0,1.5,0,0.051,0,46.0,0,142.0,0,0.9928,0,3.23,0,0.42,0,10.1,0,6,0
6.8,0,0.18,0,0.3,0,12.8,0,0.062,0,19.0,0,171.0,0,0.99808,0,3.0,0,0.52,0,9.0,0,7,0
7.1,0,0.37,0,0.3,0,6.2,0,0.04,0,49.0,0,139.0,0,0.99021,0,3.17,0,0.27,0,13.6,0,6,0
6.1,0,0.36,0,0.26,0,8.15,0,0.035,0,14.0,0,88.0,0,0.99031,0,3.06,0,0.27,0,13.0,0,7,0
6.4,0,0.17,0,0.32,0,2.4,0,0.048,0,41.0,0,200.0,0,0.9938,0,3.5,0,0.5,0,9.7,0,6,0
6.8,0,0.23,0,0.31,0,2.8,0,0.047,0,40.0,0,122.0,0,0.99126,0,3.06,0,0.64,0,10.9,0,7,0
8.8,0,0.34,0,0.33,0,9.7,0,0.036,0,46.0,0,172.0,0,0.9966,0,3.08,0,0.4,0,10.2,0,5,0
6.0,0,0.28,0,0.52,0,5.0,0,0.078,1,30.0,0,139.0,0,0.99494,0,3.1,0,0.36,0,9.0,0,6,0
5.2,0,0.22,0,0.46,0,6.2,0,0.066,0,41.0,0,187.0,0,0.99362,0,3.19,0,0.42,0,9.73333333333333,0,5,0
9.0,1,0.31,0,0.48,0,6.6,0,0.043,0,11.0,0,73.0,0,0.9938,0,2.9,0,0.38,0,11.6,0,5,0
7.7,0,0.24,0,0.31,0,1.3,0,0.047,0,33.0,0,106.0,0,0.993,0,3.22,0,0.55,0,10.8,0,6,0
7.5,0,0.31,0,0.51,0,14.8,0,0.039,0,62.0,0,204.0,0,0.9982,0,3.06,0,0.6,0,9.5,0,5,0
9.6,1,0.23,0,0.4,0,1.5,0,0.044,0,19.0,0,135.0,0,0.9937,0,2.96,0,0.49,0,10.9,0,5,0
6.5,0,0.22,0,0.5,0,16.4,0,0.048,0,36.0,0,182.0,0,0.99904,0,3.02,0,0.49,0,8.8,0,6,0
6.7,0,0.19,0,0.39,0,1.0,0,0.032,0,14.0,0,71.0,0,0.98912,0,3.31,0,0.38,0,13.0,0,7,0
6.4,0,0.15,0,0.36,0,1.8,0,0.034,0,43.0,0,150.0,0,0.9922,0,3.42,0,0.69,0,11.0,0,8,1
7.7,0,0.18,0,0.35,0,5.8,0,0.055,0,25.0,0,144.0,0,0.99576,0,3.24,0,0.54,0,10.2,0,6,0
7.1,0,0.47,0,0.24,0,6.0,0,0.044,0,11.0,0,77.0,0,0.9956,0,3.21,0,0.56,0,9.7,0,5,0
6.6,0,0.41,0,0.27,0,10.7,0,0.11,1,20.0,0,103.0,0,0.99672,0,3.08,0,0.41,0,9.0,0,6,0
7.1,0,0.14,0,0.35,0,1.4,0,0.039,0,24.0,0,128.0,0,0.99212,0,2.97,0,0.68,0,10.4,0,5,0
5.7,0,0.36,0,0.21,0,6.7,0,0.038,0,51.0,0,166.0,0,0.9941,0,3.29,0,0.63,0,10.0,0,6,0
6.3,0,0.16,0,0.22,0,1.3,0,0.046,0,18.0,0,66.0,0,0.99307,0,3.61,1,0.55,0,10.3,0,6,0
6.6,0,0.23,0,0.26,0,1.3,0,0.045,0,16.0,0,128.0,0,0.9934,0,3.36,0,0.6,0,10.0,0,6,0
7.5,0,0.17,0,0.37,0,1.5,0,0.06,0,18.0,0,75.0,0,0.9936,0,3.54,0,0.88,1,10.7,0,5,0
6.3,0,0.24,0,0.37,0,1.8,0,0.031,0,6.0,0,61.0,0,0.9897,0,3.3,0,0.34,0,12.2,0,4,0
7.5,0,0.16,0,0.38,0,12.7,0,0.043,0,70.5,0,163.0,0,0.99706,0,3.15,0,0.82,1,10.4,0,7,0
6.4,0,0.16,0,0.28,0,2.2,0,0.042,0,33.0,0,93.0,0,0.9914,0,3.31,0,0.43,0,11.1,0,6,0
6.3,0,0.2,0,0.26,0,4.7,0,0.04,0,108.0,1,168.0,0,0.99278,0,3.07,0,0.75,0,10.7,0,7,0
6.7,0,0.3,0,0.29,0,2.8,0,0.025,0,37.0,0,107.0,0,0.99159,0,3.31,0,0.63,0,11.3,0,7,0
5.1,0,0.33,0,0.27,0,6.7,0,0.022,0,44.0,0,129.0,0,0.99221,0,3.36,0,0.39,0,11.0,0,7,0
6.8,0,0.21,0,0.37,0,7.0,0,0.038,0,27.0,0,107.0,0,0.99206,0,2.98,0,0.82,1,11.5,0,6,0
7.1,0,0.44,0,0.23,0,5.8,0,0.035,0,24.0,0,100.0,0,0.99062,0,3.15,0,0.57,0,13.2,0,7,0
8.1,0,0.2,0,0.49,0,8.1,0,0.051,0,51.0,0,205.0,0,0.9954,0,3.1,0,0.52,0,11.0,0,6,0
8.2,0,0.37,0,0.27,0,1.7,0,0.028,0,10.0,0,59.0,0,0.9923,0,2.97,0,0.48,0,10.4,0,5,0
6.5,0,0.41,0,0.24,0,14.0,0,0.048,0,24.0,0,113.0,0,0.9982,0,3.44,0,0.53,0,9.8,0,6,0
6.8,0,0.21,0,0.62,1,6.4,0,0.041,0,7.0,0,113.0,0,0.99358,0,2.96,0,0.59,0,10.2,0,5,0
7.2,0,0.2,0,0.28,0,1.6,0,0.028,0,13.0,0,168.0,0,0.99203,0,3.17,0,1.06,1,11.5,0,6,0
5.3,0,0.6,1,0.34,0,1.4,0,0.031,0,3.0,0,60.0,0,0.98854,0,3.27,0,0.38,0,13.0,0,6,0
6.5,0,0.2,0,0.24,0,9.2,0,0.044,0,25.0,0,150.0,0,0.99502,0,3.22,0,0.44,0,10.5,0,5,0
7.1,0,0.365,0,0.14,0,1.2,0,0.055,0,24.0,0,84.0,0,0.9941,0,3.15,0,0.43,0,8.9,0,5,0
6.3,0,0.3,0,0.24,0,6.6,0,0.04,0,38.0,0,141.0,0,0.995,0,3.22,0,0.47,0,9.5,0,5,0
7.4,0,0.41,0,0.34,0,4.7,0,0.042,0,19.0,0,127.0,0,0.9953,0,3.25,0,0.42,0,10.4,0,5,0
6.6,0,0.54,1,0.21,0,16.3,0,0.055,0,41.0,0,182.0,0,0.9986,0,3.35,0,0.54,0,10.4,0,6,0
7.8,0,0.29,0,0.33,0,8.75,0,0.035,0,33.0,0,181.0,0,0.9962,0,3.11,0,0.46,0,10.7,0,5,0
7.7,0,0.44,0,0.24,0,11.2,0,0.031,0,41.0,0,167.0,0,0.9948,0,3.12,0,0.43,0,11.3,0,7,0
9.4,1,0.29,0,0.55,1,2.2,0,0.05,0,17.0,0,119.0,0,0.9962,0,3.12,0,0.69,0,10.3,0,4,0
6.8,0,0.26,0,0.42,0,1.7,0,0.049,0,41.0,0,122.0,0,0.993,0,3.47,0,0.48,0,10.5,0,8,1
7.7,0,0.28,0,0.29,0,4.3,0,0.051,0,25.0,0,142.0,0,0.9939,0,3.16,0,0.39,0,10.2,0,5,0
7.9,0,0.33,0,0.28,0,31.6,1,0.053,0,35.0,0,176.0,0,1.0103,1,3.15,0,0.38,0,8.8,0,6,0
5.8,0,0.6,1,0.0,1,1.3,0,0.044,0,72.0,0,197.0,0,0.99202,0,3.56,0,0.43,0,10.9,0,5,0
6.5,0,0.29,0,0.52,0,1.7,0,0.034,0,41.0,0,193.0,0,0.99223,0,3.25,0,0.59,0,10.4,0,6,0
6.9,0,0.31,0,0.32,0,1.2,0,0.024,0,20.0,0,166.0,0,0.99208,0,3.05,0,0.54,0,9.8,0,6,0
8.5,0,0.23,0,0.34,0,1.3,0,0.035,0,54.0,0,110.0,0,0.99176,0,3.07,0,0.55,0,11.0,0,7,0
7.0,0,0.35,0,0.17,0,1.1,0,0.049,0,7.0,0,119.0,0,0.99297,0,3.13,0,0.36,0,9.7,0,6,0
7.1,0,0.21,0,0.27,0,8.6,0,0.056,0,26.0,0,111.0,0,0.9956,0,2.95,0,0.52,0,9.5,0,5,0
7.5,0,0.19,0,0.34,0,2.6,0,0.037,0,33.0,0,125.0,0,0.9923,0,3.1,0,0.49,0,11.1,0,7,0
6.8,0,0.25,0,0.31,0,13.3,0,0.05,0,69.0,0,202.0,0,0.9972,0,3.22,0,0.48,0,9.7,0,6,0
6.3,0,0.27,0,0.51,0,7.6,0,0.049,0,35.0,0,200.0,0,0.99548,0,3.16,0,0.54,0,9.4,0,4,0
5.6,0,0.34,0,0.3,0,6.9,0,0.038,0,23.0,0,89.0,0,0.99266,0,3.25,0,0.49,0,11.1,0,6,0
6.8,0,0.44,0,0.37,0,5.1,0,0.047,0,46.0,0,201.0,0,0.9938,0,3.08,0,0.65,0,10.5,0,4,0
5.9,0,0.25,0,0.19,0,12.4,0,0.047,0,50.0,0,162.0,0,0.9973,0,3.35,0,0.38,0,9.5,0,5,0
7.0,0,0.16,0,0.32,0,8.3,0,0.045,0,38.0,0,126.0,0,0.9958,0,3.21,0,0.34,0,9.2,0,5,0
7.1,0,0.21,0,0.28,0,2.7,0,0.034,0,23.0,0,111.0,0,0.99405,0,3.35,0,0.64,0,10.2,0,4,0
7.3,0,0.22,0,0.41,0,15.4,0,0.05,0,55.0,0,191.0,0,1.0,0,3.32,0,0.59,0,8.9,0,6,0
7.2,0,0.23,0,0.38,0,14.3,0,0.058,0,55.0,0,194.0,0,0.9979,0,3.09,0,0.44,0,9.0,0,6,0
7.0,0,0.15,0,0.3,0,13.3,0,0.049,0,46.0,0,120.0,0,0.99704,0,3.2,0,0.36,0,9.5,0,7,0
7.0,0,0.29,0,0.37,0,4.9,0,0.034,0,26.0,0,127.0,0,0.9928,0,3.17,0,0.44,0,10.8,0,6,0
7.3,0,0.19,0,0.27,0,13.9,0,0.057,0,45.0,0,155.0,0,0.99807,0,2.94,0,0.41,0,8.8,0,8,1
9.2,1,0.34,0,0.54,0,17.3,0,0.06,0,46.0,0,235.0,0,1.00182,0,3.08,0,0.61,0,8.8,0,6,0
7.0,0,0.34,0,0.1,1,3.5,0,0.044,0,17.0,0,63.0,0,0.9937,0,3.01,0,0.39,0,9.2,0,5,0
7.4,0,0.33,0,0.26,0,15.6,0,0.049,0,67.0,0,210.0,0,0.99907,0,3.06,0,0.68,0,9.5,0,5,0
7.0,0,0.57,1,0.1,1,8.3,0,0.094,1,23.0,0,188.0,0,0.9972,0,3.4,0,0.47,0,9.2,0,4,0
5.5,0,0.31,0,0.29,0,3.0,0,0.027,0,16.0,0,102.0,0,0.99067,0,3.23,0,0.56,0,11.2,0,6,0
7.4,0,0.33,0,0.26,0,15.6,0,0.049,0,67.0,0,210.0,0,0.99907,0,3.06,0,0.68,0,9.5,0,5,0
8.3,0,0.49,0,0.23,0,6.65,0,0.034,0,6.0,0,158.0,0,0.99344,0,3.05,0,0.48,0,11.2,0,5,0
6.6,0,0.17,0,0.35,0,2.6,0,0.03,0,33.0,0,78.0,0,0.99146,0,3.22,0,0.72,0,11.3,0,6,0
7.3,0,0.815,1,0.09,1,11.4,0,0.044,0,45.0,0,204.0,0,0.99713,0,3.15,0,0.46,0,9.0,0,5,0
6.0,0,0.19,0,0.29,0,1.1,0,0.047,0,67.0,0,152.0,0,0.9916,0,3.54,0,0.59,0,11.1,0,7,0
8.1,0,0.17,0,0.44,0,14.1,0,0.053,0,43.0,0,145.0,0,1.0006,0,3.28,0,0.75,0,8.8,0,8,1
7.4,0,0.19,0,0.31,0,14.5,0,0.045,0,39.0,0,193.0,0,0.9986,0,3.1,0,0.5,0,9.2,0,6,0
6.3,0,0.19,0,0.29,0,2.0,0,0.022,0,33.0,0,96.0,0,0.98902,0,3.04,0,0.54,0,12.8,0,7,0
6.9,0,0.36,0,0.35,0,8.6,0,0.038,0,37.0,0,125.0,0,0.9916,0,3.0,0,0.32,0,12.4,0,8,1
6.7,0,0.23,0,0.17,0,1.3,0,0.061,0,14.0,0,100.0,0,0.9925,0,3.07,0,0.55,0,9.5,0,5,0
5.5,0,0.3,0,0.25,0,1.9,0,0.029,0,33.0,0,118.0,0,0.98972,0,3.36,0,0.66,0,12.5,0,6,0
6.2,0,0.36,0,0.26,0,13.2,0,0.051,0,54.0,0,201.0,0,0.9976,0,3.25,0,0.46,0,9.0,0,5,0
5.2,0,0.21,0,0.31,0,1.7,0,0.048,0,17.0,0,61.0,0,0.98953,0,3.24,0,0.37,0,12.0,0,7,0
6.8,0,0.3,0,0.27,0,11.6,0,0.028,0,22.0,0,97.0,0,0.99314,0,2.96,0,0.38,0,11.7,0,6,0
7.4,0,0.19,0,0.3,0,12.8,0,0.053,0,48.5,0,229.0,0,0.9986,0,3.14,0,0.49,0,9.1,0,7,0
7.0,0,0.15,0,0.28,0,14.7,0,0.051,0,29.0,0,149.0,0,0.99792,0,2.96,0,0.39,0,9.0,0,7,0
7.1,0,0.25,0,0.25,0,1.6,0,0.046,0,50.0,0,181.0,0,0.9925,0,3.2,0,0.42,0,11.0,0,7,0
6.6,0,0.34,0,0.28,0,1.3,0,0.035,0,32.0,0,90.0,0,0.9916,0,3.1,0,0.42,0,10.7,0,6,0
6.7,0,0.25,0,0.26,0,1.55,0,0.041,0,118.5,1,216.0,0,0.9949,0,3.55,0,0.63,0,9.4,0,3,1
7.1,0,0.2,0,0.36,0,11.6,0,0.042,0,45.0,0,124.0,0,0.997,0,2.92,0,0.59,0,9.5,0,7,0
6.2,0,0.23,0,0.36,0,17.2,0,0.039,0,37.0,0,130.0,0,0.99946,0,3.23,0,0.43,0,8.8,0,6,0
8.0,0,0.2,0,0.3,0,8.1,0,0.037,0,42.0,0,130.0,0,0.99379,0,3.1,0,0.67,0,11.8,0,6,0
6.9,0,0.22,0,0.37,0,15.0,0,0.053,0,59.0,0,178.0,0,0.9992,0,3.37,0,0.82,1,9.5,0,7,0
7.9,0,0.19,0,0.26,0,2.1,0,0.039,0,8.0,0,143.0,0,0.9942,0,3.05,0,0.74,0,9.8,0,5,0
6.9,0,0.25,0,0.4,0,1.3,0,0.038,0,22.0,0,101.0,0,0.9901,0,3.03,0,0.39,0,11.4,0,6,0
6.7,0,0.18,0,0.28,0,10.2,0,0.039,0,29.0,0,115.0,0,0.99469,0,3.11,0,0.45,0,10.9,0,7,0
6.3,0,0.4,0,0.24,0,5.1,0,0.036,0,43.0,0,131.0,0,0.99186,0,3.24,0,0.44,0,11.3,0,6,0
8.0,0,0.36,0,0.39,0,1.6,0,0.024,0,26.0,0,93.0,0,0.99116,0,3.15,0,0.49,0,11.9,0,6,0
6.6,0,0.23,0,0.24,0,3.9,0,0.045,0,36.0,0,138.0,0,0.9922,0,3.15,0,0.64,0,11.3,0,7,0
7.3,0,0.28,0,0.54,0,12.9,0,0.049,0,62.0,0,162.5,0,0.9984,0,3.06,0,0.45,0,9.1,0,6,0
6.7,0,0.29,0,0.45,0,14.3,0,0.054,0,30.0,0,181.0,0,0.99869,0,3.14,0,0.57,0,9.1,0,5,0
7.1,0,0.2,0,0.27,0,9.6,0,0.037,0,19.0,0,105.0,0,0.99444,0,3.04,0,0.37,0,10.5,0,7,0
8.8,0,0.23,0,0.74,1,3.2,0,0.042,0,15.0,0,126.0,0,0.9934,0,3.02,0,0.51,0,11.2,0,6,0
7.7,0,0.3,0,0.42,0,14.3,0,0.045,0,45.0,0,213.0,0,0.9991,0,3.18,0,0.63,0,9.2,0,5,0
7.1,0,0.26,0,0.34,0,14.4,0,0.067,0,35.0,0,189.0,0,0.9986,0,3.07,0,0.53,0,9.1,0,7,0
6.9,0,0.22,0,0.28,0,7.8,0,0.05,0,43.0,0,116.0,0,0.99326,0,3.22,0,0.6,0,11.5,0,8,1
6.1,0,0.31,0,0.34,0,2.8,0,0.042,0,59.5,0,162.0,0,0.99179,0,3.27,0,0.47,0,10.8,0,6,0
7.1,0,0.39,0,0.35,0,12.5,0,0.044,0,26.0,0,72.0,0,0.9941,0,3.17,0,0.29,0,11.6,0,5,0
6.3,0,0.25,0,0.22,0,3.3,0,0.048,0,41.0,0,161.0,0,0.99256,0,3.16,0,0.5,0,10.5,0,6,0
7.2,0,0.31,0,0.5,0,13.3,0,0.056,0,68.0,0,195.0,0,0.9982,0,3.01,0,0.47,0,9.2,0,5,0
6.6,0,0.29,0,0.39,0,6.75,0,0.031,0,22.0,0,98.0,0,0.9913,0,3.15,0,0.8,1,12.9,0,7,0
6.6,0,0.22,0,0.35,0,1.4,0,0.05,0,23.0,0,83.0,0,0.99019,0,3.17,0,0.48,0,12.0,0,7,0
7.8,0,0.3,0,0.37,0,1.3,0,0.051,0,16.0,0,96.0,0,0.9941,0,3.32,0,0.62,0,10.0,0,5,0
7.5,0,0.26,0,0.31,0,1.6,0,0.032,0,36.0,0,109.0,0,0.99044,0,2.97,0,0.43,0,11.9,0,6,0
8.0,0,0.14,0,0.49,0,1.5,0,0.035,0,42.0,0,120.0,0,0.9928,0,3.26,0,0.4,0,10.6,0,7,0
6.7,0,0.16,0,0.34,0,1.6,0,0.026,0,27.0,0,109.0,0,0.9934,0,3.34,0,0.58,0,10.1,0,6,0
7.3,0,0.24,0,0.34,0,15.4,0,0.05,0,38.0,0,174.0,0,0.9983,0,3.03,0,0.42,0,9.0,0,6,0
7.1,0,0.17,0,0.4,0,14.55,0,0.047,0,47.0,0,156.0,0,0.99945,0,3.34,0,0.78,1,9.1,0,6,0
5.6,0,0.225,0,0.24,0,9.8,0,0.054,0,59.0,0,140.0,0,0.99545,0,3.17,0,0.39,0,10.2,0,6,0
7.3,0,0.19,0,0.27,0,13.9,0,0.057,0,45.0,0,155.0,0,0.99807,0,2.94,0,0.41,0,8.8,0,8,1
6.4,0,0.15,0,0.29,0,1.8,0,0.044,0,21.0,0,115.0,0,0.99166,0,3.1,0,0.38,0,10.2,0,5,0
8.2,0,0.24,0,0.3,0,2.3,0,0.05,0,23.0,0,106.0,0,0.99397,0,2.98,0,0.5,0,10.0,0,5,0
5.6,0,0.26,0,0.27,0,10.6,0,0.03,0,27.0,0,119.0,0,0.9947,0,3.4,0,0.34,0,10.7,0,7,0
5.9,0,0.14,0,0.2,0,1.6,0,0.04,0,26.0,0,114.0,0,0.99105,0,3.25,0,0.45,0,11.4,0,6,0
7.5,0,0.18,0,0.31,0,11.7,0,0.051,0,24.0,0,94.0,0,0.997,0,3.19,0,0.44,0,9.5,0,7,0
7.6,0,0.4,0,0.27,0,5.2,0,0.03,0,32.0,0,101.0,0,0.99172,0,3.22,0,0.62,0,12.3,0,7,0
7.6,0,0.29,0,0.26,0,6.5,0,0.042,0,32.0,0,160.0,0,0.9944,0,3.14,0,0.47,0,10.7,0,5,0
6.9,0,0.24,0,0.4,0,15.4,0,0.052,0,81.0,1,198.0,0,0.9986,0,3.2,0,0.69,0,9.4,0,5,0
6.6,0,0.21,0,0.6,1,1.1,0,0.135,1,61.0,0,144.0,0,0.9927,0,3.12,0,0.39,0,9.3,0,7,0
7.7,0,0.27,0,0.34,0,1.8,0,0.028,0,26.0,0,168.0,0,0.9911,0,2.99,0,0.48,0,12.1,0,7,0
6.8,0,0.29,0,0.22,0,3.4,0,0.035,0,40.0,0,122.0,0,0.99024,0,3.09,0,0.47,0,12.3,0,6,0
5.8,0,0.17,0,0.3,0,1.4,0,0.037,0,55.0,0,130.0,0,0.9909,0,3.29,0,0.38,0,11.3,0,6,0
7.7,0,0.26,0,0.31,0,1.3,0,0.043,0,47.0,0,155.0,0,0.9937,0,3.42,0,0.5,0,10.1,0,6,0
6.0,0,0.22,0,0.33,0,12.2,0,0.033,0,25.0,0,97.0,0,0.99356,0,3.17,0,0.42,0,11.3,0,7,0
6.9,0,0.2,0,0.37,0,6.2,0,0.027,0,24.0,0,97.0,0,0.992,0,3.38,0,0.49,0,12.2,0,7,0
6.8,0,0.22,0,0.29,0,8.9,0,0.046,0,82.0,1,188.0,0,0.9955,0,3.3,0,0.44,0,10.3,0,6,0
6.0,0,0.26,0,0.32,0,3.5,0,0.028,0,29.0,0,113.0,0,0.9912,0,3.4,0,0.71,0,12.3,0,7,0
6.3,0,0.13,0,0.42,0,1.1,0,0.043,0,63.0,0,146.0,0,0.99066,0,3.13,0,0.72,0,11.2,0,7,0
8.3,0,0.28,0,0.4,0,7.8,0,0.041,0,38.0,0,194.0,0,0.9976,0,3.34,0,0.51,0,9.6,0,6,0
7.1,0,0.23,0,0.3,0,2.6,0,0.034,0,62.0,0,148.0,0,0.99121,0,3.03,0,0.56,0,11.3,0,7,0
5.8,0,0.27,0,0.26,0,3.5,0,0.071,0,26.0,0,69.0,0,0.98994,0,3.1,0,0.38,0,11.5,0,6,0
6.4,0,0.27,0,0.3,0,1.6,0,0.04,0,19.0,0,86.0,0,0.99089,0,3.32,0,0.65,0,11.5,0,6,0
6.9,0,0.49,0,0.24,0,1.2,0,0.049,0,13.0,0,125.0,0,0.9932,0,3.17,0,0.51,0,9.4,0,5,0
7.2,0,0.25,0,0.19,0,8.0,0,0.044,0,51.0,0,172.0,0,0.9964,0,3.16,0,0.44,0,9.2,0,5,0
7.2,0,0.39,0,0.63,1,11.0,0,0.044,0,55.0,0,156.0,0,0.9974,0,3.09,0,0.44,0,8.7,0,6,0
7.3,0,0.21,0,0.29,0,1.6,0,0.034,0,29.0,0,118.0,0,0.9917,0,3.3,0,0.5,0,11.0,0,8,1
6.2,0,0.34,0,0.29,0,7.6,0,0.047,0,45.0,0,232.0,0,0.9955,0,3.35,0,0.62,0,10.0,0,6,0
8.3,0,0.22,0,0.34,0,1.1,0,0.043,0,20.0,0,116.0,0,0.9927,0,3.0,0,0.47,0,10.2,0,6,0
6.5,0,0.24,0,0.19,0,1.2,0,0.041,0,30.0,0,111.0,0,0.99254,0,2.99,0,0.46,0,9.4,0,6,0
5.9,0,0.19,0,0.37,0,0.8,0,0.027,0,3.0,0,21.0,1,0.9897,0,3.09,0,0.31,0,10.8,0,5,0
7.4,0,0.2,0,0.35,0,2.1,0,0.038,0,30.0,0,116.0,0,0.9949,0,3.49,0,0.77,1,10.3,0,7,0
7.4,0,0.18,0,0.3,0,8.8,0,0.064,0,26.0,0,103.0,0,0.9961,0,2.94,0,0.56,0,9.3,0,5,0
6.1,0,0.15,0,0.29,0,6.2,0,0.046,0,39.0,0,151.0,0,0.99471,0,3.6,1,0.44,0,10.6,0,6,0
6.2,0,0.3,0,0.33,0,3.5,0,0.037,0,37.0,0,155.0,0,0.98987,0,3.18,0,0.37,0,12.4,0,6,0
6.5,0,0.29,0,0.53,0,1.7,0,0.04,0,41.0,0,192.0,0,0.9922,0,3.26,0,0.59,0,10.4,0,7,0
5.9,0,0.29,0,0.28,0,3.2,0,0.035,0,16.0,0,117.0,0,0.98959,0,3.26,0,0.42,0,12.6,0,6,0
6.7,0,0.18,0,0.24,0,10.3,0,0.057,0,64.0,0,185.0,0,0.99519,0,3.12,0,0.5,0,10.6,0,6,0
7.1,0,0.4,0,0.52,0,1.3,0,0.148,1,45.0,0,149.0,0,0.99468,0,3.08,0,0.56,0,8.7,0,5,0
6.8,0,0.26,0,0.44,0,8.2,0,0.046,0,52.0,0,183.0,0,0.99584,0,3.2,0,0.51,0,9.4,0,5,0
8.0,0,0.23,0,0.41,0,1.1,0,0.048,0,35.0,0,150.0,0,0.99168,0,3.09,0,0.47,0,11.2,0,5,0
5.9,0,0.3,0,0.29,0,1.1,0,0.036,0,23.0,0,56.0,0,0.9904,0,3.19,0,0.38,0,11.3,0,5,0
9.4,1,0.24,0,0.29,0,8.5,0,0.037,0,124.0,1,208.0,0,0.99395,0,2.9,0,0.38,0,11.0,0,3,1
6.9,0,0.32,0,0.13,0,7.8,0,0.042,0,11.0,0,117.0,0,0.996,0,3.23,0,0.37,0,9.2,0,5,0
6.9,0,0.23,0,0.38,0,8.3,0,0.047,0,47.0,0,162.0,0,0.9954,0,3.34,0,0.52,0,10.5,0,7,0
6.1,0,0.55,1,0.15,0,9.8,0,0.031,0,19.0,0,125.0,0,0.9957,0,3.36,0,0.47,0,10.2,0,6,0
5.8,0,0.345,0,0.15,0,10.8,0,0.033,0,26.0,0,120.0,0,0.99494,0,3.25,0,0.49,0,10.0,0,6,0
6.6,0,0.28,0,0.41,0,7.0,0,0.046,0,59.0,0,194.0,0,0.99558,0,3.14,0,0.48,0,9.4,0,5,0
7.4,0,0.25,0,0.37,0,13.5,0,0.06,0,52.0,0,192.0,0,0.9975,0,3.0,0,0.44,0,9.1,0,5,0
7.0,0,0.22,0,0.26,0,9.2,0,0.027,0,37.0,0,122.0,0,0.99228,0,3.06,0,0.34,0,12.5,0,8,1
7.4,0,0.32,0,0.22,0,11.7,0,0.035,0,44.0,0,150.0,0,0.99578,0,3.1,0,0.45,0,10.4,0,5,0
7.2,0,0.19,0,0.31,0,1.4,0,0.046,0,37.0,0,135.0,0,0.9939,0,3.34,0,0.57,0,10.2,0,7,0
7.9,0,0.11,0,0.49,0,4.5,0,0.048,0,27.0,0,133.0,0,0.9946,0,3.24,0,0.42,0,10.6,0,6,0
6.2,0,0.23,0,0.36,0,17.2,0,0.039,0,37.0,0,130.0,0,0.99946,0,3.23,0,0.43,0,8.8,0,6,0
6.6,0,0.26,0,0.38,0,6.5,0,0.17,1,68.0,0,201.0,0,0.9956,0,3.19,0,0.38,0,9.4,0,6,0
6.2,0,0.47,0,0.19,0,8.3,0,0.029,0,24.0,0,142.0,0,0.992,0,3.22,0,0.45,0,12.3,0,6,0
6.9,0,0.19,0,0.31,0,19.25,0,0.043,0,38.0,0,167.0,0,0.99954,0,2.93,0,0.52,0,9.1,0,7,0
6.4,0,0.25,0,0.74,1,7.8,0,0.045,0,52.0,0,209.0,0,0.9956,0,3.21,0,0.42,0,9.2,0,6,0
7.2,0,0.24,0,0.28,0,1.9,0,0.032,0,30.0,0,92.0,0,0.9914,0,3.1,0,0.39,0,10.9,0,6,0
8.7,0,0.34,0,0.46,0,13.8,0,0.055,0,68.0,0,198.0,0,0.9988,0,3.36,0,0.37,0,9.5,0,6,0
5.8,0,0.28,0,0.28,0,4.2,0,0.044,0,52.0,0,158.0,0,0.992,0,3.35,0,0.44,0,10.7,0,7,0
6.2,0,0.36,0,0.32,0,4.0,0,0.036,0,44.0,0,92.0,0,0.98936,0,3.2,0,0.5,0,13.3,0,7,0
6.4,0,0.33,0,0.24,0,1.6,0,0.054,0,25.0,0,117.0,0,0.9943,0,3.36,0,0.5,0,9.3,0,5,0
7.6,0,0.48,0,0.33,0,7.0,0,0.024,0,14.0,0,130.0,0,0.9918,0,3.25,0,0.45,0,12.5,0,7,0
8.3,0,0.36,0,0.57,1,15.0,0,0.052,0,35.0,0,256.0,1,1.0001,0,2.93,0,0.64,0,8.6,0,5,0
6.6,0,0.38,0,0.18,0,1.2,0,0.042,0,20.0,0,84.0,0,0.9927,0,3.22,0,0.45,0,10.1,0,4,0
7.6,0,0.285,0,0.32,0,14.6,0,0.063,0,32.0,0,201.0,0,0.998,0,3.0,0,0.45,0,9.2,0,5,0
7.8,0,0.25,0,0.28,0,7.2,0,0.04,0,46.0,0,179.0,0,0.99541,0,3.14,0,0.6,0,10.1,0,6,0
7.2,0,0.4,0,0.62,1,10.8,0,0.041,0,70.0,0,189.0,0,0.9976,0,3.08,0,0.49,0,8.6,0,4,0
7.2,0,0.39,0,0.62,1,11.0,0,0.047,0,66.0,0,178.0,0,0.9976,0,3.16,0,0.5,0,8.7,0,5,0
5.9,0,0.22,0,0.29,0,4.2,0,0.037,0,69.0,0,144.0,0,0.99214,0,3.13,0,0.74,0,10.8,0,7,0
6.7,0,0.11,0,0.26,0,14.8,0,0.053,0,44.0,0,95.0,0,0.99676,0,3.2,0,0.35,0,9.8,0,6,0
7.6,0,0.48,0,0.37,0,0.8,0,0.037,0,4.0,0,100.0,0,0.9902,0,3.03,0,0.39,0,11.4,0,4,0
6.6,0,0.26,0,0.56,1,15.4,0,0.053,0,32.0,0,141.0,0,0.9981,0,3.11,0,0.49,0,9.3,0,5,0
6.8,0,0.3,0,0.33,0,12.8,0,0.041,0,60.0,0,168.0,0,0.99659,0,3.1,0,0.56,0,9.8,0,5,0
6.0,0,0.31,0,0.27,0,2.3,0,0.042,0,19.0,0,120.0,0,0.98952,0,3.32,0,0.41,0,12.7,0,7,0
6.5,0,0.22,0,0.29,0,7.4,0,0.028,0,16.0,0,87.0,0,0.99311,0,3.15,0,0.56,0,10.9,0,7,0
7.6,0,0.48,0,0.28,0,10.4,0,0.049,0,57.0,0,205.0,0,0.99748,0,3.24,0,0.45,0,9.3,0,5,0
6.5,0,0.22,0,0.25,0,17.1,0,0.05,0,44.0,0,138.0,0,1.0001,0,3.3,0,0.37,0,8.8,0,5,0
6.6,0,0.2,0,0.38,0,7.9,0,0.052,0,30.0,0,145.0,0,0.9947,0,3.32,0,0.56,0,11.0,0,7,0
6.3,0,0.27,0,0.49,0,1.2,0,0.063,0,35.0,0,92.0,0,0.9911,0,3.38,0,0.42,0,12.2,0,6,0
6.5,0,0.3,0,0.27,0,4.0,0,0.038,0,37.0,0,97.0,0,0.99026,0,3.2,0,0.6,0,12.6,0,8,1
5.8,0,0.2,0,0.3,0,1.5,0,0.031,0,21.0,0,57.0,0,0.99115,0,3.44,0,0.55,0,11.0,0,6,0
7.3,0,0.4,0,0.28,0,6.5,0,0.037,0,26.0,0,97.0,0,0.99148,0,3.16,0,0.58,0,12.6,0,7,0
7.3,0,0.19,0,0.27,0,1.6,0,0.027,0,35.0,0,136.0,0,0.99248,0,3.38,0,0.54,0,11.0,0,7,0
6.4,0,0.16,0,0.37,0,1.5,0,0.037,0,27.0,0,109.0,0,0.99345,0,3.38,0,0.5,0,9.8,0,6,0
8.2,0,0.18,0,0.38,0,1.1,0,0.04,0,41.0,0,92.0,0,0.99062,0,2.88,0,0.6,0,12.0,0,6,0
7.0,0,0.26,0,0.46,0,15.55,0,0.037,0,61.0,0,171.0,0,0.9986,0,2.94,0,0.35,0,8.8,0,6,0
6.0,0,0.24,0,0.27,0,1.9,0,0.048,0,40.0,0,170.0,0,0.9938,0,3.64,1,0.54,0,10.0,0,7,0
6.5,0,0.18,0,0.33,0,1.4,0,0.029,0,35.0,0,138.0,0,0.99114,0,3.36,0,0.6,0,11.5,0,7,0
6.2,0,0.29,0,0.29,0,5.6,0,0.046,0,35.0,0,178.0,0,0.99313,0,3.25,0,0.51,0,10.5333333333333,0,5,0
5.2,0,0.31,0,0.36,0,5.1,0,0.031,0,46.0,0,145.0,0,0.9897,0,3.14,0,0.31,0,12.4,0,7,0
8.5,0,0.15,0,0.49,0,1.5,0,0.031,0,17.0,0,122.0,0,0.9932,0,3.03,0,0.4,0,10.3,0,6,0
7.2,0,0.4,0,0.38,0,2.2,0,0.03,0,40.0,0,109.0,0,0.99075,0,3.27,0,0.46,0,12.6,0,6,0
7.1,0,0.26,0,0.19,0,8.2,0,0.051,0,53.0,0,187.0,0,0.996,0,3.16,0,0.52,0,9.7,0,5,0
5.7,0,0.385,0,0.04,1,12.6,0,0.034,0,22.0,0,115.0,0,0.9964,0,3.28,0,0.63,0,9.9,0,6,0
6.8,0,0.2,0,0.36,0,1.6,0,0.028,0,7.0,0,46.0,0,0.99175,0,3.21,0,0.6,0,10.9,0,6,0
7.1,0,0.24,0,0.34,0,1.2,0,0.045,0,6.0,0,132.0,0,0.99132,0,3.16,0,0.46,0,11.2,0,4,0
7.0,0,0.16,0,0.25,0,14.3,0,0.044,0,27.0,0,149.0,0,0.998,0,2.91,0,0.46,0,9.2,0,6,0
7.0,0,0.21,0,0.28,0,8.7,0,0.045,0,37.0,0,222.0,0,0.9954,0,3.25,0,0.54,0,10.4,0,6,0
6.9,0,0.19,0,0.28,0,5.0,0,0.058,0,14.0,0,146.0,0,0.9952,0,3.29,0,0.36,0,9.1,0,6,0
7.6,0,0.26,0,0.32,0,1.3,0,0.048,0,23.0,0,76.0,0,0.9903,0,2.96,0,0.46,0,12.0,0,6,0
6.8,0,0.23,0,0.3,0,1.7,0,0.043,0,19.0,0,95.0,0,0.99207,0,3.17,0,0.46,0,10.7,0,7,0
6.6,0,0.56,1,0.22,0,8.9,0,0.034,0,27.0,0,133.0,0,0.99675,0,3.2,0,0.51,0,9.1,0,5,0
7.1,0,0.26,0,0.31,0,2.2,0,0.044,0,29.0,0,128.0,0,0.9937,0,3.34,0,0.64,0,10.9,0,8,1
6.6,0,0.56,1,0.16,0,3.1,0,0.045,0,28.0,0,92.0,0,0.994,0,3.12,0,0.35,0,9.1,0,6,0
7.1,0,0.33,0,0.64,1,13.2,0,0.056,0,12.0,0,105.0,0,0.9972,0,3.05,0,0.39,0,9.2,0,5,0
6.8,0,0.17,0,0.74,1,2.4,0,0.053,0,61.0,0,182.0,0,0.9953,0,3.63,1,0.76,0,10.5,0,6,0
7.6,0,0.47,0,0.49,0,13.0,0,0.239,1,42.0,0,220.0,0,0.9988,0,2.96,0,0.51,0,9.2,0,5,0
6.7,0,0.37,0,0.41,0,6.3,0,0.061,0,22.0,0,149.0,0,0.9953,0,3.16,0,0.47,0,9.6,0,6,0
6.7,0,0.15,0,0.32,0,7.9,0,0.034,0,17.0,0,81.0,0,0.99512,0,3.29,0,0.31,0,10.0,0,6,0
6.4,0,0.19,0,0.42,0,2.9,0,0.032,0,32.0,0,83.0,0,0.9908,0,3.3,0,0.41,0,11.7,0,6,0
6.8,0,0.21,0,0.55,1,14.6,0,0.053,0,34.0,0,159.0,0,0.99805,0,2.93,0,0.44,0,9.2,0,5,0
7.4,0,0.26,0,0.43,0,6.0,0,0.022,0,22.0,0,125.0,0,0.9928,0,3.13,0,0.55,0,11.5,0,6,0
5.0,0,0.2,0,0.4,0,1.9,0,0.015,0,20.0,0,98.0,0,0.9897,0,3.37,0,0.55,0,12.05,0,6,0
7.0,0,0.44,0,0.24,0,12.1,0,0.056,0,68.0,0,210.0,0,0.99718,0,3.05,0,0.5,0,9.5,0,5,0
5.7,0,0.21,0,0.24,0,2.3,0,0.047,0,60.0,0,189.0,0,0.995,0,3.65,1,0.72,0,10.1,0,6,0
5.8,0,0.15,0,0.28,0,0.8,0,0.037,0,43.0,0,127.0,0,0.99198,0,3.24,0,0.51,0,9.3,0,5,0
7.1,0,0.42,0,0.2,0,2.8,0,0.038,0,28.0,0,109.0,0,0.98968,0,3.23,0,0.47,0,13.4,0,6,0
7.0,0,0.35,0,0.24,0,1.9,0,0.04,0,21.0,0,144.0,0,0.9923,0,3.35,0,0.38,0,11.0,0,5,0
5.1,0,0.39,0,0.21,0,1.7,0,0.027,0,15.0,0,72.0,0,0.9894,0,3.5,0,0.45,0,12.5,0,6,0
6.3,0,0.23,0,0.31,0,1.5,0,0.022,0,11.0,0,82.0,0,0.9892,0,3.3,0,0.4,0,12.9,0,7,0
6.2,0,0.23,0,0.35,0,0.7,0,0.051,0,24.0,0,111.0,0,0.9916,0,3.37,0,0.43,0,11.0,0,3,1
6.3,0,0.34,0,0.29,0,6.2,0,0.046,0,29.0,0,227.0,0,0.9952,0,3.29,0,0.53,0,10.1,0,6,0
8.0,0,0.25,0,0.13,0,17.2,0,0.036,0,49.0,0,219.0,0,0.9996,0,2.96,0,0.46,0,9.7,0,5,0
7.5,0,0.35,0,0.37,0,2.5,0,0.066,0,29.0,0,89.0,0,0.98964,0,3.14,0,0.42,0,12.7,0,6,0
6.7,0,0.17,0,0.37,0,2.0,0,0.039,0,34.0,0,125.0,0,0.9922,0,3.26,0,0.6,0,10.8,0,7,0
8.1,0,0.34,0,0.28,0,7.5,0,0.04,0,70.0,0,230.0,0,0.99558,0,3.14,0,0.55,0,9.8,0,6,0
6.1,0,0.28,0,0.25,0,12.9,0,0.054,0,34.0,0,189.0,0,0.9979,0,3.25,0,0.43,0,9.0,0,4,0
6.4,0,0.17,0,0.34,0,1.5,0,0.091,1,42.0,0,135.0,0,0.9938,0,3.25,0,0.49,0,9.6,0,7,0
8.1,0,0.24,0,0.38,0,4.3,0,0.044,0,49.0,0,172.0,0,0.996,0,3.37,0,0.74,0,10.8,0,6,0
6.4,0,0.28,0,0.27,0,11.0,0,0.042,0,45.0,0,148.0,0,0.99786,0,3.14,0,0.46,0,8.7,0,5,0
6.5,0,0.23,0,0.36,0,16.3,0,0.038,0,43.0,0,133.0,0,0.99924,0,3.26,0,0.41,0,8.8,0,5,0
6.5,0,0.28,0,0.38,0,7.8,0,0.031,0,54.0,0,216.0,0,0.99154,0,3.03,0,0.42,0,13.1,0,6,0
7.2,0,0.24,0,0.24,0,1.7,0,0.045,0,18.0,0,161.0,0,0.99196,0,3.25,0,0.53,0,11.2,0,6,0
6.0,0,0.28,0,0.52,0,6.2,0,0.028,0,37.0,0,104.0,0,0.99161,0,3.28,0,0.51,0,11.8,0,7,0
7.1,0,0.26,0,0.32,0,16.2,0,0.044,0,31.0,0,170.0,0,0.99644,0,3.17,0,0.37,0,11.2,0,5,0
6.4,0,0.22,0,0.32,0,7.9,0,0.029,0,34.0,0,124.0,0,0.9948,0,3.4,0,0.39,0,10.2,0,5,0
7.0,0,0.3,0,0.38,0,14.9,0,0.032,0,60.0,0,181.0,0,0.9983,0,3.18,0,0.61,0,9.3,0,7,0
7.6,0,0.31,0,0.23,0,12.7,0,0.054,0,20.0,0,139.0,0,0.99836,0,3.16,0,0.5,0,9.7,0,4,0
6.4,0,0.17,0,0.34,0,13.4,0,0.044,0,45.0,0,139.0,0,0.99752,0,3.06,0,0.43,0,9.1,0,6,0
6.4,0,0.44,0,0.26,0,2.0,0,0.054,0,20.0,0,180.0,0,0.9952,0,3.58,1,0.57,0,10.0,0,5,0
7.3,0,0.21,0,0.29,0,1.6,0,0.034,0,29.0,0,118.0,0,0.9917,0,3.3,0,0.5,0,11.0,0,8,1
5.5,0,0.35,0,0.35,0,1.1,0,0.045,0,14.0,0,167.0,0,0.992,0,3.34,0,0.68,0,9.9,0,6,0
6.1,0,0.27,0,0.43,0,7.5,0,0.049,0,65.0,0,243.0,0,0.9957,0,3.12,0,0.47,0,9.0,0,5,0
7.8,0,0.19,0,0.32,0,7.4,0,0.015,0,47.0,0,124.0,0,0.99278,0,2.99,0,0.39,0,11.0,0,6,0
7.5,0,0.38,0,0.5,0,12.8,0,0.042,0,57.0,0,184.0,0,0.9984,0,3.09,0,0.46,0,9.0,0,6,0
5.6,0,0.26,0,0.18,0,1.4,0,0.034,0,18.0,0,135.0,0,0.99174,0,3.32,0,0.35,0,10.2,0,6,0
7.2,0,0.23,0,0.39,0,1.5,0,0.053,0,26.0,0,106.0,0,0.99166,0,3.18,0,0.47,0,11.1,0,6,0
6.8,0,0.26,0,0.44,0,8.2,0,0.046,0,52.0,0,183.0,0,0.99584,0,3.2,0,0.51,0,9.4,0,5,0
6.6,0,0.42,0,0.13,0,12.8,0,0.044,0,26.0,0,158.0,0,0.99772,0,3.24,0,0.47,0,9.0,0,5,0
7.0,0,0.35,0,0.3,0,6.5,0,0.028,0,27.0,0,87.0,0,0.9936,0,3.4,0,0.42,0,11.4,0,7,0
8.3,0,0.4,0,0.38,0,1.1,0,0.038,0,15.0,0,75.0,0,0.9934,0,3.03,0,0.43,0,9.2,0,5,0
8.5,0,0.17,0,0.31,0,1.0,0,0.024,0,13.0,0,91.0,0,0.993,0,2.79,1,0.37,0,10.1,0,5,0
5.8,0,0.3,0,0.12,0,1.6,0,0.036,0,57.0,0,163.0,0,0.99239,0,3.38,0,0.59,0,10.5,0,6,0
7.1,0,0.31,0,0.17,0,1.0,0,0.042,0,21.0,0,144.0,0,0.99304,0,3.13,0,0.4,0,9.6,0,5,0
6.8,0,0.52,1,0.32,0,13.2,0,0.044,0,54.0,0,221.0,0,0.9972,0,3.27,0,0.5,0,9.6,0,6,0
7.3,0,0.21,0,0.33,0,1.0,0,0.037,0,66.0,0,144.0,0,0.9923,0,3.11,0,0.52,0,10.2,0,6,0
6.2,0,0.3,0,0.21,0,1.1,0,0.032,0,31.0,0,111.0,0,0.9889,0,2.97,0,0.42,0,12.2,0,6,0
8.7,0,0.22,0,0.42,0,2.3,0,0.053,0,27.0,0,114.0,0,0.994,0,2.99,0,0.43,0,10.0,0,5,0
7.5,0,0.33,0,0.39,0,12.4,0,0.065,0,29.0,0,119.0,0,0.9974,0,3.16,0,0.39,0,9.4,0,5,0
6.4,0,0.29,0,0.57,1,1.0,0,0.06,0,15.0,0,120.0,0,0.9924,0,3.06,0,0.41,0,9.5,0,5,0
7.4,0,0.24,0,0.42,0,14.0,0,0.066,0,48.0,0,198.0,0,0.9979,0,2.89,0,0.42,0,8.9,0,6,0
6.0,0,0.29,0,0.25,0,1.4,0,0.033,0,30.0,0,114.0,0,0.98794,0,3.08,0,0.43,0,13.2,0,6,0
6.1,0,0.44,0,0.28,0,4.25,0,0.032,0,43.0,0,132.0,0,0.9916,0,3.26,0,0.47,0,11.3,0,7,0
6.6,0,0.27,0,0.33,0,1.4,0,0.042,0,24.0,0,183.0,0,0.99215,0,3.29,0,0.46,0,10.7,0,5,0
5.6,0,0.32,0,0.33,0,7.4,0,0.037,0,25.0,0,95.0,0,0.99268,0,3.25,0,0.49,0,11.1,0,6,0
7.3,0,0.23,0,0.41,0,14.6,0,0.048,0,73.0,0,223.0,0,0.99863,0,3.16,0,0.71,0,9.4,0,6,0
6.8,0,0.19,0,0.33,0,1.3,0,0.031,0,22.0,0,87.0,0,0.98987,0,3.08,0,0.62,0,12.3,0,7,0
8.1,0,0.2,0,0.3,0,1.3,0,0.036,0,7.0,0,49.0,0,0.99242,0,2.99,0,0.73,0,10.3,0,5,0
7.6,0,0.38,0,0.2,0,3.4,0,0.046,0,9.0,0,116.0,0,0.9944,0,3.15,0,0.41,0,9.4,0,5,0
6.3,0,0.37,0,0.28,0,6.3,0,0.034,0,45.0,0,152.0,0,0.9921,0,3.29,0,0.46,0,11.6,0,7,0
8.2,0,0.18,0,0.49,0,1.1,0,0.033,0,28.0,0,81.0,0,0.9923,0,3.0,0,0.68,0,10.4,0,7,0
6.4,0,0.18,0,0.28,0,17.05,0,0.047,0,53.0,0,139.0,0,0.99724,0,3.25,0,0.35,0,10.5,0,6,0
6.5,0,0.46,0,0.31,0,5.0,0,0.027,0,15.0,0,72.0,0,0.99165,0,3.26,0,0.6,0,11.5,0,7,0
6.4,0,0.16,0,0.25,0,1.4,0,0.057,0,21.0,0,125.0,0,0.99091,0,3.23,0,0.44,0,11.1,0,7,0
6.4,0,0.35,0,0.21,0,2.1,0,0.051,0,46.0,0,171.0,0,0.9932,0,3.16,0,0.5,0,9.5,0,5,0
5.9,0,0.21,0,0.23,0,7.9,0,0.033,0,22.0,0,130.0,0,0.9944,0,3.38,0,0.59,0,10.9,0,6,0
8.2,0,0.37,0,0.64,1,13.9,0,0.043,0,22.0,0,171.0,0,0.99873,0,2.99,0,0.8,1,9.3,0,5,0
7.8,0,0.43,0,0.49,0,13.0,0,0.033,0,37.0,0,158.0,0,0.9955,0,3.14,0,0.35,0,11.3,0,6,0
6.4,0,0.45,0,0.07,1,1.1,0,0.03,0,10.0,0,131.0,0,0.9905,0,2.97,0,0.28,0,10.8,0,5,0
6.7,0,0.24,0,0.39,0,2.9,0,0.173,1,63.0,0,157.0,0,0.9937,0,3.1,0,0.34,0,9.4,0,6,0
6.7,0,0.21,0,0.42,0,9.1,0,0.049,0,31.0,0,150.0,0,0.9953,0,3.12,0,0.74,0,9.9,0,7,0
6.2,0,0.15,0,0.27,0,1.4,0,0.041,0,51.0,0,117.0,0,0.9909,0,3.28,0,0.38,0,11.2,0,6,0
6.6,0,0.285,0,0.49,0,11.4,0,0.035,0,57.0,0,137.0,0,0.99732,0,3.08,0,0.54,0,8.9,0,6,0
6.8,0,0.24,0,0.34,0,2.7,0,0.047,0,64.5,0,218.5,0,0.9934,0,3.3,0,0.58,0,9.7,0,6,0
8.4,0,0.58,1,0.27,0,12.15,0,0.033,0,37.0,0,116.0,0,0.9959,0,2.99,0,0.39,0,10.8,0,6,0
6.0,0,0.27,0,0.32,0,3.6,0,0.035,0,36.0,0,133.0,0,0.99215,0,3.23,0,0.46,0,10.8,0,6,0
6.9,0,0.33,0,0.26,0,5.0,0,0.027,0,46.0,0,143.0,0,0.9924,0,3.25,0,0.43,0,11.2,0,7,0
5.8,0,0.32,0,0.28,0,4.3,0,0.032,0,46.0,0,115.0,0,0.98946,0,3.16,0,0.57,0,13.0,0,8,1
8.0,0,0.25,0,0.49,0,1.2,0,0.061,0,27.0,0,117.0,0,0.9938,0,3.08,0,0.34,0,9.4,0,5,0
6.9,0,0.29,0,0.4,0,19.45,0,0.043,0,36.0,0,156.0,0,0.9996,0,2.93,0,0.47,0,8.9,0,5,0
6.0,0,0.11,0,0.47,0,10.6,0,0.052,0,69.0,0,148.0,0,0.9958,0,2.91,0,0.34,0,9.3,0,4,0
7.1,0,0.16,0,0.25,0,1.3,0,0.034,0,28.0,0,123.0,0,0.9915,0,3.27,0,0.55,0,11.4,0,6,0
6.9,0,0.17,0,0.22,0,4.6,0,0.064,0,55.0,0,152.0,0,0.9952,0,3.29,0,0.37,0,9.3,0,6,0
6.7,0,0.31,0,0.3,0,2.4,0,0.038,0,30.0,0,83.0,0,0.98867,0,3.09,0,0.36,0,12.8,0,7,0
7.3,0,0.205,0,0.31,0,1.7,0,0.06,0,34.0,0,110.0,0,0.9963,0,3.72,1,0.69,0,10.5,0,6,0
7.6,0,0.27,0,0.25,0,13.9,0,0.05,0,45.0,0,199.0,0,0.9984,0,3.34,0,0.5,0,9.8,0,6,0
8.6,0,0.23,0,0.25,0,11.3,0,0.031,0,13.0,0,96.0,0,0.99645,0,3.11,0,0.4,0,10.8,0,5,0
7.0,0,0.25,0,0.56,1,2.0,0,0.035,0,20.0,0,95.0,0,0.9918,0,3.23,0,0.53,0,11.0,0,6,0
7.4,0,0.2,0,0.43,0,7.8,0,0.045,0,27.0,0,153.0,0,0.9964,0,3.19,0,0.55,0,9.0,0,7,0
7.0,0,0.24,0,0.3,0,6.7,0,0.039,0,37.0,0,125.0,0,0.99436,0,3.2,0,0.39,0,9.9,0,5,0
8.2,0,0.34,0,0.49,0,8.0,0,0.046,0,55.0,0,223.0,0,0.996,0,3.08,0,0.52,0,10.7,0,6,0
6.7,0,0.42,0,0.46,0,9.7,0,0.054,0,67.0,0,234.0,0,0.99848,0,3.23,0,0.5,0,9.0,0,5,0
5.0,0,0.33,0,0.18,0,4.6,0,0.032,0,40.0,0,124.0,0,0.99114,0,3.18,0,0.4,0,11.0,0,6,0
6.7,0,0.47,0,0.34,0,8.9,0,0.043,0,31.0,0,172.0,0,0.9964,0,3.22,0,0.6,0,9.2,0,5,0
5.3,0,0.2,0,0.31,0,3.6,0,0.036,0,22.0,0,91.0,0,0.99278,0,3.41,0,0.5,0,9.8,0,6,0
6.9,0,0.4,0,0.17,0,12.9,0,0.033,0,59.0,0,186.0,0,0.99754,0,3.08,0,0.49,0,9.4,0,5,0
6.5,0,0.48,0,0.02,1,0.9,0,0.043,0,32.0,0,99.0,0,0.99226,0,3.14,0,0.47,0,9.8,0,4,0
5.9,0,0.29,0,0.32,0,1.4,0,0.022,0,17.0,0,47.0,0,0.9899,0,3.35,0,0.35,0,11.5,0,6,0
7.1,0,0.29,0,0.34,0,7.8,0,0.036,0,49.0,0,128.0,0,0.99397,0,3.21,0,0.4,0,10.7,0,6,0
5.8,0,0.29,0,0.15,0,1.1,0,0.029,0,12.0,0,83.0,0,0.9898,0,3.3,0,0.4,0,11.4,0,6,0
6.6,0,0.32,0,0.26,0,7.7,0,0.054,0,56.0,0,209.0,0,0.9961,0,3.17,0,0.45,0,8.8,0,5,0
7.1,0,0.21,0,0.33,0,1.2,0,0.039,0,34.0,0,97.0,0,0.99112,0,3.11,0,0.75,0,11.2,0,6,0
6.3,0,0.2,0,0.26,0,1.6,0,0.027,0,36.0,0,141.0,0,0.99268,0,3.53,0,0.56,0,10.8,0,6,0
5.2,0,0.185,0,0.22,0,1.0,0,0.03,0,47.0,0,123.0,0,0.99218,0,3.55,0,0.44,0,10.15,0,6,0
6.8,0,0.15,0,0.41,0,12.9,0,0.044,0,79.5,0,183.0,0,0.99742,0,3.24,0,0.78,1,10.2,0,6,0
6.8,0,0.73,1,0.2,0,6.6,0,0.054,0,25.0,0,65.0,0,0.99324,0,3.12,0,0.28,0,11.1,0,4,0
5.4,0,0.29,0,0.38,0,1.2,0,0.029,0,31.0,0,132.0,0,0.98895,0,3.28,0,0.36,0,12.4,0,6,0
8.1,0,0.2,0,0.28,0,0.9,0,0.023,0,49.0,0,87.0,0,0.99062,0,2.92,0,0.36,0,11.1,0,6,0
8.1,0,0.5,0,0.47,0,1.1,0,0.037,0,23.0,0,126.0,0,0.9938,0,3.21,0,0.42,0,10.9,0,5,0
5.6,0,0.33,0,0.28,0,1.2,0,0.031,0,33.0,0,97.0,0,0.99126,0,3.49,0,0.58,0,10.9,0,6,0
6.3,0,0.305,0,0.22,0,16.0,0,0.061,0,26.0,0,141.0,0,0.99824,0,3.08,0,0.5,0,9.1,0,5,0
7.4,0,0.16,0,0.27,0,15.5,0,0.05,0,25.0,0,135.0,0,0.9984,0,2.9,0,0.43,0,8.7,0,7,0
6.7,0,0.19,0,0.41,0,15.6,0,0.056,0,75.0,0,155.0,0,0.9995,0,3.2,0,0.44,0,8.8,0,6,0
6.8,0,0.22,0,0.3,0,10.6,0,0.07,0,67.0,0,194.0,0,0.99654,0,2.89,0,0.42,0,9.0,0,6,0
6.1,0,0.25,0,0.18,0,10.5,0,0.049,0,41.0,0,124.0,0,0.9963,0,3.14,0,0.35,0,10.5,0,5,0
6.9,0,0.32,0,0.26,0,2.3,0,0.03,0,11.0,0,103.0,0,0.99106,0,3.06,0,0.42,0,11.1,0,6,0
7.1,0,0.25,0,0.31,0,2.3,0,0.05,0,32.0,0,156.0,0,0.9914,0,3.14,0,0.51,0,11.4,0,6,0
9.8,1,0.25,0,0.74,1,10.0,0,0.056,0,36.0,0,225.0,0,0.9977,0,3.06,0,0.43,0,10.0,0,4,0
9.0,1,0.27,0,0.35,0,4.9,0,0.028,0,27.0,0,95.0,0,0.9932,0,3.04,0,0.4,0,11.3,0,6,0
6.2,0,0.34,0,0.3,0,11.1,0,0.047,0,28.0,0,237.0,0,0.9981,0,3.18,0,0.49,0,8.7,0,5,0
6.9,0,0.24,0,0.33,0,4.8,0,0.04,0,16.0,0,131.0,0,0.9936,0,3.26,0,0.64,0,10.7,0,6,0
7.6,0,0.31,0,0.23,0,12.7,0,0.054,0,20.0,0,139.0,0,0.99836,0,3.16,0,0.5,0,9.7,0,4,0
7.7,0,0.26,0,0.51,0,2.6,0,0.045,0,26.0,0,159.0,0,0.99126,0,3.0,0,0.5,0,11.2,0,6,0
7.2,0,0.27,0,0.31,0,1.2,0,0.031,0,27.0,0,80.0,0,0.98892,0,3.03,0,0.33,0,12.7,0,6,0
5.7,0,0.16,0,0.32,0,1.2,0,0.036,0,7.0,0,89.0,0,0.99111,0,3.26,0,0.48,0,11.0,0,5,0
7.2,0,0.19,0,0.31,0,6.3,0,0.034,0,17.0,0,103.0,0,0.99305,0,3.15,0,0.52,0,11.4,0,7,0
6.8,0,0.19,0,0.4,0,9.85,0,0.055,0,41.0,0,103.0,0,0.99532,0,2.98,0,0.56,0,10.5,0,6,0
6.8,0,0.21,0,0.36,0,18.1,0,0.046,0,32.0,0,133.0,0,1.0,0,3.27,0,0.48,0,8.8,0,5,0
7.0,0,0.2,0,0.74,1,0.8,0,0.044,0,19.0,0,163.0,0,0.9931,0,3.46,0,0.53,0,10.2,0,5,0
6.9,0,0.615,1,0.42,0,12.0,0,0.067,0,24.0,0,131.0,0,0.99727,0,3.19,0,0.34,0,9.3,0,5,0
5.5,0,0.485,0,0.0,1,1.5,0,0.065,0,8.0,0,103.0,0,0.994,0,3.63,1,0.4,0,9.7,0,4,0
7.4,0,0.29,0,0.31,0,1.7,0,0.035,0,23.0,0,110.0,0,0.9926,0,3.07,0,0.38,0,10.9,0,5,0
7.7,0,0.35,0,0.49,0,8.65,0,0.033,0,42.0,0,186.0,0,0.9931,0,3.14,0,0.38,0,12.4,0,8,1
9.2,1,0.16,0,0.49,0,2.0,0,0.044,0,18.0,0,107.0,0,0.99514,0,3.1,0,0.53,0,10.2,0,4,0
7.9,0,0.44,0,0.37,0,5.85,0,0.033,0,27.0,0,93.0,0,0.992,0,3.16,0,0.54,0,12.6,0,7,0
7.2,0,0.3,0,0.26,0,1.5,0,0.041,0,46.0,0,178.0,0,0.99154,0,3.19,0,0.56,0,11.3,0,6,0
6.6,0,0.29,0,0.31,0,3.9,0,0.027,0,39.0,0,96.0,0,0.99035,0,3.24,0,0.6,0,12.6,0,8,1
5.3,0,0.395,0,0.07,1,1.3,0,0.035,0,26.0,0,102.0,0,0.992,0,3.5,0,0.35,0,10.6,0,6,0
7.3,0,0.25,0,0.26,0,7.2,0,0.048,0,52.0,0,207.0,0,0.99587,0,3.12,0,0.37,0,9.2,0,5,0
6.0,0,0.19,0,0.26,0,12.4,0,0.048,0,50.0,0,147.0,0,0.9972,0,3.3,0,0.36,0,8.9,0,6,0
6.6,0,0.23,0,0.3,0,4.6,0,0.06,0,29.0,0,154.0,0,0.99142,0,3.23,0,0.49,0,12.2,0,8,1
6.7,0,0.41,0,0.27,0,2.6,0,0.033,0,25.0,0,85.0,0,0.99086,0,3.05,0,0.34,0,11.7,0,6,0
6.6,0,0.34,0,0.4,0,8.1,0,0.046,0,68.0,0,170.0,0,0.99494,0,3.15,0,0.5,0,9.53333333333333,0,6,0
8.0,0,0.32,0,0.36,0,4.6,0,0.042,0,56.0,0,178.0,0,0.9928,0,3.29,0,0.47,0,12.0,0,6,0
7.0,0,0.22,0,0.26,0,1.1,0,0.037,0,20.0,0,71.0,0,0.9902,0,3.1,0,0.38,0,11.7,0,6,0
7.1,0,0.18,0,0.39,0,15.25,0,0.047,0,45.0,0,158.0,0,0.99946,0,3.34,0,0.77,1,9.1,0,6,0
7.4,0,0.56,1,0.09,1,1.5,0,0.071,0,19.0,0,117.0,0,0.99496,0,3.22,0,0.53,0,9.8,0,5,0
6.6,0,0.41,0,0.16,0,1.4,0,0.037,0,28.0,0,160.0,0,0.99167,0,2.95,0,0.45,0,10.6,0,6,0
7.5,0,0.33,0,0.38,0,8.7,0,0.126,1,49.0,0,199.0,0,0.99711,0,2.98,0,0.57,0,9.4,0,5,0
6.7,0,0.26,0,0.29,0,7.7,0,0.038,0,40.0,0,179.0,0,0.99479,0,3.23,0,0.56,0,10.4,0,6,0
7.2,0,0.23,0,0.46,0,6.4,0,0.036,0,17.0,0,85.0,0,0.99279,0,3.1,0,0.78,1,11.7,0,6,0
7.2,0,0.18,0,0.45,0,4.4,0,0.046,0,57.0,0,166.0,0,0.9943,0,3.13,0,0.62,0,11.2,0,6,0
7.9,0,0.36,0,0.53,0,12.9,0,0.049,0,63.0,0,139.0,0,0.99792,0,2.94,0,0.45,0,9.1,0,5,0
8.4,0,0.17,0,0.31,0,6.7,0,0.038,0,29.0,0,132.0,0,0.9945,0,3.1,0,0.32,0,10.6,0,7,0
6.7,0,0.4,0,0.22,0,8.8,0,0.052,0,24.0,0,113.0,0,0.99576,0,3.22,0,0.45,0,9.4,0,5,0
6.9,0,0.27,0,0.41,0,1.7,0,0.047,0,6.0,0,134.0,0,0.9929,0,3.15,0,0.69,0,11.4,0,6,0
5.7,0,0.4,0,0.35,0,5.1,0,0.026,0,17.0,0,113.0,0,0.99052,0,3.18,0,0.67,0,12.4,0,6,0
6.0,0,0.27,0,0.28,0,4.8,0,0.063,0,31.0,0,201.0,0,0.9964,0,3.69,1,0.71,0,10.0,0,5,0
7.0,0,0.12,0,0.19,0,4.9,0,0.055,0,27.0,0,127.0,0,0.9953,0,3.29,0,0.41,0,9.4,0,5,0
7.4,0,0.21,0,0.8,1,12.3,0,0.038,0,77.0,0,183.0,0,0.99778,0,2.95,0,0.48,0,9.0,0,5,0
6.7,0,0.27,0,0.25,0,8.0,0,0.053,0,54.0,0,202.0,0,0.9961,0,3.22,0,0.43,0,9.3,0,5,0
5.9,0,0.26,0,0.25,0,12.5,0,0.034,0,38.0,0,152.0,0,0.9977,0,3.33,0,0.43,0,9.4,0,5,0
7.6,0,0.39,0,0.32,0,3.6,0,0.035,0,22.0,0,93.0,0,0.99144,0,3.08,0,0.6,0,12.5,0,7,0
6.6,0,0.18,0,0.28,0,3.3,0,0.044,0,18.0,0,91.0,0,0.993,0,3.42,0,0.64,0,10.8,0,6,0
9.6,1,0.655,1,0.21,0,2.0,0,0.039,0,21.0,0,120.0,0,0.99188,0,3.0,0,1.0,1,12.6,0,6,0
7.6,0,0.21,0,0.44,0,1.9,0,0.036,0,10.0,0,119.0,0,0.9913,0,3.01,0,0.7,0,12.8,0,6,0
6.2,0,0.25,0,0.54,0,7.0,0,0.046,0,58.0,0,176.0,0,0.99454,0,3.19,0,0.7,0,10.4,0,5,0
5.9,0,0.23,0,0.28,0,8.6,0,0.046,0,37.0,0,142.0,0,0.99432,0,3.23,0,0.53,0,10.6,0,6,0
6.3,0,0.55,1,0.45,0,13.0,0,0.047,0,33.0,0,182.0,0,0.9974,0,3.2,0,0.46,0,9.2,0,6,0
7.4,0,0.18,0,0.42,0,2.1,0,0.036,0,33.0,0,187.0,0,0.9938,0,3.4,0,0.41,0,10.6,0,7,0
5.8,0,0.17,0,0.34,0,1.8,0,0.045,0,96.0,1,170.0,0,0.99035,0,3.38,0,0.9,1,11.8,0,8,1
6.0,0,0.26,0,0.29,0,3.1,0,0.041,0,37.0,0,144.0,0,0.98944,0,3.22,0,0.39,0,12.8,0,7,0
6.0,0,0.26,0,0.33,0,4.35,0,0.04,0,15.0,0,80.0,0,0.98934,0,3.29,0,0.5,0,12.7,0,6,0
8.0,0,0.24,0,0.3,0,17.45,0,0.056,0,43.0,0,184.0,0,0.9997,0,3.05,0,0.5,0,9.2,0,6,0
5.7,0,0.22,0,0.33,0,1.9,0,0.036,0,37.0,0,110.0,0,0.98945,0,3.26,0,0.58,0,12.4,0,6,0
6.6,0,0.21,0,0.29,0,1.8,0,0.026,0,35.0,0,128.0,0,0.99183,0,3.37,0,0.48,0,11.2,0,6,0
7.1,0,0.64,1,0.49,0,1.8,0,0.05,0,17.0,0,128.0,0,0.9946,0,3.31,0,0.58,0,10.6,0,4,0
6.7,0,0.35,0,0.32,0,9.0,0,0.032,0,29.0,0,113.0,0,0.99188,0,3.13,0,0.65,0,12.9,0,7,0
6.5,0,0.32,0,0.12,0,11.5,0,0.033,0,35.0,0,165.0,0,0.9974,0,3.22,0,0.32,0,9.0,0,5,0
8.5,0,0.2,0,0.4,0,1.1,0,0.046,0,31.0,0,106.0,0,0.99194,0,3.0,0,0.35,0,10.5,0,4,0
6.2,0,0.41,0,0.22,0,1.9,0,0.023,0,5.0,0,56.0,0,0.98928,0,3.04,0,0.79,1,13.0,0,7,0
8.9,1,0.3,0,0.35,0,4.6,0,0.032,0,32.0,0,148.0,0,0.99458,0,3.15,0,0.45,0,11.5,0,7,0
6.7,0,0.22,0,0.37,0,1.6,0,0.028,0,24.0,0,102.0,0,0.9913,0,3.29,0,0.59,0,11.6,0,7,0
6.4,0,0.33,0,0.44,0,8.9,0,0.055,0,52.0,0,164.0,0,0.99488,0,3.1,0,0.48,0,9.6,0,5,0
6.3,0,0.27,0,0.25,0,5.8,0,0.038,0,52.0,0,155.0,0,0.995,0,3.28,0,0.38,0,9.4,0,6,0
7.6,0,0.37,0,0.51,0,11.7,0,0.094,1,58.0,0,181.0,0,0.99776,0,2.91,0,0.51,0,9.0,0,5,0
6.1,0,0.27,0,0.25,0,1.8,0,0.041,0,9.0,0,109.0,0,0.9929,0,3.08,0,0.54,0,9.0,0,5,0
7.1,0,0.26,0,0.34,0,14.4,0,0.067,0,35.0,0,189.0,0,0.9986,0,3.07,0,0.53,0,9.1,0,7,0
6.7,0,0.29,0,0.49,0,4.7,0,0.034,0,35.0,0,156.0,0,0.9945,0,3.13,0,0.45,0,9.9,0,6,0
7.2,0,0.37,0,0.4,0,11.6,0,0.032,0,34.0,0,214.0,0,0.9963,0,3.1,0,0.51,0,9.8,0,6,0
6.7,0,0.3,0,0.44,0,18.5,0,0.057,0,65.0,0,224.0,0,0.99956,0,3.11,0,0.53,0,9.1,0,5,0
6.2,0,0.25,0,0.38,0,7.9,0,0.045,0,54.0,0,208.0,0,0.99572,0,3.17,0,0.46,0,9.1,0,5,0
6.8,0,0.14,0,0.18,0,1.4,0,0.047,0,30.0,0,90.0,0,0.99164,0,3.27,0,0.54,0,11.2,0,6,0
7.0,0,0.23,0,0.42,0,18.05,0,0.05,0,35.0,0,144.0,0,0.9999,0,3.22,0,0.42,0,8.8,0,5,0
7.1,0,0.32,0,0.34,0,14.5,0,0.039,0,46.0,0,150.0,0,0.995,0,3.38,0,0.5,0,12.5,0,8,1
8.4,0,0.57,1,0.44,0,10.7,0,0.051,0,46.0,0,195.0,0,0.9981,0,3.15,0,0.51,0,10.4,0,5,0
5.8,0,0.25,0,0.24,0,13.3,0,0.044,0,41.0,0,137.0,0,0.9972,0,3.34,0,0.42,0,9.5,0,5,0
6.4,0,0.25,0,0.74,1,7.8,0,0.045,0,52.0,0,209.0,0,0.9956,0,3.21,0,0.42,0,9.2,0,6,0
8.4,0,0.31,0,0.31,0,0.95,0,0.021,0,52.0,0,148.0,0,0.99038,0,2.93,0,0.32,0,11.5,0,5,0
8.3,0,0.18,0,0.37,0,1.2,0,0.049,0,6.0,0,94.0,0,0.9937,0,3.18,0,0.52,0,10.1,0,5,0
6.4,0,0.25,0,0.32,0,11.3,0,0.038,0,69.0,0,192.0,0,0.99573,0,3.14,0,0.5,0,10.2,0,6,0
7.4,0,0.16,0,0.49,0,1.2,0,0.055,0,18.0,0,150.0,0,0.9917,0,3.23,0,0.47,0,11.2,0,6,0
5.5,0,0.24,0,0.45,0,1.7,0,0.046,0,22.0,0,113.0,0,0.99224,0,3.22,0,0.48,0,10.0,0,5,0
6.0,0,0.29,0,0.41,0,10.8,0,0.048,0,55.0,0,149.0,0,0.9937,0,3.09,0,0.59,0,10.9666666666667,0,7,0
5.8,0,0.3,0,0.27,0,1.7,0,0.014,1,45.0,0,104.0,0,0.98914,0,3.4,0,0.56,0,12.6,0,7,0
5.9,0,0.37,0,0.32,0,1.6,0,0.029,0,41.0,0,102.0,0,0.98916,0,3.41,0,0.55,0,12.7,0,7,0
6.9,0,0.19,0,0.35,0,5.0,0,0.067,0,32.0,0,150.0,0,0.995,0,3.36,0,0.48,0,9.8,0,5,0
5.9,0,0.32,0,0.2,0,14.4,0,0.05,0,29.0,0,144.0,0,0.99666,0,3.24,0,0.41,0,10.3,0,6,0
5.4,0,0.29,0,0.38,0,1.2,0,0.029,0,31.0,0,132.0,0,0.98895,0,3.28,0,0.36,0,12.4,0,6,0
6.7,0,0.22,0,0.39,0,10.2,0,0.038,0,60.0,0,149.0,0,0.99725,0,3.17,0,0.54,0,10.0,0,7,0
8.2,0,0.29,0,0.33,0,9.1,0,0.036,0,28.0,0,118.0,0,0.9953,0,2.96,0,0.4,0,10.9,0,7,0
7.4,0,0.29,0,0.5,0,1.8,0,0.042,0,35.0,0,127.0,0,0.9937,0,3.45,0,0.5,0,10.2,0,7,0
7.1,0,0.17,0,0.43,0,1.3,0,0.023,0,33.0,0,132.0,0,0.99067,0,3.11,0,0.56,0,11.7,0,6,0
6.7,0,0.28,0,0.28,0,2.4,0,0.012,1,36.0,0,100.0,0,0.99064,0,3.26,0,0.39,0,11.7,0,7,0
5.0,0,0.27,0,0.4,0,1.2,0,0.076,1,42.0,0,124.0,0,0.99204,0,3.32,0,0.47,0,10.1,0,6,0
6.6,0,0.27,0,0.49,0,7.8,0,0.049,0,62.0,0,217.0,0,0.9959,0,3.17,0,0.45,0,9.4,0,6,0
5.8,0,0.15,0,0.49,0,1.1,0,0.048,0,21.0,0,98.0,0,0.9929,0,3.19,0,0.48,0,9.2,0,5,0
7.2,0,0.24,0,0.29,0,3.0,0,0.036,0,17.0,0,117.0,0,0.99411,0,3.36,0,0.68,0,10.1,0,6,0
7.7,0,0.46,0,0.18,0,3.3,0,0.054,0,18.0,0,143.0,0,0.99392,0,3.12,0,0.51,0,10.8,0,6,0
5.8,0,0.24,0,0.28,0,1.4,0,0.038,0,40.0,0,76.0,0,0.98711,0,3.1,0,0.29,0,13.9,0,7,0
6.0,0,0.42,0,0.41,0,12.4,0,0.032,0,50.0,0,179.0,0,0.99622,0,3.14,0,0.6,0,9.7,0,5,0
6.4,0,0.22,0,0.38,0,9.1,0,0.044,0,35.0,0,127.0,0,0.99326,0,2.97,0,0.3,0,11.0,0,7,0
6.2,0,0.25,0,0.44,0,15.8,0,0.057,0,39.0,0,167.0,0,0.99804,0,3.14,0,0.51,0,9.2,0,5,0
5.8,0,0.23,0,0.31,0,4.5,0,0.046,0,42.0,0,124.0,0,0.99324,0,3.31,0,0.64,0,10.8,0,6,0
5.7,0,0.21,0,0.37,0,4.5,0,0.04,0,58.0,0,140.0,0,0.99332,0,3.29,0,0.62,0,10.6,0,6,0
7.2,0,0.2,0,0.36,0,2.5,0,0.028,0,22.0,0,157.0,0,0.9938,0,3.48,0,0.49,0,10.6,0,6,0
6.2,0,0.33,0,0.29,0,1.3,0,0.042,0,26.0,0,138.0,0,0.9956,0,3.77,1,0.64,0,9.5,0,5,0
7.5,0,0.24,0,0.31,0,13.1,0,0.05,0,26.0,0,180.0,0,0.99884,0,3.05,0,0.53,0,9.1,0,6,0
7.0,0,0.2,0,0.34,0,5.7,0,0.035,0,32.0,0,83.0,0,0.9928,0,3.19,0,0.46,0,11.5,0,6,0
7.9,0,0.22,0,0.45,0,14.2,0,0.038,0,53.0,0,141.0,0,0.9992,0,3.03,0,0.46,0,9.2,0,6,0
7.3,0,0.25,0,0.36,0,13.1,0,0.05,0,35.0,0,200.0,0,0.9986,0,3.04,0,0.46,0,8.9,0,7,0
7.4,0,0.22,0,0.26,0,8.8,0,0.027,0,23.0,0,112.0,0,0.9931,0,2.98,0,0.41,0,11.4,0,6,0
6.8,0,0.23,0,0.29,0,15.4,0,0.073,1,56.0,0,173.0,0,0.9984,0,3.06,0,0.41,0,8.7,0,6,0
7.2,0,0.08,0,0.49,0,1.3,0,0.05,0,18.0,0,148.0,0,0.9945,0,3.46,0,0.44,0,10.2,0,6,0
7.6,0,0.27,0,0.52,0,3.2,0,0.043,0,28.0,0,152.0,0,0.99129,0,3.02,0,0.53,0,11.4,0,6,0
7.3,0,0.28,0,0.43,0,1.7,0,0.08,1,21.0,0,123.0,0,0.9905,0,3.19,0,0.42,0,12.8,0,5,0
6.9,0,0.26,0,0.29,0,4.2,0,0.043,0,33.0,0,114.0,0,0.9902,0,3.16,0,0.31,0,12.5,0,6,0
8.1,0,0.24,0,0.26,0,11.0,0,0.043,0,41.0,0,211.0,0,0.99676,0,3.11,0,0.49,0,10.0,0,6,0
7.1,0,0.44,0,0.27,0,8.4,0,0.057,0,60.0,0,160.0,0,0.99257,0,3.16,0,0.36,0,11.8,0,6,0
6.0,0,0.495,0,0.27,0,5.0,0,0.157,1,17.0,0,129.0,0,0.99396,0,3.03,0,0.36,0,9.3,0,5,0
8.9,1,0.24,0,0.33,0,15.75,0,0.035,0,16.0,0,132.0,0,0.996,0,3.0,0,0.37,0,12.1,0,6,0
5.8,0,0.58,1,0.0,1,1.5,0,0.02,0,33.0,0,96.0,0,0.98918,0,3.29,0,0.38,0,12.4,0,6,0
6.6,0,0.16,0,0.29,0,1.8,0,0.05,0,40.0,0,147.0,0,0.9912,0,3.06,0,0.44,0,11.4,0,7,0
7.6,0,0.17,0,0.45,0,11.2,0,0.054,0,56.0,0,137.0,0,0.997,0,3.15,0,0.47,0,10.0,0,5,0
7.2,0,0.16,0,0.26,0,7.1,0,0.054,0,41.0,0,224.0,0,0.9966,0,3.38,0,0.55,0,10.1,0,5,0
6.2,0,0.28,0,0.27,0,10.3,0,0.03,0,26.0,0,108.0,0,0.99388,0,3.2,0,0.36,0,10.7,0,6,0
5.8,0,0.21,0,0.32,0,1.6,0,0.045,0,38.0,0,95.0,0,0.98946,0,3.23,0,0.94,1,12.4,0,8,1
6.3,0,0.33,0,0.2,0,17.9,0,0.066,0,36.0,0,161.0,0,0.9991,0,3.14,0,0.51,0,8.8,0,5,0
6.3,0,0.31,0,0.3,0,10.0,0,0.046,0,49.0,0,212.0,0,0.9962,0,3.74,1,0.55,0,11.9,0,6,0
6.0,0,0.27,0,0.4,0,1.7,0,0.021,0,18.0,0,82.0,0,0.9891,0,3.24,0,0.95,1,13.1333333333333,0,6,0
7.0,0,0.18,0,0.49,0,5.3,0,0.04,0,34.0,0,125.0,0,0.9914,0,3.24,0,0.4,0,12.2,0,6,0
6.3,0,0.17,0,0.32,0,4.2,0,0.04,0,37.0,0,117.0,0,0.99182,0,3.24,0,0.43,0,11.3,0,6,0
7.0,0,0.35,0,0.3,0,6.5,0,0.028,0,27.0,0,87.0,0,0.9936,0,3.4,0,0.42,0,11.4,0,7,0
6.0,0,0.52,1,0.33,0,7.7,0,0.046,0,24.0,0,119.0,0,0.99224,0,3.04,0,0.38,0,11.0,0,6,0
7.2,0,0.2,0,0.25,0,4.5,0,0.044,0,31.0,0,109.0,0,0.9949,0,3.23,0,0.36,0,9.4,0,5,0
5.7,0,0.25,0,0.21,0,1.5,0,0.044,0,21.0,0,108.0,0,0.99142,0,3.3,0,0.59,0,11.0,0,6,0
7.0,0,0.15,0,0.28,0,14.7,0,0.051,0,29.0,0,149.0,0,0.99792,0,2.96,0,0.39,0,9.0,0,7,0
6.6,0,0.905,1,0.19,0,0.8,0,0.048,0,17.0,0,204.0,0,0.9934,0,3.34,0,0.56,0,10.0,0,5,0
7.1,0,0.35,0,0.27,0,3.1,0,0.034,0,28.0,0,134.0,0,0.9897,0,3.26,0,0.38,0,13.1,0,7,0
6.6,0,0.25,0,0.36,0,8.1,0,0.045,0,54.0,0,180.0,0,0.9958,0,3.08,0,0.42,0,9.2,0,5,0
6.3,0,0.29,0,0.4,0,6.5,0,0.039,0,43.0,0,167.0,0,0.9953,0,3.15,0,0.44,0,9.3,0,6,0
7.1,0,0.32,0,0.4,0,1.5,0,0.034,0,13.0,0,84.0,0,0.9944,0,3.42,0,0.6,0,10.4,0,5,0
7.7,0,0.34,0,0.28,0,11.0,0,0.04,0,31.0,0,117.0,0,0.99815,0,3.27,0,0.29,0,9.2,0,6,0
7.2,0,0.29,0,0.53,0,18.15,0,0.047,0,59.0,0,182.0,0,0.9992,0,3.09,0,0.52,0,9.6,0,5,0
6.3,0,0.31,0,0.34,0,2.2,0,0.045,0,20.0,0,77.0,0,0.9927,0,3.3,0,0.43,0,10.2,0,5,0
5.8,0,0.34,0,0.16,0,7.0,0,0.037,0,26.0,0,116.0,0,0.9949,0,3.46,0,0.45,0,10.0,0,7,0
6.8,0,0.28,0,0.44,0,9.3,0,0.031,0,35.0,0,137.0,0,0.9946,0,3.16,0,0.36,0,10.4,0,6,0
6.1,0,0.22,0,0.25,0,12.1,0,0.035,0,54.0,0,135.0,0,0.99481,0,3.21,0,0.4,0,10.7,0,5,0
6.0,0,0.39,0,0.26,0,2.7,0,0.038,0,39.0,0,187.0,0,0.99325,0,3.41,0,0.5,0,10.8,0,6,0
6.8,0,0.43,0,0.26,0,5.2,0,0.043,0,40.0,0,176.0,0,0.99116,0,3.17,0,0.41,0,12.3,0,6,0
6.6,0,0.32,0,0.33,0,2.5,0,0.052,0,40.0,0,210.0,0,0.99316,0,3.15,0,0.6,0,10.0,0,5,0
4.8,0,0.225,0,0.38,0,1.2,0,0.074,1,47.0,0,130.0,0,0.99132,0,3.31,0,0.4,0,10.3,0,6,0
7.3,0,0.19,0,0.27,0,13.9,0,0.057,0,45.0,0,155.0,0,0.99807,0,2.94,0,0.41,0,8.8,0,8,1
5.1,0,0.305,0,0.13,0,1.75,0,0.036,0,17.0,0,73.0,0,0.99,0,3.4,0,0.51,0,12.3333333333333,0,5,0
9.7,1,0.24,0,0.49,0,4.9,0,0.032,0,3.0,0,18.0,1,0.99368,0,2.85,0,0.54,0,10.0,0,6,0
5.9,0,0.34,0,0.31,0,2.0,0,0.03,0,38.0,0,142.0,0,0.98892,0,3.4,0,0.41,0,12.9,0,7,0
5.8,0,0.28,0,0.34,0,4.0,0,0.031,0,40.0,0,99.0,0,0.9896,0,3.39,0,0.39,0,12.8,0,7,0
6.7,0,0.3,0,0.5,0,12.1,0,0.045,0,38.0,0,127.0,0,0.9974,0,3.04,0,0.53,0,8.9,0,6,0
5.8,0,0.36,0,0.26,0,3.3,0,0.038,0,40.0,0,153.0,0,0.9911,0,3.34,0,0.55,0,11.3,0,6,0
6.2,0,0.21,0,0.26,0,13.1,0,0.05,0,59.0,0,150.0,0,0.99772,0,3.31,0,0.46,0,9.0,0,5,0
5.0,0,0.31,0,0.0,1,6.4,0,0.046,0,43.0,0,166.0,0,0.994,0,3.3,0,0.63,0,9.9,0,6,0
8.0,0,0.27,0,0.25,0,19.1,0,0.045,0,50.0,0,208.0,0,1.00051,0,3.05,0,0.5,0,9.2,0,6,0
7.2,0,0.22,0,0.24,0,1.4,0,0.041,0,17.0,0,159.0,0,0.99196,0,3.25,0,0.53,0,11.2,0,6,0
5.7,0,0.15,0,0.47,0,11.4,0,0.035,0,49.0,0,128.0,0,0.99456,0,3.03,0,0.34,0,10.5,0,8,1
7.0,0,0.28,0,0.26,0,1.7,0,0.042,0,34.0,0,130.0,0,0.9925,0,3.43,0,0.5,0,10.7,0,8,1
8.3,0,0.18,0,0.3,0,1.1,0,0.033,0,20.0,0,57.0,0,0.99109,0,3.02,0,0.51,0,11.0,0,6,0
7.0,0,0.31,0,0.26,0,7.4,0,0.069,0,28.0,0,160.0,0,0.9954,0,3.13,0,0.46,0,9.8,0,6,0
6.6,0,0.22,0,0.34,0,11.6,0,0.05,0,59.0,0,140.0,0,0.99526,0,3.22,0,0.4,0,10.8,0,5,0
7.9,0,0.34,0,0.44,0,6.5,0,0.027,0,47.0,0,126.0,0,0.99124,0,2.96,0,0.37,0,12.5,0,6,0
6.0,0,0.29,0,0.21,0,1.3,0,0.055,0,42.0,0,168.0,0,0.9914,0,3.32,0,0.43,0,11.1,0,6,0
6.3,0,0.32,0,0.26,0,12.3,0,0.044,0,24.0,0,205.0,0,0.99611,0,3.11,0,0.58,0,9.9,0,5,0
7.7,0,0.32,0,0.61,1,11.8,0,0.041,0,66.0,0,188.0,0,0.99794,0,3.0,0,0.54,0,9.3,0,5,0
7.1,0,0.17,0,0.38,0,7.4,0,0.052,0,49.0,0,182.0,0,0.9958,0,3.35,0,0.52,0,9.6,0,6,0
6.8,0,0.25,0,0.29,0,2.0,0,0.042,0,19.0,0,189.0,0,0.9952,0,3.46,0,0.54,0,10.2,0,6,0
7.6,0,0.1,0,0.33,0,1.0,0,0.031,0,33.0,0,93.0,0,0.99094,0,3.06,0,0.68,0,11.2,0,6,0
5.7,0,0.45,0,0.42,0,1.1,0,0.051,0,61.0,0,197.0,0,0.9932,0,3.02,0,0.4,0,9.0,0,5,0
6.4,0,0.31,0,0.4,0,6.4,0,0.039,0,39.0,0,191.0,0,0.99513,0,3.14,0,0.52,0,9.8,0,5,0
7.0,0,0.2,0,0.49,0,5.9,0,0.038,0,39.0,0,128.0,0,0.9938,0,3.21,0,0.48,0,10.8,0,6,0
6.1,0,0.33,0,0.32,0,7.8,0,0.052,0,52.0,0,183.0,0,0.99657,0,3.39,0,0.65,0,9.5,0,5,0
7.1,0,0.22,0,0.32,0,16.9,0,0.056,0,49.0,0,158.0,0,0.9998,0,3.37,0,0.38,0,9.6,0,6,0
6.6,0,0.14,0,0.44,0,1.6,0,0.042,0,47.0,0,140.0,0,0.993,0,3.32,0,0.51,0,10.2,0,6,0
8.0,0,0.42,0,0.36,0,5.0,0,0.037,0,34.0,0,101.0,0,0.992,0,3.13,0,0.57,0,12.3,0,7,0
8.0,0,0.4,0,0.33,0,7.7,0,0.034,0,27.0,0,98.0,0,0.9935,0,3.18,0,0.41,0,12.2,0,7,0
6.8,0,0.24,0,0.34,0,5.1,0,0.038,0,31.0,0,99.0,0,0.9921,0,3.24,0,0.46,0,11.8,0,6,0
6.4,0,0.21,0,0.34,0,16.05,0,0.04,0,56.0,0,142.0,0,0.99678,0,3.11,0,0.38,0,10.6,0,5,0
7.2,0,0.34,0,0.3,0,8.4,0,0.051,0,40.0,0,167.0,0,0.99756,0,3.48,0,0.62,0,9.7,0,5,0
5.4,0,0.46,0,0.15,0,2.1,0,0.026,0,29.0,0,130.0,0,0.98953,0,3.39,0,0.77,1,13.4,0,8,1
7.3,0,0.41,0,0.24,0,6.8,0,0.057,0,41.0,0,163.0,0,0.9949,0,3.2,0,0.41,0,9.9,0,6,0
7.2,0,0.26,0,0.74,1,13.6,0,0.05,0,56.0,0,162.0,0,0.998,0,3.03,0,0.44,0,8.8,0,5,0
6.7,0,0.62,1,0.24,0,1.1,0,0.039,0,6.0,0,62.0,0,0.9934,0,3.41,0,0.32,0,10.4,0,5,0
7.3,0,0.22,0,0.31,0,2.3,0,0.018,0,45.0,0,80.0,0,0.98936,0,3.06,0,0.34,0,12.9,0,7,0
7.4,0,0.13,0,0.39,0,4.7,0,0.042,0,36.0,0,137.0,0,0.995,0,3.36,0,0.56,0,10.3,0,7,0
6.9,0,0.37,0,0.23,0,9.5,0,0.057,0,54.0,0,166.0,0,0.99568,0,3.23,0,0.42,0,10.0,0,5,0
6.5,0,0.25,0,0.27,0,17.4,0,0.064,0,29.0,0,140.0,0,0.99776,0,3.2,0,0.49,0,10.1,0,6,0
6.2,0,0.29,0,0.32,0,3.6,0,0.026,0,39.0,0,138.0,0,0.9892,0,3.31,0,0.37,0,13.1,0,7,0
9.0,1,0.17,0,0.49,0,1.0,0,0.039,0,46.0,0,131.0,0,0.993,0,3.09,0,0.51,0,10.5,0,7,0
7.5,0,0.24,0,0.31,0,13.1,0,0.05,0,26.0,0,180.0,0,0.99884,0,3.05,0,0.53,0,9.1,0,6,0
7.3,0,0.655,1,0.2,0,10.2,0,0.071,0,28.0,0,212.0,0,0.9971,0,2.96,0,0.58,0,9.2,0,6,0
6.7,0,0.18,0,0.37,0,1.3,0,0.027,0,42.0,0,125.0,0,0.98939,0,3.24,0,0.37,0,12.8,0,7,0
7.8,0,0.13,0,0.3,0,1.8,0,0.04,0,43.0,0,179.0,0,0.9955,0,3.43,0,0.41,0,9.0,0,5,0
5.8,0,0.3,0,0.38,0,4.9,0,0.039,0,22.0,0,86.0,0,0.98963,0,3.23,0,0.58,0,13.1,0,7,0
6.9,0,0.19,0,0.35,0,1.7,0,0.036,0,33.0,0,101.0,0,0.99315,0,3.21,0,0.54,0,10.8,0,7,0
8.0,0,0.19,0,0.36,0,1.8,0,0.05,0,16.0,0,84.0,0,0.9936,0,3.15,0,0.45,0,9.8,0,7,0
7.4,0,0.19,0,0.31,0,14.5,0,0.045,0,39.0,0,193.0,0,0.9986,0,3.1,0,0.5,0,9.2,0,6,0
7.4,0,0.34,0,0.42,0,1.1,0,0.033,0,17.0,0,171.0,0,0.9917,0,3.12,0,0.53,0,11.3,0,6,0
8.1,0,0.12,0,0.49,0,1.2,0,0.042,0,43.0,0,160.0,0,0.9934,0,3.13,0,0.48,0,9.7,0,6,0
8.8,0,0.39,0,0.34,0,5.9,0,0.055,0,33.0,0,128.0,0,0.9927,0,2.95,0,0.51,0,11.8,0,6,0
6.3,0,0.19,0,0.28,0,1.8,0,0.022,0,28.0,0,158.0,0,0.9907,0,3.2,0,0.64,0,11.4,0,6,0
6.8,0,0.23,0,0.48,0,1.5,0,0.036,0,35.0,0,165.0,0,0.99162,0,3.18,0,0.45,0,11.3,0,6,0
8.7,0,0.31,0,0.21,0,5.6,0,0.039,0,28.0,0,67.0,0,0.99328,0,2.96,0,0.52,0,11.0,0,4,0
7.8,0,0.17,0,0.5,0,1.3,0,0.045,0,35.0,0,140.0,0,0.9904,0,3.16,0,0.4,0,12.0,0,6,0
8.0,0,0.2,0,0.44,0,1.0,0,0.057,0,24.0,0,111.0,0,0.99158,0,3.09,0,0.32,0,11.2,0,6,0
6.9,0,0.45,0,0.27,0,4.7,0,0.035,0,17.0,0,80.0,0,0.99058,0,3.12,0,0.36,0,12.5,0,7,0
6.8,0,0.67,1,0.3,0,13.0,0,0.29,1,22.0,0,193.0,0,0.9984,0,3.08,0,0.67,0,9.0,0,4,0
6.3,0,0.2,0,0.26,0,12.7,0,0.046,0,60.0,0,143.0,0,0.99526,0,3.26,0,0.35,0,10.8,0,6,0
6.9,0,0.27,0,0.49,0,23.5,1,0.057,0,59.0,0,235.0,0,1.0024,0,2.98,0,0.47,0,8.6,0,5,0
6.1,0,0.27,0,0.32,0,6.2,0,0.048,0,47.0,0,161.0,0,0.99281,0,3.22,0,0.6,0,11.0,0,6,0
6.1,0,0.25,0,0.3,0,1.2,0,0.036,0,42.0,0,107.0,0,0.991,0,3.34,0,0.56,0,10.8,0,7,0
8.3,0,0.15,0,0.39,0,1.3,0,0.055,0,32.0,0,146.0,0,0.993,0,3.08,0,0.39,0,10.5,0,6,0
7.5,0,0.705,1,0.1,1,13.0,0,0.044,0,44.0,0,214.0,0,0.99741,0,3.1,0,0.5,0,9.1,0,5,0
7.1,0,0.21,0,0.4,0,1.2,0,0.069,0,24.0,0,156.0,0,0.9928,0,3.42,0,0.43,0,10.6,0,6,0
6.8,0,0.26,0,0.33,0,1.5,0,0.047,0,44.0,0,167.0,0,0.9928,0,3.12,0,0.44,0,10.5,0,6,0
7.3,0,0.23,0,0.37,0,1.8,0,0.032,0,60.0,0,156.0,0,0.992,0,3.11,0,0.35,0,11.1,0,6,0
7.3,0,0.18,0,0.31,0,17.3,0,0.055,0,32.0,0,197.0,0,1.0002,0,3.13,0,0.46,0,9.0,0,6,0
5.2,0,0.365,0,0.08,1,13.5,0,0.041,0,37.0,0,142.0,0,0.997,0,3.46,0,0.39,0,9.9,0,6,0
6.2,0,0.23,0,0.36,0,17.2,0,0.039,0,37.0,0,130.0,0,0.99946,0,3.23,0,0.43,0,8.8,0,6,0
8.1,0,0.22,0,0.28,0,7.7,0,0.043,0,57.0,0,176.0,0,0.9954,0,3.12,0,0.55,0,10.0,0,5,0
5.3,0,0.36,0,0.27,0,6.3,0,0.028,0,40.0,0,132.0,0,0.99186,0,3.37,0,0.4,0,11.6,0,6,0
5.4,0,0.29,0,0.47,0,3.0,0,0.052,0,47.0,0,145.0,0,0.993,0,3.29,0,0.75,0,10.0,0,6,0
6.8,0,0.11,0,0.27,0,8.6,0,0.044,0,45.0,0,104.0,0,0.99454,0,3.2,0,0.37,0,9.9,0,6,0
7.4,0,0.28,0,0.3,0,5.3,0,0.054,0,44.0,0,161.0,0,0.9941,0,3.12,0,0.48,0,10.3,0,6,0
6.6,0,0.26,0,0.22,0,18.15,0,0.05,0,23.0,0,139.0,0,0.99904,0,3.06,0,0.5,0,9.2,0,5,0
7.3,0,0.24,0,0.3,0,2.5,0,0.042,0,31.0,0,104.0,0,0.9911,0,3.05,0,0.56,0,11.3,0,7,0
6.3,0,0.26,0,0.25,0,5.2,0,0.046,0,11.0,0,133.0,0,0.99202,0,2.97,0,0.68,0,11.0,0,6,0
6.0,0,0.31,0,0.38,0,4.8,0,0.04,0,41.0,0,101.0,0,0.98968,0,3.24,0,0.56,0,13.1,0,6,0
6.9,0,0.3,0,0.3,0,10.55,0,0.037,0,4.0,0,28.0,0,0.99184,0,3.07,0,0.32,0,12.7,0,6,0
6.6,0,0.22,0,0.29,0,14.4,0,0.046,0,39.0,0,118.0,0,0.99834,0,3.05,0,0.5,0,9.1,0,6,0
9.2,1,0.28,0,0.46,0,3.2,0,0.058,0,39.0,0,133.0,0,0.996,0,3.14,0,0.58,0,9.5,0,5,0
7.4,0,0.32,0,0.27,0,12.9,0,0.04,0,60.0,0,221.0,0,0.99831,0,3.05,0,0.66,0,9.4,0,5,0
7.1,0,0.26,0,0.32,0,14.45,0,0.074,1,29.0,0,107.0,0,0.998,0,2.96,0,0.42,0,9.2,0,6,0
7.1,0,0.44,0,0.62,1,11.8,0,0.044,0,52.0,0,152.0,0,0.9975,0,3.12,0,0.46,0,8.7,0,6,0
8.4,0,0.23,0,0.49,0,7.8,0,0.035,0,22.0,0,95.0,0,0.9935,0,3.04,0,0.34,0,12.0,0,6,0
6.5,0,0.43,0,0.18,0,13.15,0,0.032,0,25.0,0,131.0,0,0.99565,0,3.23,0,0.51,0,10.7,0,5,0
5.7,0,0.43,0,0.3,0,5.7,0,0.039,0,24.0,0,98.0,0,0.992,0,3.54,0,0.61,0,12.3,0,7,0
7.8,0,0.25,0,0.34,0,13.7,0,0.044,0,66.0,0,184.0,0,0.99976,0,3.22,0,0.75,0,8.9,0,5,0
6.6,0,0.23,0,0.2,0,11.4,0,0.044,0,45.0,0,131.0,0,0.99604,0,2.96,0,0.51,0,9.7,0,6,0
6.1,0,0.16,0,0.27,0,12.6,0,0.064,0,63.0,0,162.0,0,0.9994,0,3.66,1,0.43,0,8.9,0,5,0
6.1,0,0.3,0,0.56,1,2.8,0,0.044,0,47.0,0,179.0,0,0.9924,0,3.3,0,0.57,0,10.9,0,7,0
7.6,0,0.19,0,0.41,0,1.1,0,0.04,0,38.0,0,143.0,0,0.9907,0,2.92,0,0.42,0,11.4,0,5,0
6.9,0,0.33,0,0.31,0,4.2,0,0.04,0,21.0,0,93.0,0,0.9896,0,3.18,0,0.48,0,13.4,0,7,0
7.2,0,0.32,0,0.3,0,8.25,0,0.02,0,14.0,0,104.0,0,0.99362,0,2.99,0,0.44,0,11.4,0,6,0
5.8,0,0.26,0,0.18,0,1.2,0,0.031,0,40.0,0,114.0,0,0.9908,0,3.42,0,0.4,0,11.0,0,7,0
6.5,0,0.37,0,0.3,0,2.2,0,0.033,0,39.0,0,107.0,0,0.98894,0,3.22,0,0.53,0,13.5,0,7,0
6.6,0,0.33,0,0.32,0,15.6,0,0.054,0,62.0,0,227.0,0,0.99734,0,3.25,0,0.56,0,10.4,0,5,0
6.5,0,0.19,0,0.32,0,1.4,0,0.04,0,31.0,0,132.0,0,0.9922,0,3.36,0,0.54,0,10.8,0,7,0
7.3,0,0.4,0,0.24,0,6.7,0,0.058,0,41.0,0,166.0,0,0.995,0,3.2,0,0.41,0,9.9,0,6,0
6.7,0,0.26,0,0.49,0,8.3,0,0.047,0,54.0,0,191.0,0,0.9954,0,3.23,0,0.4,0,10.3,0,6,0
6.3,0,0.29,0,0.14,0,7.05,0,0.045,0,50.0,0,177.0,0,0.99564,0,3.23,0,0.42,0,9.0,0,5,0
7.0,0,0.3,0,0.28,0,2.2,0,0.042,0,21.0,0,177.0,0,0.99166,0,3.2,0,0.57,0,11.4,0,5,0
7.0,0,0.15,0,0.34,0,1.4,0,0.039,0,21.0,0,177.0,0,0.9927,0,3.32,0,0.62,0,10.8,0,5,0
6.0,0,0.19,0,0.29,0,1.2,0,0.046,0,29.0,0,92.0,0,0.99033,0,3.22,0,0.53,0,11.3,0,6,0
6.1,0,0.27,0,0.31,0,1.5,0,0.035,0,17.0,0,83.0,0,0.99076,0,3.32,0,0.44,0,11.1,0,7,0
8.9,1,0.27,0,0.34,0,10.7,0,0.029,0,19.5,0,166.0,0,0.99669,0,3.13,0,0.48,0,10.6,0,5,0
8.0,0,0.2,0,0.4,0,5.2,0,0.055,0,41.0,0,167.0,0,0.9953,0,3.18,0,0.4,0,10.6,0,7,0
6.3,0,0.21,0,0.4,0,1.7,0,0.031,0,48.0,0,134.0,0,0.9917,0,3.42,0,0.49,0,11.5,0,6,0
7.5,0,0.27,0,0.36,0,7.0,0,0.036,0,45.0,0,164.0,0,0.9939,0,3.03,0,0.33,0,11.0,0,5,0
6.6,0,0.23,0,0.32,0,1.7,0,0.024,0,26.0,0,102.0,0,0.99084,0,3.29,0,0.6,0,11.8,0,6,0
6.3,0,0.28,0,0.47,0,11.2,0,0.04,0,61.0,0,183.0,0,0.99592,0,3.12,0,0.51,0,9.5,0,6,0
10.3,1,0.25,0,0.48,0,2.2,0,0.042,0,28.0,0,164.0,0,0.998,0,3.19,0,0.59,0,9.7,0,5,0
7.3,0,0.4,0,0.28,0,6.5,0,0.037,0,26.0,0,97.0,0,0.99148,0,3.16,0,0.58,0,12.6,0,7,0
6.3,0,0.2,0,0.19,0,12.3,0,0.048,0,54.0,0,145.0,0,0.99668,0,3.16,0,0.42,0,9.3,0,6,0
6.6,0,0.19,0,0.41,0,8.9,0,0.046,0,51.0,0,169.0,0,0.9954,0,3.14,0,0.57,0,9.8,0,6,0
7.4,0,0.26,0,0.31,0,7.6,0,0.047,0,52.0,0,177.0,0,0.9962,0,3.13,0,0.45,0,8.9,0,6,0
8.8,0,0.17,0,0.38,0,1.8,0,0.04,0,39.0,0,148.0,0,0.9942,0,3.16,0,0.67,0,10.2,0,6,0
8.3,0,0.33,0,0.42,0,1.15,0,0.033,0,18.0,0,96.0,0,0.9911,0,3.2,0,0.32,0,12.4,0,3,1
6.3,0,0.29,0,0.3,0,8.1,0,0.212,1,60.0,0,150.0,0,0.9958,0,3.1,0,0.4,0,9.3,0,5,0
6.6,0,0.22,0,0.37,0,1.2,0,0.059,0,45.0,0,199.0,0,0.993,0,3.37,0,0.55,0,10.3,0,7,0
6.4,0,0.35,0,0.28,0,1.6,0,0.037,0,31.0,0,113.0,0,0.98779,0,3.12,0,0.4,0,14.2,0,7,0
7.0,0,0.13,0,0.37,0,12.85,0,0.042,0,36.0,0,105.0,0,0.99581,0,3.05,0,0.55,0,10.7,0,6,0
5.7,0,0.22,0,0.25,0,1.1,0,0.05,0,97.0,1,175.0,0,0.99099,0,3.44,0,0.62,0,11.1,0,6,0
6.7,0,0.54,1,0.27,0,7.1,0,0.049,0,8.0,0,178.0,0,0.99502,0,3.16,0,0.38,0,9.4,0,4,0
7.3,0,0.25,0,0.27,0,3.8,0,0.047,0,16.0,0,79.0,0,0.99173,0,3.07,0,0.46,0,11.3,0,6,0
7.5,0,0.21,0,0.34,0,1.2,0,0.06,0,26.0,0,111.0,0,0.9931,0,3.51,0,0.47,0,10.7,0,6,0
7.0,0,0.35,0,0.31,0,1.8,0,0.069,0,15.0,0,162.0,0,0.9944,0,3.18,0,0.47,0,9.4,0,5,0
7.4,0,0.19,0,0.31,0,14.5,0,0.045,0,39.0,0,193.0,0,0.9986,0,3.1,0,0.5,0,9.2,0,6,0
6.1,0,0.31,0,0.58,1,5.0,0,0.039,0,36.0,0,114.0,0,0.9909,0,3.3,0,0.6,0,12.3,0,8,1
6.0,0,0.16,0,0.22,0,1.6,0,0.042,0,36.0,0,106.0,0,0.9905,0,3.24,0,0.32,0,11.4,0,6,0
7.9,0,0.255,0,0.26,0,2.0,0,0.026,0,40.0,0,190.0,0,0.9932,0,3.04,0,0.39,0,11.2,0,6,0
6.2,0,0.38,0,0.42,0,2.5,0,0.038,0,34.0,0,117.0,0,0.99132,0,3.36,0,0.59,0,11.6,0,7,0
6.5,0,0.08,0,0.33,0,1.9,0,0.028,0,23.0,0,93.0,0,0.991,0,3.34,0,0.7,0,12.0,0,7,0
5.9,0,0.34,0,0.3,0,3.8,0,0.035,0,57.0,0,135.0,0,0.99016,0,3.09,0,0.34,0,12.0,0,6,0
5.6,0,0.19,0,0.31,0,2.7,0,0.027,0,11.0,0,100.0,0,0.98964,0,3.46,0,0.4,0,13.2,0,7,0
7.0,0,0.32,0,0.29,0,7.6,0,0.025,0,35.0,0,124.0,0,0.99162,0,3.15,0,0.65,0,12.8,0,7,0
6.7,0,0.15,0,0.32,0,7.9,0,0.034,0,17.0,0,81.0,0,0.99512,0,3.29,0,0.31,0,10.0,0,6,0
7.4,0,0.19,0,0.3,0,1.4,0,0.057,0,33.0,0,135.0,0,0.993,0,3.12,0,0.5,0,9.6,0,6,0
5.5,0,0.18,0,0.22,0,5.5,0,0.037,0,10.0,0,86.0,0,0.99156,0,3.46,0,0.44,0,12.2,0,5,0
6.3,0,0.25,0,0.23,0,14.9,0,0.039,0,47.0,0,142.0,0,0.99705,0,3.14,0,0.35,0,9.7,0,6,0
5.9,0,0.19,0,0.26,0,7.4,0,0.034,0,33.0,0,123.0,0,0.995,0,3.49,0,0.42,0,10.1,0,6,0
7.2,0,0.23,0,0.82,1,1.3,0,0.149,1,70.0,0,109.0,0,0.99304,0,2.93,0,0.42,0,9.2,0,6,0
7.4,0,0.44,0,0.2,0,11.5,0,0.049,0,44.0,0,157.0,0,0.998,0,3.27,0,0.44,0,9.0,0,5,0
7.6,0,0.31,0,0.49,0,13.4,0,0.062,0,50.0,0,191.0,0,0.9989,0,3.22,0,0.53,0,9.0,0,4,0
7.8,0,0.28,0,0.49,0,1.3,0,0.046,0,27.0,0,142.0,0,0.9936,0,3.09,0,0.59,0,10.2,0,5,0
6.1,0,0.28,0,0.16,0,1.3,0,0.06,0,36.0,0,126.0,0,0.99353,0,3.13,0,0.46,0,8.7,0,6,0
7.0,0,0.32,0,0.35,0,1.5,0,0.039,0,24.0,0,125.0,0,0.9918,0,3.17,0,0.64,0,12.2,0,6,0
7.7,0,0.26,0,0.34,0,6.4,0,0.05,0,36.0,0,163.0,0,0.9937,0,3.19,0,0.7,0,11.5,0,6,0
6.1,0,0.32,0,0.28,0,6.6,0,0.021,0,29.0,0,132.0,0,0.99188,0,3.15,0,0.36,0,11.45,0,7,0
7.2,0,0.15,0,0.33,0,1.1,0,0.027,0,16.0,0,63.0,0,0.9937,0,3.37,0,0.4,0,9.9,0,5,0
9.7,1,0.14,0,0.59,1,1.5,0,0.049,0,23.0,0,142.0,0,0.9958,0,2.98,0,0.62,0,9.5,0,5,0
7.4,0,0.3,0,0.22,0,5.25,0,0.053,0,33.0,0,180.0,0,0.9926,0,3.13,0,0.45,0,11.6,0,6,0
6.4,0,0.29,0,0.21,0,9.65,0,0.041,0,36.0,0,119.0,0,0.99334,0,2.99,0,0.34,0,10.9333333333333,0,6,0
8.2,0,0.22,0,0.3,0,1.8,0,0.047,0,47.0,0,185.0,0,0.9933,0,3.13,0,0.5,0,10.2,0,6,0
6.9,0,0.4,0,0.37,0,8.9,0,0.053,0,36.0,0,148.0,0,0.996,0,3.16,0,0.5,0,9.3,0,5,0
6.2,0,0.34,0,0.25,0,12.1,0,0.059,0,33.0,0,171.0,0,0.99769,0,3.14,0,0.56,0,8.7,0,6,0
6.4,0,0.24,0,0.22,0,1.5,0,0.038,0,38.0,0,157.0,0,0.9934,0,3.41,0,0.55,0,9.9,0,6,0
6.8,0,0.16,0,0.18,0,1.8,0,0.046,0,31.0,0,114.0,0,0.99226,0,3.27,0,0.55,0,10.8,0,6,0
6.4,0,0.17,0,0.27,0,9.9,0,0.047,0,26.0,0,101.0,0,0.99596,0,3.34,0,0.5,0,9.9,0,6,0
7.8,0,0.16,0,0.41,0,1.7,0,0.026,0,29.0,0,140.0,0,0.991,0,3.02,0,0.78,1,12.5,0,6,0
7.3,0,0.25,0,0.42,0,14.2,0,0.041,0,57.0,0,182.0,0,0.9996,0,3.29,0,0.75,0,9.1,0,7,0
6.4,0,0.2,0,0.22,0,7.4,0,0.032,0,53.0,0,172.0,0,0.99404,0,3.24,0,0.58,0,11.0,0,6,0
9.4,1,0.16,0,0.23,0,1.6,0,0.042,0,14.0,0,67.0,0,0.9942,0,3.07,0,0.32,0,9.5,0,5,0
8.2,0,0.2,0,0.49,0,3.5,0,0.057,0,14.0,0,108.0,0,0.9928,0,3.19,0,0.35,0,11.5,0,6,0
7.4,0,0.3,0,0.22,0,5.25,0,0.053,0,33.0,0,180.0,0,0.9926,0,3.13,0,0.45,0,11.6,0,6,0
9.2,1,0.14,0,0.37,0,1.1,0,0.034,0,36.0,0,84.0,0,0.99136,0,3.05,0,0.55,0,11.6,0,6,0
5.4,0,0.59,1,0.07,1,7.0,0,0.045,0,36.0,0,147.0,0,0.9944,0,3.34,0,0.57,0,9.7,0,6,0
5.8,0,0.31,0,0.33,0,1.2,0,0.036,0,23.0,0,99.0,0,0.9916,0,3.18,0,0.6,0,10.5,0,6,0
7.5,0,0.23,0,0.35,0,17.8,0,0.058,0,128.0,1,212.0,0,1.00241,0,3.44,0,0.43,0,8.9,0,5,0
6.6,0,0.23,0,0.3,0,14.9,0,0.051,0,33.0,0,118.0,0,0.99835,0,3.04,0,0.54,0,9.0,0,6,0
6.1,0,0.41,0,0.0,1,1.6,0,0.063,0,36.0,0,87.0,0,0.9914,0,3.27,0,0.67,0,10.8,0,6,0
6.1,0,0.43,0,0.35,0,9.1,0,0.059,0,83.0,1,249.0,0,0.9971,0,3.37,0,0.5,0,8.5,0,5,0
7.4,0,0.16,0,0.49,0,1.2,0,0.055,0,18.0,0,150.0,0,0.9917,0,3.23,0,0.47,0,11.2,0,6,0
7.8,0,0.21,0,0.49,0,1.35,0,0.052,0,6.0,0,48.0,0,0.9911,0,3.15,0,0.28,0,11.4,0,5,0
8.3,0,0.33,0,0.43,0,9.2,0,0.046,0,22.0,0,126.0,0,0.9982,0,3.38,0,0.47,0,9.3,0,5,0
6.2,0,0.2,0,0.25,0,15.0,0,0.055,0,8.0,0,120.0,0,0.99767,0,3.19,0,0.53,0,9.6,0,6,0
6.5,0,0.21,0,0.51,0,17.6,0,0.045,0,34.0,0,125.0,0,0.99966,0,3.2,0,0.47,0,8.8,0,6,0
5.7,0,0.33,0,0.15,0,1.9,0,0.05,0,20.0,0,93.0,0,0.9934,0,3.38,0,0.62,0,9.9,0,5,0
7.0,0,0.28,0,0.39,0,8.7,0,0.051,0,32.0,0,141.0,0,0.9961,0,3.38,0,0.53,0,10.5,0,6,0
6.6,0,0.15,0,0.34,0,1.0,0,0.037,0,45.0,0,79.0,0,0.98949,0,2.96,0,0.5,0,11.7,0,6,0
6.7,0,0.28,0,0.28,0,4.5,0,0.051,0,14.0,0,92.0,0,0.99224,0,3.36,0,0.58,0,11.9,0,6,0
7.3,0,0.25,0,0.36,0,2.1,0,0.034,0,30.0,0,177.0,0,0.99085,0,3.25,0,0.4,0,11.9,0,8,1
6.8,0,0.31,0,0.3,0,8.0,0,0.028,0,33.0,0,122.0,0,0.99164,0,3.13,0,0.63,0,12.6,0,7,0
7.2,0,0.15,0,0.39,0,1.8,0,0.043,0,21.0,0,159.0,0,0.9948,0,3.52,0,0.47,0,10.0,0,5,0
7.3,0,0.35,0,0.67,1,8.3,0,0.053,0,10.0,0,100.0,0,0.9959,0,3.19,0,0.5,0,10.9,0,5,0
6.5,0,0.3,0,0.29,0,2.25,0,0.037,0,8.0,0,210.0,0,0.9937,0,3.19,0,0.62,0,9.9,0,5,0
6.6,0,0.78,1,0.5,0,1.5,0,0.045,0,30.0,0,133.0,0,0.99104,0,3.25,0,0.48,0,11.7,0,5,0
5.8,0,0.23,0,0.21,0,1.5,0,0.044,0,21.0,0,110.0,0,0.99138,0,3.3,0,0.57,0,11.0,0,6,0
7.3,0,0.2,0,0.44,0,1.4,0,0.045,0,21.0,0,98.0,0,0.9924,0,3.15,0,0.46,0,10.0,0,7,0
6.1,0,0.34,0,0.46,0,4.7,0,0.029,0,21.0,0,94.0,0,0.991,0,3.29,0,0.62,0,12.3,0,6,0
7.2,0,0.27,0,0.74,1,12.5,0,0.037,0,47.0,0,156.0,0,0.9981,0,3.04,0,0.44,0,8.7,0,5,0
7.6,0,0.32,0,0.35,0,1.6,0,0.092,1,24.0,0,138.0,0,0.99438,0,3.19,0,0.44,0,9.8,0,5,0
6.4,0,0.21,0,0.21,0,5.1,0,0.097,1,21.0,0,105.0,0,0.9939,0,3.07,0,0.46,0,9.6,0,5,0
7.0,0,0.28,0,0.32,0,7.75,0,0.032,0,30.0,0,114.0,0,0.99158,0,3.12,0,0.64,0,12.8,0,7,0
7.7,0,0.29,0,0.29,0,4.8,0,0.06,0,27.0,0,156.0,0,0.99572,0,3.49,0,0.59,0,10.3,0,6,0
5.1,0,0.33,0,0.22,0,1.6,0,0.027,0,18.0,0,89.0,0,0.9893,0,3.51,0,0.38,0,12.5,0,7,0
7.3,0,0.26,0,0.53,0,12.7,0,0.047,0,60.5,0,156.0,0,0.9984,0,3.06,0,0.45,0,9.1,0,6,0
7.0,0,0.23,0,0.42,0,5.1,0,0.042,0,37.0,0,144.0,0,0.99518,0,3.5,0,0.59,0,10.2,0,6,0
5.6,0,0.255,0,0.57,1,10.7,0,0.056,0,66.0,0,171.0,0,0.99464,0,3.25,0,0.61,0,10.4,0,7,0
7.7,0,0.24,0,0.29,0,15.3,0,0.044,0,39.0,0,194.0,0,0.9982,0,3.06,0,0.47,0,9.6,0,7,0
6.3,0,0.18,0,0.24,0,3.4,0,0.053,0,20.0,0,119.0,0,0.99373,0,3.11,0,0.52,0,9.2,0,6,0
6.6,0,0.35,0,0.19,0,10.5,0,0.06,0,15.0,0,82.0,0,0.99588,0,3.13,0,0.38,0,9.9,0,4,0
6.7,0,0.16,0,0.37,0,1.3,0,0.036,0,45.0,0,125.0,0,0.98964,0,3.19,0,0.51,0,12.4,0,7,0
6.4,0,0.29,0,0.2,0,15.6,0,0.04,0,20.0,0,142.0,0,0.9962,0,3.1,0,0.54,0,10.6,0,5,0
6.8,0,0.15,0,0.41,0,12.9,0,0.044,0,79.5,0,183.0,0,0.99742,0,3.24,0,0.78,1,10.2,0,6,0
5.8,0,0.13,0,0.22,0,12.7,0,0.058,0,24.0,0,183.0,0,0.9956,0,3.32,0,0.42,0,11.7,0,6,0
5.7,0,0.28,0,0.35,0,1.2,0,0.052,0,39.0,0,141.0,0,0.99108,0,3.44,0,0.69,0,11.3,0,6,0
5.7,0,0.32,0,0.18,0,1.4,0,0.029,0,26.0,0,104.0,0,0.9906,0,3.44,0,0.37,0,11.0,0,6,0
5.6,0,0.19,0,0.47,0,4.5,0,0.03,0,19.0,0,112.0,0,0.9922,0,3.56,0,0.45,0,11.2,0,6,0
6.6,0,0.295,0,0.24,0,1.6,0,0.039,0,29.0,0,140.0,0,0.99304,0,3.35,0,0.61,0,10.4,0,7,0
6.2,0,0.17,0,0.28,0,4.7,0,0.037,0,39.0,0,133.0,0,0.9931,0,3.41,0,0.46,0,10.8,0,7,0
8.4,0,0.35,0,0.56,1,13.8,0,0.048,0,55.0,0,190.0,0,0.9993,0,3.07,0,0.58,0,9.4,0,6,0
6.8,0,0.29,0,0.56,1,11.9,0,0.043,0,66.0,0,230.0,0,0.9972,0,3.02,0,0.63,0,9.3,0,5,0
7.6,0,0.3,0,0.37,0,1.6,0,0.087,1,27.0,0,177.0,0,0.99438,0,3.09,0,0.5,0,9.8,0,5,0
7.6,0,0.27,0,0.3,0,9.2,0,0.018,0,23.0,0,96.0,0,0.9938,0,3.08,0,0.29,0,11.0,0,6,0
5.1,0,0.165,0,0.22,0,5.7,0,0.047,0,42.0,0,146.0,0,0.9934,0,3.18,0,0.55,0,9.9,0,6,0
6.9,0,0.25,0,0.27,0,9.05,0,0.039,0,37.0,0,128.0,0,0.9936,0,3.27,0,0.34,0,11.3,0,8,1
6.7,0,0.36,0,0.26,0,7.9,0,0.034,0,39.0,0,123.0,0,0.99119,0,2.99,0,0.3,0,12.2,0,7,0
7.2,0,0.31,0,0.24,0,1.4,0,0.057,0,17.0,0,117.0,0,0.9928,0,3.16,0,0.35,0,10.5,0,5,0
7.0,0,0.15,0,0.28,0,14.7,0,0.051,0,29.0,0,149.0,0,0.99792,0,2.96,0,0.39,0,9.0,0,7,0
5.8,0,0.27,0,0.4,0,1.2,0,0.076,1,47.0,0,130.0,0,0.99185,0,3.13,0,0.45,0,10.3,0,6,0
8.5,0,0.15,0,0.49,0,1.5,0,0.031,0,17.0,0,122.0,0,0.9932,0,3.03,0,0.4,0,10.3,0,6,0
5.7,0,0.26,0,0.3,0,1.8,0,0.039,0,30.0,0,105.0,0,0.98995,0,3.48,0,0.52,0,12.5,0,7,0
8.1,0,0.5,0,0.47,0,1.1,0,0.037,0,23.0,0,126.0,0,0.9938,0,3.21,0,0.42,0,10.9,0,5,0
5.4,0,0.185,0,0.19,0,7.1,0,0.048,0,36.0,0,110.0,0,0.99438,0,3.26,0,0.41,0,9.5,0,6,0
7.3,0,0.25,0,0.29,0,7.5,0,0.049,0,38.0,0,158.0,0,0.9965,0,3.43,0,0.38,0,9.6,0,5,0
7.5,0,0.33,0,0.36,0,2.6,0,0.051,0,26.0,0,126.0,0,0.99097,0,3.32,0,0.53,0,12.7,0,6,0
7.9,0,0.18,0,0.37,0,3.0,0,0.061,0,25.0,0,178.0,0,0.995,0,3.22,0,0.51,0,10.0,0,6,0
6.6,0,0.25,0,0.42,0,11.3,0,0.049,0,77.0,0,231.0,0,0.9966,0,3.24,0,0.52,0,9.5,0,6,0
7.6,0,0.345,0,0.26,0,1.9,0,0.043,0,15.0,0,134.0,0,0.9936,0,3.08,0,0.38,0,9.5,0,5,0
6.4,0,0.28,0,0.56,1,1.7,0,0.156,1,49.0,0,106.0,0,0.99354,0,3.1,0,0.37,0,9.2,0,6,0
5.7,0,0.31,0,0.28,0,4.1,0,0.03,0,22.0,0,86.0,0,0.99062,0,3.31,0,0.38,0,11.7,0,7,0
6.8,0,0.24,0,0.29,0,2.0,0,0.044,0,15.0,0,96.0,0,0.99232,0,3.23,0,0.64,0,10.4,0,8,1
7.6,0,0.19,0,0.32,0,18.75,0,0.047,0,32.0,0,193.0,0,1.00014,0,3.1,0,0.5,0,9.3,0,7,0
6.6,0,0.64,1,0.28,0,4.4,0,0.032,0,19.0,0,78.0,0,0.99036,0,3.11,0,0.62,0,12.9,0,6,0
7.1,0,0.27,0,0.31,0,18.2,0,0.046,0,55.0,0,252.0,0,1.0,0,3.07,0,0.56,0,8.7,0,5,0
6.5,0,0.19,0,0.26,0,5.2,0,0.04,0,31.0,0,140.0,0,0.995,0,3.26,0,0.68,0,9.5,0,6,0
7.3,0,0.17,0,0.36,0,8.2,0,0.028,0,44.0,0,111.0,0,0.99272,0,3.14,0,0.41,0,12.4,0,6,0
8.4,0,0.2,0,0.27,0,6.3,0,0.048,0,30.0,0,143.0,0,0.9966,0,3.25,0,0.5,0,9.1,0,6,0
5.2,0,0.44,0,0.04,1,1.4,0,0.036,0,43.0,0,119.0,0,0.9894,0,3.36,0,0.33,0,12.1,0,8,1
8.0,0,0.27,0,0.24,0,1.2,0,0.044,0,20.0,0,102.0,0,0.9929,0,3.28,0,0.42,0,10.9,0,5,0
6.2,0,0.18,0,0.3,0,1.0,0,0.031,0,23.0,0,73.0,0,0.99032,0,3.23,0,0.52,0,11.3,0,6,0
6.8,0,0.24,0,0.29,0,9.5,0,0.042,0,56.0,0,157.0,0,0.99586,0,3.11,0,0.51,0,10.1,0,6,0
6.1,0,0.28,0,0.35,0,12.8,0,0.048,0,63.0,0,229.0,0,0.9975,0,3.08,0,0.4,0,8.9,0,5,0
5.5,0,0.335,0,0.3,0,2.5,0,0.071,0,27.0,0,128.0,0,0.9924,0,3.14,0,0.51,0,9.6,0,6,0
7.3,0,0.29,0,0.3,0,13.0,0,0.043,0,46.0,0,238.0,0,0.9986,0,3.06,0,0.41,0,8.7,0,6,0
6.0,0,0.2,0,0.26,0,14.7,0,0.045,0,53.0,0,125.0,0,0.998365,0,2.99,0,0.69,0,9.4,0,6,0
7.7,0,0.28,0,0.35,0,15.3,0,0.056,0,31.0,0,117.0,0,0.9998,0,3.27,0,0.5,0,9.6,0,5,0
6.9,0,0.24,0,0.36,0,20.8,0,0.031,0,40.0,0,139.0,0,0.9975,0,3.2,0,0.33,0,11.0,0,6,0
5.1,0,0.3,0,0.3,0,2.3,0,0.048,0,40.0,0,150.0,0,0.98944,0,3.29,0,0.46,0,12.2,0,6,0
5.9,0,0.35,0,0.47,0,2.2,0,0.11,1,14.0,0,138.0,0,0.9932,0,3.09,0,0.5,0,9.1,0,5,0
6.9,0,0.16,0,0.3,0,9.6,0,0.057,0,50.0,0,185.0,0,0.9978,0,3.39,0,0.38,0,9.6,0,6,0
7.3,0,0.26,0,0.24,0,1.7,0,0.05,0,10.0,0,112.0,0,0.99286,0,3.11,0,0.43,0,9.9,0,5,0
5.9,0,0.54,1,0.0,1,0.8,0,0.032,0,12.0,0,82.0,0,0.99286,0,3.25,0,0.36,0,8.8,0,5,0
7.4,0,0.28,0,0.4,0,11.9,0,0.032,0,13.0,0,92.0,0,0.99629,0,3.01,0,0.46,0,10.8,0,4,0
5.0,0,0.55,1,0.14,0,8.3,0,0.032,0,35.0,0,164.0,0,0.9918,0,3.53,0,0.51,0,12.5,0,8,1
6.5,0,0.18,0,0.31,0,1.7,0,0.044,0,30.0,0,127.0,0,0.9928,0,3.49,0,0.5,0,10.2,0,7,0
5.9,0,0.34,0,0.25,0,2.0,0,0.042,0,12.0,0,110.0,0,0.99034,0,3.02,0,0.54,0,11.4,0,6,0
6.0,0,0.17,0,0.33,0,6.0,0,0.036,0,30.0,0,111.0,0,0.99362,0,3.32,0,0.58,0,10.15,0,7,0
7.1,0,0.33,0,0.3,0,3.3,0,0.034,0,30.0,0,102.0,0,0.9912,0,3.08,0,0.31,0,12.3,0,7,0
7.2,0,0.43,0,0.24,0,6.7,0,0.058,0,40.0,0,163.0,0,0.995,0,3.2,0,0.41,0,9.9,0,5,0
8.3,0,0.27,0,0.34,0,10.2,0,0.048,0,50.0,0,118.0,0,0.99716,0,3.18,0,0.51,0,10.3,0,5,0
7.6,0,0.29,0,0.58,1,17.5,0,0.041,0,51.0,0,225.0,0,0.9997,0,3.16,0,0.66,0,9.5,0,6,0
7.1,0,0.34,0,0.32,0,2.0,0,0.051,0,29.0,0,130.0,0,0.99354,0,3.3,0,0.5,0,10.4,0,6,0
7.1,0,0.25,0,0.28,0,1.6,0,0.052,0,46.0,0,169.0,0,0.9926,0,3.05,0,0.41,0,10.5,0,5,0
8.1,0,0.46,0,0.31,0,1.7,0,0.052,0,50.0,0,183.0,0,0.9923,0,3.03,0,0.42,0,11.2,0,5,0
7.3,0,0.3,0,0.42,0,7.35,0,0.025,0,51.0,0,175.0,0,0.9928,0,3.04,0,0.32,0,11.4,0,6,0
6.6,0,0.39,0,0.39,0,11.9,0,0.057,0,51.0,0,221.0,0,0.99851,0,3.26,0,0.51,0,8.9,0,6,0
7.5,0,0.28,0,0.34,0,4.2,0,0.028,0,36.0,0,116.0,0,0.991,0,2.99,0,0.41,0,12.3,0,8,1
6.7,0,0.33,0,0.36,0,6.6,0,0.042,0,34.0,0,116.0,0,0.99123,0,2.97,0,0.31,0,12.2,0,8,1
6.1,0,0.33,0,0.32,0,7.8,0,0.052,0,52.0,0,183.0,0,0.99657,0,3.39,0,0.65,0,9.5,0,5,0
7.3,0,0.19,0,0.27,0,13.9,0,0.057,0,45.0,0,155.0,0,0.99807,0,2.94,0,0.41,0,8.8,0,8,1
7.1,0,0.39,0,0.79,1,1.4,0,0.194,1,23.0,0,90.0,0,0.99212,0,3.17,0,0.46,0,10.5,0,6,0
5.8,0,0.31,0,0.32,0,4.5,0,0.024,0,28.0,0,94.0,0,0.98906,0,3.25,0,0.52,0,13.7,0,7,0
6.2,0,0.25,0,0.54,0,7.0,0,0.046,0,58.0,0,176.0,0,0.99454,0,3.19,0,0.7,0,10.4,0,5,0
5.4,0,0.22,0,0.29,0,1.2,0,0.045,0,69.0,0,152.0,0,0.99178,0,3.76,1,0.63,0,11.0,0,7,0
5.1,0,0.42,0,0.01,1,1.5,0,0.017,0,25.0,0,102.0,0,0.9894,0,3.38,0,0.36,0,12.3,0,7,0
6.6,0,0.16,0,0.4,0,1.5,0,0.044,0,48.0,0,143.0,0,0.9912,0,3.54,0,0.52,0,12.4,0,7,0
10.3,1,0.17,0,0.47,0,1.4,0,0.037,0,5.0,0,33.0,0,0.9939,0,2.89,0,0.28,0,9.6,0,3,1
6.0,0,0.39,0,0.17,0,12.0,0,0.046,0,65.0,0,246.0,0,0.9976,0,3.15,0,0.38,0,9.0,0,6,0
7.8,0,0.28,0,0.32,0,9.0,0,0.036,0,34.0,0,115.0,0,0.9952,0,3.17,0,0.39,0,10.3,0,7,0
6.0,0,0.27,0,0.31,0,5.0,0,0.043,0,54.0,0,170.0,0,0.9924,0,3.28,0,0.52,0,11.0,0,6,0
8.2,0,0.28,0,0.42,0,1.8,0,0.031,0,30.0,0,93.0,0,0.9917,0,3.09,0,0.39,0,11.4,0,5,0
6.6,0,0.2,0,0.14,0,4.4,0,0.184,1,35.0,0,168.0,0,0.99396,0,2.93,0,0.45,0,9.4,0,6,0
3.8,1,0.31,0,0.02,1,11.1,0,0.036,0,20.0,0,114.0,0,0.99248,0,3.75,1,0.44,0,12.4,0,6,0
10.2,1,0.44,0,0.88,1,6.2,0,0.049,0,20.0,0,124.0,0,0.9968,0,2.99,0,0.51,0,9.9,0,4,0
6.5,0,0.24,0,0.39,0,17.3,0,0.052,0,22.0,0,126.0,0,0.99888,0,3.11,0,0.47,0,9.2,0,6,0
6.0,0,0.37,0,0.32,0,1.0,0,0.053,0,31.0,0,218.5,0,0.9924,0,3.29,0,0.72,0,9.8,0,6,0
7.2,0,0.22,0,0.28,0,7.2,0,0.06,0,41.0,0,132.0,0,0.9935,0,3.08,0,0.59,0,11.3,0,6,0
6.4,0,0.28,0,0.17,0,8.3,0,0.042,0,61.0,0,195.0,0,0.99577,0,3.22,0,0.46,0,9.4,0,5,0
7.2,0,0.31,0,0.35,0,7.2,0,0.046,0,45.0,0,178.0,0,0.9955,0,3.14,0,0.53,0,9.7,0,5,0
6.5,0,0.17,0,0.54,0,8.5,0,0.082,1,64.0,0,163.0,0,0.9959,0,2.89,0,0.39,0,8.8,0,6,0
7.2,0,0.24,0,0.3,0,1.2,0,0.037,0,11.0,0,95.0,0,0.98914,0,2.96,0,0.36,0,12.5,0,6,0
6.5,0,0.33,0,0.3,0,3.8,0,0.036,0,34.0,0,88.0,0,0.99028,0,3.25,0,0.63,0,12.5,0,7,0
7.7,0,0.3,0,0.42,0,14.3,0,0.045,0,45.0,0,213.0,0,0.9991,0,3.18,0,0.63,0,9.2,0,5,0
6.6,0,0.34,0,0.27,0,6.2,0,0.059,0,23.0,0,136.0,0,0.9957,0,3.3,0,0.49,0,10.1,0,6,0
7.0,0,0.33,0,0.28,0,5.7,0,0.033,0,39.0,0,204.0,0,0.99176,0,3.17,0,0.64,0,12.5,0,6,0
5.5,0,0.17,0,0.23,0,2.9,0,0.039,0,10.0,0,108.0,0,0.99243,0,3.28,0,0.5,0,10.0,0,5,0
7.8,0,0.28,0,0.34,0,1.6,0,0.028,0,32.0,0,118.0,0,0.9901,0,3.0,0,0.38,0,12.1,0,7,0
6.1,0,0.25,0,0.49,0,7.6,0,0.052,0,67.0,0,226.0,0,0.9956,0,3.16,0,0.47,0,8.9,0,5,0
7.3,0,0.19,0,0.25,0,1.4,0,0.051,0,41.0,0,107.0,0,0.99382,0,3.53,0,0.66,0,10.5,0,7,0
6.6,0,0.4,0,0.46,0,6.2,0,0.056,0,42.0,0,241.0,0,0.9968,0,3.5,0,0.6,0,9.9,0,5,0
6.8,0,0.63,1,0.04,1,1.3,0,0.058,0,25.0,0,133.0,0,0.99271,0,3.17,0,0.39,0,10.2,0,4,0
6.3,0,0.2,0,0.58,1,1.4,0,0.204,1,15.0,0,97.0,0,0.9931,0,3.16,0,0.43,0,10.0,0,6,0
6.1,0,0.17,0,0.28,0,4.5,0,0.033,0,46.0,0,150.0,0,0.9933,0,3.43,0,0.49,0,10.9,0,6,0
5.9,0,0.21,0,0.31,0,1.8,0,0.033,0,45.0,0,142.0,0,0.98984,0,3.35,0,0.5,0,12.7,0,6,0
6.8,0,0.25,0,0.34,0,4.7,0,0.031,0,34.0,0,134.0,0,0.9927,0,3.21,0,0.38,0,10.6,0,6,0
7.4,0,0.31,0,0.26,0,8.6,0,0.048,0,47.0,0,206.0,0,0.9964,0,3.26,0,0.36,0,9.1,0,5,0
6.2,0,0.36,0,0.27,0,3.2,0,0.032,0,13.0,0,73.0,0,0.98942,0,2.9,0,0.69,0,12.6,0,7,0
5.2,0,0.37,0,0.33,0,1.2,0,0.028,0,13.0,0,81.0,0,0.9902,0,3.37,0,0.38,0,11.7,0,6,0
6.8,0,0.29,0,0.5,0,13.3,0,0.053,0,48.0,0,194.0,0,0.9974,0,3.09,0,0.45,0,9.4,0,5,0
7.4,0,0.19,0,0.31,0,14.5,0,0.045,0,39.0,0,193.0,0,0.9986,0,3.1,0,0.5,0,9.2,0,6,0
7.3,0,0.13,0,0.32,0,14.4,0,0.051,0,34.0,0,109.0,0,0.9974,0,3.2,0,0.35,0,9.2,0,6,0
6.2,0,0.33,0,0.41,0,16.8,0,0.037,0,58.0,0,173.0,0,0.99882,0,3.25,0,0.57,0,9.4,0,6,0
7.9,0,0.21,0,0.4,0,1.2,0,0.039,0,38.0,0,107.0,0,0.992,0,3.21,0,0.54,0,10.8,0,6,0
7.4,0,0.19,0,0.3,0,12.8,0,0.053,0,48.5,0,229.0,0,0.9986,0,3.14,0,0.49,0,9.1,0,7,0
6.5,0,0.35,0,0.31,0,10.2,0,0.069,0,58.0,0,170.0,0,0.99692,0,3.18,0,0.49,0,9.4,0,5,0
7.1,0,0.44,0,0.62,1,11.8,0,0.044,0,52.0,0,152.0,0,0.9975,0,3.12,0,0.46,0,8.7,0,6,0
5.7,0,0.28,0,0.28,0,2.2,0,0.019,0,15.0,0,65.0,0,0.9902,0,3.06,0,0.52,0,11.2,0,6,0
7.1,0,0.28,0,0.19,0,7.8,0,0.04,0,48.0,0,184.0,0,0.99579,0,3.16,0,0.5,0,9.4,0,5,0
6.6,0,0.28,0,0.41,0,7.0,0,0.046,0,59.0,0,194.0,0,0.99558,0,3.14,0,0.48,0,9.4,0,5,0
8.5,0,0.25,0,0.27,0,4.7,0,0.031,0,31.0,0,92.0,0,0.9922,0,3.01,0,0.33,0,12.0,0,6,0
7.2,0,0.24,0,0.27,0,11.4,0,0.034,0,40.0,0,174.0,0,0.99773,0,3.2,0,0.44,0,9.0,0,5,0
6.7,0,0.31,0,0.44,0,6.7,0,0.054,0,29.0,0,160.0,0,0.9952,0,3.04,0,0.44,0,9.6,0,5,0
6.6,0,0.37,0,0.07,1,1.4,0,0.048,0,58.0,0,144.0,0,0.9922,0,3.17,0,0.38,0,10.0,0,5,0
7.4,0,0.19,0,0.31,0,14.5,0,0.045,0,39.0,0,193.0,0,0.9986,0,3.1,0,0.5,0,9.2,0,6,0
6.2,0,0.25,0,0.28,0,8.5,0,0.035,0,28.0,0,108.0,0,0.99486,0,3.4,0,0.42,0,10.4,0,6,0
6.3,0,0.3,0,0.34,0,1.6,0,0.049,0,14.0,0,132.0,0,0.994,0,3.3,0,0.49,0,9.5,0,6,0
5.7,0,0.16,0,0.26,0,6.3,0,0.043,0,28.0,0,113.0,0,0.9936,0,3.06,0,0.58,0,9.9,0,6,0
7.1,0,0.23,0,0.39,0,13.7,0,0.058,0,26.0,0,172.0,0,0.99755,0,2.9,0,0.46,0,9.0,0,6,0
9.9,1,1.005,1,0.46,0,1.4,0,0.046,0,34.0,0,185.0,0,0.9966,0,3.02,0,0.49,0,10.2,0,4,0
5.6,0,0.185,0,0.19,0,7.1,0,0.048,0,36.0,0,110.0,0,0.99438,0,3.26,0,0.41,0,9.5,0,6,0
6.5,0,0.38,0,0.53,0,1.4,0,0.142,1,5.0,0,69.0,0,0.9926,0,3.14,0,0.52,0,10.1,0,4,0
7.5,0,0.26,0,0.3,0,4.6,0,0.027,0,29.0,0,92.0,0,0.99085,0,3.15,0,0.38,0,12.0,0,7,0
6.0,0,0.2,0,0.26,0,1.1,0,0.033,0,38.0,0,67.0,0,0.98954,0,3.14,0,0.38,0,11.5,0,6,0
9.2,1,0.22,0,0.4,0,2.4,0,0.054,0,18.0,0,151.0,0,0.9952,0,3.04,0,0.46,0,9.3,0,4,0
6.9,0,0.29,0,0.41,0,7.8,0,0.046,0,52.0,0,171.0,0,0.99537,0,3.12,0,0.51,0,9.6,0,5,0
7.3,0,0.2,0,0.37,0,1.2,0,0.037,0,48.0,0,119.0,0,0.992,0,3.32,0,0.49,0,10.9,0,6,0
7.2,0,0.21,0,0.33,0,3.0,0,0.036,0,35.0,0,132.0,0,0.9928,0,3.25,0,0.4,0,11.0,0,6,0
6.9,0,0.38,0,0.29,0,13.65,0,0.048,0,52.0,0,189.0,0,0.99784,0,3.0,0,0.6,0,9.5,0,6,0
5.2,0,0.17,0,0.27,0,0.7,0,0.03,0,11.0,0,68.0,0,0.99218,0,3.3,0,0.41,0,9.8,0,5,0
6.0,0,0.13,0,0.36,0,1.6,0,0.052,0,23.0,0,72.0,0,0.98974,0,3.1,0,0.5,0,11.5,0,7,0
5.6,0,0.12,0,0.33,0,2.9,0,0.044,0,21.0,0,73.0,0,0.98896,0,3.17,0,0.32,0,12.9,0,8,1
6.2,0,0.27,0,0.49,0,1.4,0,0.05,0,20.0,0,74.0,0,0.9931,0,3.32,0,0.44,0,9.8,0,6,0
5.1,0,0.35,0,0.26,0,6.8,0,0.034,0,36.0,0,120.0,0,0.99188,0,3.38,0,0.4,0,11.5,0,6,0
6.7,0,0.13,0,0.29,0,5.3,0,0.051,0,31.0,0,122.0,0,0.9944,0,3.44,0,0.37,0,9.7,0,6,0
6.9,0,0.22,0,0.37,0,15.0,0,0.053,0,59.0,0,178.0,0,0.9992,0,3.37,0,0.82,1,9.5,0,7,0
5.9,0,0.415,0,0.02,1,0.8,0,0.038,0,22.0,0,63.0,0,0.9932,0,3.36,0,0.36,0,9.3,0,5,0
7.1,0,0.23,0,0.23,0,3.5,0,0.038,0,23.0,0,112.0,0,0.99157,0,3.05,0,0.37,0,11.3666666666667,0,6,0
7.4,0,0.18,0,0.34,0,2.7,0,0.03,0,30.0,0,107.0,0,0.992,0,2.97,0,0.53,0,11.0,0,6,0
6.6,0,0.31,0,0.07,1,1.5,0,0.033,0,55.0,0,144.0,0,0.99208,0,3.16,0,0.42,0,10.0,0,5,0
6.4,0,0.28,0,0.22,0,12.8,0,0.039,0,51.0,0,150.0,0,0.99535,0,3.23,0,0.43,0,10.7,0,6,0
5.4,0,0.53,1,0.16,0,2.7,0,0.036,0,34.0,0,128.0,0,0.98856,0,3.2,0,0.53,0,13.2,0,8,1
7.0,0,0.22,0,0.26,0,9.2,0,0.027,0,37.0,0,122.0,0,0.99228,0,3.06,0,0.34,0,12.5,0,8,1
7.5,0,0.19,0,0.49,0,1.8,0,0.055,0,19.0,0,110.0,0,0.9946,0,3.33,0,0.44,0,9.9,0,5,0
7.0,0,0.23,0,0.36,0,13.0,0,0.051,0,72.0,0,177.0,0,0.9972,0,3.16,0,0.49,0,9.8,0,5,0
6.6,0,0.4,0,0.3,0,5.3,0,0.038,0,20.0,0,125.0,0,0.99204,0,3.36,0,0.73,0,12.6,0,6,0
5.2,0,0.405,0,0.15,0,1.45,0,0.038,0,10.0,0,44.0,0,0.99125,0,3.52,0,0.4,0,11.6,0,4,0
6.0,0,0.34,0,0.29,0,6.1,0,0.046,0,29.0,0,134.0,0,0.99462,0,3.48,0,0.57,0,10.7,0,6,0
6.6,0,0.25,0,0.31,0,12.4,0,0.059,0,52.0,0,181.0,0,0.9984,0,3.51,0,0.47,0,9.8,0,6,0
6.6,0,0.32,0,0.22,0,16.7,0,0.046,0,38.0,0,133.0,0,0.9979,0,3.22,0,0.67,0,10.4,0,6,0
6.6,0,0.58,1,0.3,0,5.1,0,0.057,0,30.0,0,123.0,0,0.9949,0,3.24,0,0.38,0,9.0,0,5,0
6.8,0,0.3,0,0.23,0,4.6,0,0.061,0,50.5,0,238.5,0,0.9958,0,3.32,0,0.6,0,9.5,0,5,0
6.6,0,0.27,0,0.33,0,1.4,0,0.042,0,24.0,0,183.0,0,0.99215,0,3.29,0,0.46,0,10.7,0,5,0
7.0,0,0.24,0,0.32,0,1.3,0,0.037,0,39.0,0,123.0,0,0.992,0,3.17,0,0.42,0,11.2,0,8,1
6.8,0,0.37,0,0.51,0,11.8,0,0.044,0,62.0,0,163.0,0,0.9976,0,3.19,0,0.44,0,8.8,0,5,0
7.4,0,0.24,0,0.22,0,10.7,0,0.042,0,26.0,0,81.0,0,0.9954,0,2.86,0,0.36,0,9.7,0,6,0
7.6,0,0.27,0,0.24,0,3.8,0,0.058,0,19.0,0,115.0,0,0.9958,0,3.15,0,0.45,0,8.9,0,5,0
6.6,0,0.34,0,0.4,0,8.1,0,0.046,0,68.0,0,170.0,0,0.99494,0,3.15,0,0.5,0,9.55,0,6,0
5.7,0,0.14,0,0.3,0,5.4,0,0.045,0,26.0,0,105.0,0,0.99469,0,3.32,0,0.45,0,9.3,0,5,0
6.3,0,0.26,0,0.42,0,7.1,0,0.045,0,62.0,0,209.0,0,0.99544,0,3.2,0,0.53,0,9.5,0,6,0
6.0,0,0.2,0,0.26,0,6.8,0,0.049,0,22.0,0,93.0,0,0.9928,0,3.15,0,0.42,0,11.0,0,6,0
6.2,0,0.26,0,0.2,0,8.0,0,0.047,0,35.0,0,111.0,0,0.99445,0,3.11,0,0.42,0,10.4,0,6,0
7.2,0,0.19,0,0.31,0,6.3,0,0.034,0,17.0,0,103.0,0,0.99305,0,3.15,0,0.52,0,11.4,0,7,0
6.7,0,0.16,0,0.32,0,12.5,0,0.035,0,18.0,0,156.0,0,0.99666,0,2.88,0,0.36,0,9.0,0,6,0
6.9,0,0.29,0,0.32,0,5.8,0,0.04,0,16.0,0,112.0,0,0.993,0,3.04,0,0.58,0,11.2,0,5,0
8.9,1,0.3,0,0.35,0,4.6,0,0.032,0,32.0,0,148.0,0,0.99458,0,3.15,0,0.45,0,11.5,0,7,0
7.3,0,0.21,0,0.3,0,10.9,0,0.037,0,18.0,0,112.0,0,0.997,0,3.4,0,0.5,0,9.6,0,6,0
6.6,0,0.31,0,0.38,0,16.05,0,0.058,0,16.0,0,165.0,0,0.9997,0,3.38,0,0.6,0,9.2,0,5,0
6.2,0,0.21,0,0.38,0,6.8,0,0.036,0,64.0,0,245.0,0,0.9951,0,3.06,0,0.36,0,9.3,0,6,0
7.2,0,0.47,0,0.16,0,5.9,0,0.048,0,14.0,0,125.0,0,0.99428,0,3.09,0,0.49,0,9.8,0,5,0
6.3,0,0.27,0,0.18,0,7.7,0,0.048,0,45.0,0,186.0,0,0.9962,0,3.23,0,0.47,0,9.0,0,5,0
7.8,0,0.965,1,0.6,1,65.8,1,0.074,1,8.0,0,160.0,0,1.03898,1,3.39,0,0.69,0,11.7,0,6,0
7.2,0,0.31,0,0.46,0,5.0,0,0.04,0,3.0,0,29.0,0,0.9906,0,3.04,0,0.53,0,12.5,0,4,0
6.3,0,0.4,0,0.24,0,5.1,0,0.036,0,43.0,0,131.0,0,0.99186,0,3.24,0,0.44,0,11.3,0,6,0
5.1,0,0.29,0,0.28,0,8.3,0,0.026,0,27.0,0,107.0,0,0.99308,0,3.36,0,0.37,0,11.0,0,6,0
7.3,0,0.2,0,0.44,0,1.4,0,0.045,0,21.0,0,98.0,0,0.9924,0,3.15,0,0.46,0,10.0,0,7,0
8.8,0,0.35,0,0.49,0,1.0,0,0.036,0,14.0,0,56.0,0,0.992,0,2.96,0,0.33,0,10.5,0,4,0
7.1,0,0.21,0,0.35,0,2.5,0,0.04,0,41.0,0,186.0,0,0.99128,0,3.32,0,0.56,0,12.5,0,6,0
7.4,0,0.32,0,0.55,1,16.6,0,0.056,0,53.0,0,238.0,0,1.0017,0,2.96,0,0.58,0,8.7,0,6,0
6.0,0,0.24,0,0.41,0,1.3,0,0.036,0,42.0,0,118.0,0,0.99018,0,3.04,0,0.64,0,11.75,0,6,0
7.8,0,0.18,0,0.46,0,13.6,0,0.052,0,38.0,0,118.0,0,0.998,0,3.15,0,0.5,0,10.0,0,6,0
8.3,0,0.28,0,0.27,0,17.5,0,0.045,0,48.0,0,253.0,0,1.00014,0,3.02,0,0.56,0,9.1,0,6,0
6.4,0,0.34,0,0.2,0,14.9,0,0.06,0,37.0,0,162.0,0,0.9983,0,3.13,0,0.45,0,9.0,0,4,0
5.7,0,0.25,0,0.26,0,12.5,0,0.049,0,52.5,0,120.0,0,0.99691,0,3.08,0,0.45,0,9.4,0,6,0
6.8,0,0.22,0,0.3,0,13.6,0,0.055,0,50.0,0,180.0,0,0.9984,0,3.44,0,0.39,0,9.8,0,5,0
7.3,0,0.24,0,0.34,0,7.5,0,0.048,0,29.0,0,152.0,0,0.9962,0,3.1,0,0.54,0,9.0,0,5,0
7.1,0,0.31,0,0.5,0,14.5,0,0.059,0,6.0,0,148.0,0,0.9983,0,2.94,0,0.44,0,9.1,0,5,0
7.2,0,0.34,0,0.34,0,12.6,0,0.048,0,7.0,0,41.0,0,0.9942,0,3.19,0,0.4,0,11.7,0,5,0
6.3,0,0.19,0,0.32,0,2.8,0,0.046,0,18.0,0,80.0,0,0.99043,0,2.92,0,0.47,0,11.05,0,6,0
6.8,0,0.14,0,0.35,0,1.5,0,0.047,0,40.0,0,117.0,0,0.99111,0,3.07,0,0.72,0,11.1,0,6,0
6.1,0,0.27,0,0.31,0,1.5,0,0.035,0,17.0,0,83.0,0,0.99076,0,3.32,0,0.44,0,11.1,0,7,0
7.4,0,0.2,0,0.37,0,16.95,0,0.048,0,43.0,0,190.0,0,0.9995,0,3.03,0,0.42,0,9.2,0,6,0
6.2,0,0.32,0,0.24,0,4.1,0,0.051,0,34.0,0,149.0,0,0.99306,0,3.36,0,0.52,0,11.0,0,5,0
6.5,0,0.33,0,0.32,0,1.0,0,0.041,0,39.0,0,120.0,0,0.99004,0,3.06,0,0.37,0,12.2,0,6,0
6.2,0,0.22,0,0.28,0,2.2,0,0.04,0,24.0,0,125.0,0,0.9917,0,3.19,0,0.48,0,10.5,0,6,0
6.9,0,0.41,0,0.22,0,4.2,0,0.031,0,10.0,0,102.0,0,0.993,0,3.0,0,0.86,1,11.6,0,4,0
8.8,0,0.2,0,0.43,0,15.0,0,0.053,0,60.0,0,184.0,0,1.0008,0,3.28,0,0.79,1,8.8,0,6,0
5.9,0,0.24,0,0.3,0,2.0,0,0.033,0,28.0,0,92.0,0,0.99225,0,3.39,0,0.69,0,10.9,0,7,0
6.4,0,0.46,0,0.08,1,4.9,0,0.046,0,34.0,0,144.0,0,0.99445,0,3.1,0,0.56,0,10.0,0,5,0
6.8,0,0.11,0,0.27,0,8.6,0,0.044,0,45.0,0,104.0,0,0.99454,0,3.2,0,0.37,0,9.9,0,6,0
8.0,0,0.22,0,0.28,0,14.0,0,0.053,0,83.0,1,197.0,0,0.9981,0,3.14,0,0.45,0,9.8,0,6,0
7.6,0,0.2,0,0.3,0,14.2,0,0.056,0,53.0,0,212.5,0,0.999,0,3.14,0,0.46,0,8.9,0,8,1
5.0,0,0.61,1,0.12,0,1.3,0,0.009,1,65.0,0,100.0,0,0.9874,0,3.26,0,0.37,0,13.5,0,5,0
5.3,0,0.47,0,0.1,1,1.3,0,0.036,0,11.0,0,74.0,0,0.99082,0,3.48,0,0.54,0,11.2,0,4,0
7.2,0,0.27,0,0.74,1,12.5,0,0.037,0,47.0,0,156.0,0,0.9981,0,3.04,0,0.44,0,8.7,0,5,0
7.1,0,0.26,0,0.32,0,5.9,0,0.037,0,39.0,0,97.0,0,0.9934,0,3.31,0,0.4,0,11.6,0,6,0
7.1,0,0.38,0,0.42,0,11.8,0,0.041,0,32.0,0,193.0,0,0.99624,0,3.04,0,0.49,0,10.0,0,6,0
6.1,0,0.37,0,0.46,0,12.0,0,0.042,0,61.0,0,210.0,0,0.997,0,3.17,0,0.59,0,9.7,0,6,0
7.3,0,0.22,0,0.3,0,8.2,0,0.047,0,42.0,0,207.0,0,0.9966,0,3.33,0,0.46,0,9.5,0,6,0
7.3,0,0.28,0,0.42,0,14.4,0,0.04,0,49.0,0,173.0,0,0.9994,0,3.28,0,0.82,1,9.0,0,7,0
7.9,0,0.31,0,0.22,0,13.3,0,0.048,0,46.0,0,212.0,0,0.99942,0,3.47,0,0.59,0,10.0,0,5,0
6.2,0,0.66,1,0.48,0,1.2,0,0.029,0,29.0,0,75.0,0,0.9892,0,3.33,0,0.39,0,12.8,0,8,1
6.3,0,0.22,0,0.34,0,5.0,0,0.032,0,36.0,0,93.0,0,0.99012,0,3.27,0,0.36,0,13.5,0,7,0
6.4,0,0.22,0,0.32,0,7.2,0,0.028,0,15.0,0,83.0,0,0.993,0,3.13,0,0.55,0,10.9,0,8,1
5.8,0,0.555,1,0.26,0,4.5,0,0.053,0,17.0,0,126.0,0,0.9943,0,3.24,0,0.46,0,9.1,0,5,0
7.1,0,0.34,0,0.49,0,1.5,0,0.027,0,26.0,0,126.0,0,0.99,0,3.3,0,0.33,0,12.2,0,7,0
7.0,0,0.25,0,0.45,0,2.3,0,0.045,0,40.0,0,118.0,0,0.99064,0,3.16,0,0.48,0,11.9,0,7,0
6.8,0,0.39,0,0.34,0,7.4,0,0.02,0,38.0,0,133.0,0,0.99212,0,3.18,0,0.44,0,12.0,0,7,0
6.5,0,0.08,0,0.33,0,1.9,0,0.028,0,23.0,0,93.0,0,0.991,0,3.34,0,0.7,0,12.0,0,7,0
8.1,0,0.31,0,0.24,0,1.6,0,0.032,0,10.0,0,67.0,0,0.9924,0,3.08,0,0.47,0,10.5,0,5,0
7.9,0,0.34,0,0.44,0,6.5,0,0.027,0,47.0,0,126.0,0,0.99124,0,2.96,0,0.37,0,12.5,0,6,0
6.4,0,0.32,0,0.23,0,16.2,0,0.055,0,36.0,0,176.0,0,0.9986,0,3.26,0,0.54,0,9.1,0,5,0
6.4,0,0.42,0,0.46,0,8.4,0,0.05,0,58.0,0,180.0,0,0.99495,0,3.18,0,0.46,0,9.7,0,6,0
6.5,0,0.29,0,0.25,0,10.6,0,0.039,0,32.0,0,120.0,0,0.9962,0,3.31,0,0.34,0,10.1,0,6,0
8.3,0,0.14,0,0.36,0,8.8,0,0.026,0,13.0,0,60.0,0,0.9956,0,3.13,0,0.35,0,11.05,0,5,0
8.0,0,0.22,0,0.31,0,5.6,0,0.049,0,24.0,0,97.0,0,0.993,0,3.1,0,0.42,0,10.9,0,5,0
7.3,0,0.26,0,0.31,0,1.6,0,0.04,0,39.0,0,173.0,0,0.9918,0,3.19,0,0.51,0,11.4,0,6,0
5.7,0,0.22,0,0.22,0,16.65,0,0.044,0,39.0,0,110.0,0,0.99855,0,3.24,0,0.48,0,9.0,0,6,0
6.0,0,0.19,0,0.37,0,9.7,0,0.032,0,17.0,0,50.0,0,0.9932,0,3.08,0,0.66,0,12.0,0,6,0
5.7,0,0.25,0,0.32,0,12.2,0,0.041,0,43.0,0,127.0,0,0.99524,0,3.23,0,0.53,0,10.4,0,7,0
6.7,0,0.41,0,0.24,0,5.4,0,0.035,0,33.0,0,115.0,0,0.9901,0,3.12,0,0.44,0,12.8933333333333,0,7,0
6.1,0,0.31,0,0.26,0,2.2,0,0.051,0,28.0,0,167.0,0,0.9926,0,3.37,0,0.47,0,10.4,0,6,0
6.9,0,0.38,0,0.25,0,9.8,0,0.04,0,28.0,0,191.0,0,0.9971,0,3.28,0,0.61,0,9.2,0,5,0
7.6,0,0.52,1,0.49,0,14.0,0,0.034,0,37.0,0,156.0,0,0.9958,0,3.14,0,0.38,0,11.8,0,7,0
6.2,0,0.31,0,0.23,0,3.3,0,0.052,0,34.0,0,113.0,0,0.99429,0,3.16,0,0.48,0,8.4,0,5,0
6.0,0,0.615,1,0.04,1,0.8,0,0.032,0,8.0,0,50.0,0,0.99036,0,3.14,0,0.4,0,11.0,0,4,0
6.6,0,0.32,0,0.34,0,7.7,0,0.044,0,63.0,0,212.0,0,0.99526,0,3.22,0,0.48,0,9.7,0,6,0
6.8,0,0.18,0,0.28,0,9.8,0,0.039,0,29.0,0,113.0,0,0.99406,0,3.11,0,0.45,0,10.9,0,7,0
6.5,0,0.43,0,0.28,0,12.0,0,0.056,0,23.0,0,174.0,0,0.9986,0,3.31,0,0.55,0,9.3,0,5,0
5.2,0,0.155,0,0.33,0,1.6,0,0.028,0,13.0,0,59.0,0,0.98975,0,3.3,0,0.84,1,11.9,0,8,1
6.3,0,0.36,0,0.28,0,2.5,0,0.035,0,18.0,0,73.0,0,0.98868,0,3.1,0,0.47,0,12.8,0,7,0
8.3,0,0.27,0,0.45,0,1.3,0,0.048,0,8.0,0,72.0,0,0.9944,0,3.08,0,0.61,0,10.3,0,4,0
5.3,0,0.36,0,0.27,0,6.3,0,0.028,0,40.0,0,132.0,0,0.99186,0,3.37,0,0.4,0,11.6,0,6,0
7.1,0,0.2,0,0.41,0,2.1,0,0.054,0,24.0,0,166.0,0,0.9948,0,3.48,0,0.62,0,10.5,0,6,0
7.1,0,0.34,0,0.31,0,5.2,0,0.032,0,36.0,0,140.0,0,0.99166,0,3.35,0,0.47,0,12.3,0,7,0
7.3,0,0.22,0,0.26,0,1.5,0,0.04,0,32.0,0,172.0,0,0.99194,0,3.27,0,0.48,0,11.2,0,6,0
8.5,0,0.16,0,0.35,0,1.6,0,0.039,0,24.0,0,147.0,0,0.9935,0,2.96,0,0.36,0,10.0,0,5,0
6.6,0,0.34,0,0.2,0,1.0,0,0.053,0,26.0,0,112.0,0,0.99336,0,3.32,0,0.55,0,9.1,0,5,0
6.6,0,0.32,0,0.47,0,15.6,0,0.063,0,27.0,0,173.0,0,0.99872,0,3.18,0,0.56,0,9.0,0,5,0
6.2,0,0.21,0,0.27,0,1.7,0,0.038,0,41.0,0,150.0,0,0.9933,0,3.49,0,0.71,0,10.5,0,7,0
7.1,0,0.37,0,0.3,0,6.2,0,0.04,0,49.0,0,139.0,0,0.99021,0,3.17,0,0.27,0,13.6,0,6,0
6.8,0,0.22,0,0.35,0,5.5,0,0.043,0,21.0,0,114.0,0,0.9938,0,3.3,0,0.53,0,10.7,0,7,0
6.4,0,0.33,0,0.28,0,1.1,0,0.038,0,30.0,0,110.0,0,0.9917,0,3.12,0,0.42,0,10.5,0,6,0
7.0,0,0.18,0,0.26,0,1.4,0,0.044,0,46.0,0,89.0,0,0.99256,0,3.39,0,0.48,0,10.7,0,7,0
7.2,0,0.39,0,0.54,0,1.4,0,0.157,1,34.0,0,132.0,0,0.99449,0,3.11,0,0.53,0,9.0,0,6,0
7.1,0,0.18,0,0.39,0,14.5,0,0.051,0,48.0,0,156.0,0,0.99947,0,3.35,0,0.78,1,9.1,0,5,0
7.0,0,0.17,0,0.31,0,4.8,0,0.034,0,34.0,0,132.0,0,0.9944,0,3.36,0,0.48,0,9.6,0,7,0
6.4,0,0.31,0,0.38,0,2.9,0,0.038,0,19.0,0,102.0,0,0.9912,0,3.17,0,0.35,0,11.0,0,7,0
7.1,0,0.43,0,0.3,0,6.6,0,0.025,0,15.0,0,138.0,0,0.99126,0,3.18,0,0.46,0,12.6,0,6,0
6.1,0,0.34,0,0.27,0,2.6,0,0.024,0,20.0,0,105.0,0,0.9906,0,3.4,0,0.67,0,12.2,0,7,0
6.6,0,0.26,0,0.27,0,1.5,0,0.04,0,19.0,0,114.0,0,0.99295,0,3.36,0,0.62,0,10.5,0,6,0
7.7,0,0.3,0,0.32,0,1.6,0,0.037,0,23.0,0,124.0,0,0.9919,0,2.93,0,0.33,0,11.0,0,6,0
7.7,0,0.32,0,0.61,1,11.8,0,0.041,0,66.0,0,188.0,0,0.99794,0,3.0,0,0.54,0,9.3,0,5,0
6.1,0,0.6,1,0.12,0,1.8,0,0.05,0,11.0,0,76.0,0,0.99268,0,3.42,0,0.48,0,10.4,0,4,0
6.9,0,0.44,0,0.42,0,8.5,0,0.048,0,10.0,0,147.0,0,0.9974,0,3.32,0,0.46,0,9.5,0,6,0
7.5,0,0.24,0,0.31,0,13.1,0,0.05,0,26.0,0,180.0,0,0.99884,0,3.05,0,0.53,0,9.1,0,6,0
6.9,0,0.31,0,0.34,0,7.4,0,0.059,0,36.0,0,174.0,0,0.9963,0,3.46,0,0.62,0,11.1,0,7,0
6.7,0,0.47,0,0.34,0,8.9,0,0.043,0,31.0,0,172.0,0,0.9964,0,3.22,0,0.6,0,9.2,0,5,0
7.5,0,0.29,0,0.24,0,9.9,0,0.058,0,25.0,0,115.0,0,0.99567,0,3.15,0,0.46,0,10.9,0,5,0
7.5,0,0.38,0,0.29,0,4.9,0,0.021,0,38.0,0,113.0,0,0.99026,0,3.08,0,0.48,0,13.0,0,7,0
8.2,0,0.37,0,0.36,0,1.0,0,0.034,0,17.0,0,93.0,0,0.9906,0,3.04,0,0.32,0,11.7,0,8,1
7.7,0,0.26,0,0.4,0,1.1,0,0.042,0,9.0,0,60.0,0,0.9915,0,2.89,0,0.5,0,10.6,0,5,0
6.9,0,0.19,0,0.33,0,1.6,0,0.043,0,63.0,0,149.0,0,0.9925,0,3.44,0,0.52,0,10.8,0,5,0
7.9,0,0.17,0,0.32,0,1.6,0,0.053,0,47.0,0,150.0,0,0.9948,0,3.29,0,0.76,0,9.6,0,6,0
8.0,0,0.66,1,0.72,1,17.55,0,0.042,0,62.0,0,233.0,0,0.9999,0,2.92,0,0.68,0,9.4,0,4,0
6.9,0,0.15,0,0.28,0,4.4,0,0.029,0,14.0,0,107.0,0,0.99347,0,3.24,0,0.46,0,10.4,0,8,1
6.5,0,0.28,0,0.29,0,2.7,0,0.038,0,26.0,0,107.0,0,0.9912,0,3.32,0,0.41,0,11.6,0,7,0
6.9,0,0.23,0,0.24,0,14.2,0,0.053,0,19.0,0,94.0,0,0.9982,0,3.17,0,0.5,0,9.6,0,5,0
7.0,0,0.24,0,0.18,0,1.3,0,0.046,0,9.0,0,62.0,0,0.994,0,3.38,0,0.47,0,10.1,0,4,0
6.8,0,0.23,0,0.32,0,8.6,0,0.046,0,47.0,0,159.0,0,0.99452,0,3.08,0,0.52,0,10.5,0,6,0
6.6,0,0.17,0,0.28,0,1.8,0,0.042,0,62.0,0,178.0,0,0.99204,0,3.15,0,0.42,0,10.2,0,5,0
7.4,0,0.24,0,0.22,0,10.7,0,0.042,0,26.0,0,81.0,0,0.9954,0,2.86,0,0.36,0,9.7,0,6,0
6.4,0,0.28,0,0.44,0,7.1,0,0.048,0,49.0,0,179.0,0,0.99528,0,3.15,0,0.48,0,9.2,0,5,0
6.9,0,0.34,0,0.3,0,4.7,0,0.029,0,34.0,0,148.0,0,0.99165,0,3.36,0,0.49,0,12.3,0,7,0
9.2,1,0.35,0,0.39,0,0.9,0,0.042,0,15.0,0,61.0,0,0.9924,0,2.96,0,0.28,0,10.4,0,4,0
5.1,0,0.52,1,0.06,1,2.7,0,0.052,0,30.0,0,79.0,0,0.9932,0,3.32,0,0.43,0,9.3,0,5,0
6.4,0,0.32,0,0.5,0,10.7,0,0.047,0,57.0,0,206.0,0,0.9968,0,3.08,0,0.6,0,9.4,0,5,0
6.3,0,0.38,0,0.17,0,8.8,0,0.08,1,50.0,0,212.0,0,0.99803,0,3.47,0,0.66,0,9.4,0,4,0
5.7,0,0.21,0,0.25,0,1.1,0,0.035,0,26.0,0,81.0,0,0.9902,0,3.31,0,0.52,0,11.4,0,6,0
6.5,0,0.41,0,0.24,0,14.0,0,0.048,0,24.0,0,113.0,0,0.9982,0,3.44,0,0.53,0,9.8,0,6,0
6.0,0,0.22,0,0.28,0,1.1,0,0.034,0,47.0,0,90.0,0,0.98862,0,3.22,0,0.38,0,12.6,0,6,0
7.0,0,0.29,0,0.33,0,0.9,0,0.041,0,20.0,0,117.0,0,0.99048,0,3.21,0,0.5,0,11.4,0,5,0
5.4,0,0.46,0,0.15,0,2.1,0,0.026,0,29.0,0,130.0,0,0.98953,0,3.39,0,0.77,1,13.4,0,8,1
6.9,0,0.24,0,0.34,0,4.7,0,0.04,0,43.0,0,161.0,0,0.9935,0,3.2,0,0.59,0,10.6,0,6,0
6.6,0,0.22,0,0.28,0,4.9,0,0.042,0,51.0,0,180.0,0,0.9952,0,3.3,0,0.75,0,9.5,0,6,0
7.1,0,0.31,0,0.25,0,11.2,0,0.048,0,32.0,0,136.0,0,0.99663,0,3.14,0,0.4,0,9.5,0,5,0
7.2,0,0.23,0,0.25,0,18.8,0,0.085,1,19.0,0,111.0,0,1.00044,0,3.1,0,0.51,0,8.7,0,5,0
9.0,1,0.43,0,0.3,0,1.5,0,0.05,0,7.0,0,175.0,0,0.9951,0,3.11,0,0.45,0,9.7,0,4,0
6.8,0,0.26,0,0.26,0,2.0,0,0.019,0,23.5,0,72.0,0,0.99041,0,3.16,0,0.47,0,11.8,0,6,0
7.1,0,0.36,0,0.24,0,1.8,0,0.025,0,32.0,0,102.0,0,0.9903,0,3.34,0,0.59,0,12.8,0,6,0
7.2,0,0.21,0,0.34,0,1.1,0,0.046,0,25.0,0,80.0,0,0.992,0,3.25,0,0.4,0,11.3,0,6,0
8.1,0,0.19,0,0.58,1,16.65,0,0.049,0,48.0,0,181.0,0,1.0006,0,3.2,0,0.62,0,9.1,0,6,0
9.1,1,0.59,1,0.38,0,1.6,0,0.066,0,34.0,0,182.0,0,0.9968,0,3.23,0,0.38,0,8.5,0,3,1
6.7,0,0.3,0,0.49,0,4.8,0,0.034,0,36.0,0,158.0,0,0.9945,0,3.12,0,0.45,0,9.9,0,6,0
6.8,0,0.18,0,0.46,0,1.4,0,0.064,0,37.0,0,160.0,0,0.9924,0,3.37,0,0.45,0,11.1,0,5,0
6.9,0,0.28,0,0.27,0,2.1,0,0.036,0,42.0,0,121.0,0,0.9926,0,3.42,0,0.49,0,10.8,0,7,0
6.7,0,0.21,0,0.34,0,1.4,0,0.049,0,36.0,0,112.0,0,0.99091,0,3.02,0,0.5,0,11.0,0,6,0
8.8,0,0.33,0,0.36,0,2.1,0,0.034,0,19.0,0,125.0,0,0.99166,0,2.96,0,0.98,1,12.7,0,6,0
6.8,0,0.28,0,0.39,0,1.4,0,0.036,0,15.0,0,115.0,0,0.9918,0,3.27,0,0.72,0,11.7,0,5,0
7.1,0,0.39,0,0.39,0,11.1,0,0.034,0,25.0,0,204.0,0,0.99616,0,3.05,0,0.52,0,10.0,0,6,0
7.0,0,0.16,0,0.26,0,7.3,0,0.047,0,30.0,0,220.0,0,0.99622,0,3.38,0,0.58,0,10.1,0,6,0
7.5,0,0.18,0,0.31,0,6.5,0,0.029,0,53.0,0,160.0,0,0.99276,0,3.03,0,0.38,0,10.9,0,6,0
7.0,0,0.21,0,0.28,0,8.7,0,0.045,0,37.0,0,222.0,0,0.9954,0,3.25,0,0.54,0,10.4,0,6,0
6.8,0,0.18,0,0.3,0,12.8,0,0.062,0,19.0,0,171.0,0,0.99808,0,3.0,0,0.52,0,9.0,0,7,0
7.0,0,0.31,0,0.52,0,1.7,0,0.029,0,5.0,0,61.0,0,0.9918,0,3.07,0,0.43,0,10.4,0,5,0
4.8,0,0.26,0,0.23,0,10.6,0,0.034,0,23.0,0,111.0,0,0.99274,0,3.46,0,0.28,0,11.5,0,7,0
5.4,0,0.375,0,0.4,0,3.3,0,0.054,0,29.0,0,147.0,0,0.99482,0,3.42,0,0.52,0,9.1,0,5,0
8.4,0,0.35,0,0.71,1,12.2,0,0.046,0,22.0,0,160.0,0,0.9982,0,2.98,0,0.65,0,9.4,0,5,0
5.7,0,0.22,0,0.2,0,16.0,0,0.044,0,41.0,0,113.0,0,0.99862,0,3.22,0,0.46,0,8.9,0,6,0
7.2,0,0.17,0,0.34,0,6.4,0,0.042,0,16.0,0,111.0,0,0.99278,0,2.99,0,0.4,0,10.8,0,6,0
7.5,0,0.305,0,0.38,0,1.4,0,0.047,0,30.0,0,95.0,0,0.99158,0,3.22,0,0.52,0,11.5,0,7,0
6.8,0,0.34,0,0.1,1,1.4,0,0.049,0,29.0,0,118.0,0,0.9936,0,3.21,0,0.41,0,9.5,0,5,0
6.4,0,0.62,1,0.12,0,4.7,0,0.06,0,33.0,0,196.0,0,0.99556,0,3.22,0,0.48,0,8.9,0,5,0
8.0,0,0.37,0,0.31,0,4.7,0,0.038,0,3.0,0,127.0,0,0.99186,0,2.9,0,0.72,0,12.1,0,5,0
7.3,0,0.22,0,0.4,0,14.75,0,0.042,0,44.5,0,129.5,0,0.9998,0,3.36,0,0.41,0,9.1,0,7,0
7.0,0,0.21,0,0.31,0,6.0,0,0.046,0,29.0,0,108.0,0,0.9939,0,3.26,0,0.5,0,10.8,0,6,0
6.7,0,0.3,0,0.29,0,2.8,0,0.025,0,37.0,0,107.0,0,0.99159,0,3.31,0,0.63,0,11.3,0,7,0
7.2,0,0.21,0,0.29,0,3.1,0,0.044,0,39.0,0,122.0,0,0.99143,0,3.0,0,0.6,0,11.3,0,6,0
6.4,0,0.14,0,0.31,0,1.2,0,0.034,0,53.0,0,138.0,0,0.99084,0,3.38,0,0.35,0,11.5,0,7,0
6.7,0,0.31,0,0.42,0,6.4,0,0.057,0,25.0,0,148.0,0,0.9955,0,3.16,0,0.45,0,9.6,0,5,0
6.5,0,0.15,0,0.32,0,1.3,0,0.036,0,19.0,0,76.0,0,0.98964,0,3.18,0,0.41,0,12.3,0,6,0
6.6,0,0.26,0,0.21,0,2.9,0,0.026,0,48.0,0,126.0,0,0.99089,0,3.22,0,0.38,0,11.3,0,7,0
9.2,1,0.19,0,0.42,0,2.0,0,0.047,0,16.0,0,104.0,0,0.99517,0,3.09,0,0.66,0,10.0,0,4,0
7.1,0,0.33,0,0.64,1,13.2,0,0.056,0,12.0,0,105.0,0,0.9972,0,3.05,0,0.39,0,9.2,0,5,0
6.6,0,0.34,0,0.24,0,3.3,0,0.034,0,29.0,0,99.0,0,0.99031,0,3.1,0,0.4,0,12.3,0,7,0
6.7,0,0.26,0,0.29,0,5.8,0,0.025,0,26.0,0,74.0,0,0.9929,0,3.28,0,0.53,0,11.0,0,6,0
6.5,0,0.29,0,0.25,0,2.5,0,0.142,1,8.0,0,111.0,0,0.9927,0,3.0,0,0.44,0,9.9,0,4,0
6.4,0,0.38,0,0.24,0,7.2,0,0.047,0,41.0,0,151.0,0,0.99604,0,3.11,0,0.6,0,9.2,0,5,0
7.8,0,0.16,0,0.41,0,1.7,0,0.026,0,29.0,0,140.0,0,0.991,0,3.02,0,0.78,1,12.5,0,6,0
5.0,0,0.29,0,0.54,0,5.7,0,0.035,0,54.0,0,155.0,0,0.98976,0,3.27,0,0.34,0,12.9,0,8,1
6.7,0,0.34,0,0.43,0,1.6,0,0.041,0,29.0,0,114.0,0,0.99014,0,3.23,0,0.44,0,12.6,0,6,0
7.0,0,0.24,0,0.26,0,1.7,0,0.041,0,31.0,0,110.0,0,0.99142,0,3.2,0,0.53,0,11.0,0,6,0
8.3,0,0.17,0,0.31,0,1.5,0,0.049,0,48.0,0,153.0,0,0.9942,0,3.12,0,0.58,0,9.4,0,6,0
7.6,0,0.15,0,0.4,0,1.3,0,0.036,0,24.0,0,112.0,0,0.9932,0,3.14,0,0.76,0,10.0,0,5,0
6.8,0,0.23,0,0.3,0,6.95,0,0.044,0,42.0,0,179.0,0,0.9946,0,3.25,0,0.56,0,10.6,0,6,0
6.4,0,0.12,0,0.49,0,6.4,0,0.042,0,49.0,0,161.0,0,0.9945,0,3.34,0,0.44,0,10.4,0,6,0
7.0,0,0.46,0,0.39,0,6.2,0,0.039,0,46.0,0,163.0,0,0.9928,0,3.21,0,0.35,0,12.2,0,7,0
7.1,0,0.2,0,0.35,0,3.2,0,0.034,0,21.0,0,107.0,0,0.99195,0,3.11,0,0.54,0,11.1,0,6,0
9.9,1,0.49,0,0.23,0,2.4,0,0.087,1,19.0,0,115.0,0,0.9948,0,2.77,1,0.44,0,9.4,0,6,0
8.4,0,0.3,0,0.25,0,17.75,0,0.047,0,25.0,0,218.0,0,1.00016,0,2.98,0,0.66,0,9.1,0,5,0
6.0,0,0.23,0,0.15,0,9.7,0,0.048,0,101.0,1,207.0,0,0.99571,0,3.05,0,0.3,0,9.1,0,5,0
6.7,0,0.25,0,0.26,0,13.5,0,0.06,0,50.0,0,156.0,0,0.99784,0,3.39,0,0.46,0,9.9,0,6,0
5.9,0,0.29,0,0.16,0,7.9,0,0.044,0,48.0,0,197.0,0,0.99512,0,3.21,0,0.36,0,9.4,0,5,0
6.5,0,0.23,0,0.39,0,1.9,0,0.036,0,41.0,0,98.0,0,0.99,0,3.19,0,0.43,0,11.9,0,7,0
6.1,0,0.31,0,0.37,0,8.4,0,0.031,0,70.0,0,170.0,0,0.9934,0,3.42,0,0.4,0,11.7,0,8,1
7.8,0,0.2,0,0.32,0,5.0,0,0.016,0,31.0,0,101.0,0,0.99186,0,2.99,0,0.39,0,11.0,0,6,0
6.8,0,0.22,0,0.35,0,17.5,0,0.039,0,38.0,0,153.0,0,0.9994,0,3.24,0,0.42,0,9.0,0,6,0
7.2,0,0.31,0,0.26,0,7.3,0,0.05,0,37.0,0,157.0,0,0.99625,0,3.09,0,0.43,0,9.0,0,5,0
8.4,0,0.32,0,0.35,0,11.7,0,0.029,0,3.0,0,46.0,0,0.99439,0,3.02,0,0.34,0,11.8,0,6,0
7.0,0,0.2,0,0.3,0,6.1,0,0.037,0,31.0,0,120.0,0,0.9939,0,3.24,0,0.51,0,10.8,0,5,0
7.6,0,0.36,0,0.49,0,11.3,0,0.046,0,87.0,1,221.0,0,0.9984,0,3.01,0,0.43,0,9.2,0,5,0
6.5,0,0.39,0,0.23,0,5.4,0,0.051,0,25.0,0,149.0,0,0.9934,0,3.24,0,0.35,0,10.0,0,5,0
6.0,0,0.27,0,0.27,0,1.6,0,0.046,0,32.0,0,113.0,0,0.9924,0,3.41,0,0.51,0,10.5,0,7,0
5.8,0,0.29,0,0.05,1,0.8,0,0.038,0,11.0,0,30.0,0,0.9924,0,3.36,0,0.35,0,9.2,0,5,0
4.9,0,0.345,0,0.34,0,1.0,0,0.068,0,32.0,0,143.0,0,0.99138,0,3.24,0,0.4,0,10.1,0,5,0
7.4,0,0.25,0,0.37,0,6.9,0,0.02,0,14.0,0,93.0,0,0.9939,0,3.0,0,0.48,0,10.7,0,7,0
8.4,0,0.35,0,0.56,1,13.8,0,0.048,0,55.0,0,190.0,0,0.9993,0,3.07,0,0.58,0,9.4,0,6,0
7.0,0,0.32,0,0.29,0,4.9,0,0.036,0,41.0,0,150.0,0,0.99168,0,3.38,0,0.43,0,12.2,0,6,0
7.0,0,0.33,0,0.32,0,1.2,0,0.053,0,38.0,0,138.0,0,0.9906,0,3.13,0,0.28,0,11.2,0,6,0
7.1,0,0.13,0,0.38,0,1.8,0,0.046,0,14.0,0,114.0,0,0.9925,0,3.32,0,0.9,1,11.7,0,6,0
7.0,0,0.21,0,0.42,0,5.3,0,0.037,0,36.0,0,123.0,0,0.99321,0,3.14,0,0.52,0,10.9,0,6,0
5.7,0,0.36,0,0.34,0,4.2,0,0.026,0,21.0,0,77.0,0,0.9907,0,3.41,0,0.45,0,11.9,0,6,0
6.1,0,0.35,0,0.24,0,2.3,0,0.034,0,25.0,0,133.0,0,0.9906,0,3.34,0,0.59,0,12.0,0,7,0
6.1,0,0.28,0,0.26,0,1.5,0,0.03,0,25.0,0,101.0,0,0.98894,0,3.03,0,0.41,0,12.1,0,6,0
6.9,0,0.35,0,0.74,1,1.0,0,0.044,0,18.0,0,132.0,0,0.992,0,3.13,0,0.55,0,10.2,0,5,0
6.2,0,0.3,0,0.32,0,1.2,0,0.052,0,32.0,0,185.0,0,0.99266,0,3.28,0,0.44,0,10.1,0,5,0
7.8,0,0.3,0,0.74,1,1.8,0,0.033,0,33.0,0,156.0,0,0.991,0,3.29,0,0.52,0,12.8,0,6,0
7.3,0,0.24,0,0.39,0,17.95,0,0.057,0,45.0,0,149.0,0,0.9999,0,3.21,0,0.36,0,8.6,0,5,0
6.2,0,0.15,0,0.49,0,0.9,0,0.033,0,17.0,0,51.0,0,0.9932,0,3.3,0,0.7,0,9.4,0,6,0
6.3,0,0.28,0,0.29,0,6.8,0,0.051,0,40.0,0,143.0,0,0.99374,0,3.43,0,0.59,0,11.0,0,6,0
9.8,1,0.42,0,0.48,0,9.85,0,0.034,0,5.0,0,110.0,0,0.9958,0,2.87,0,0.29,0,10.0,0,5,0
7.6,0,0.19,0,0.41,0,1.1,0,0.04,0,38.0,0,143.0,0,0.9907,0,2.92,0,0.42,0,11.4,0,5,0
6.4,0,0.24,0,0.25,0,20.2,0,0.083,1,35.0,0,157.0,0,0.99976,0,3.17,0,0.5,0,9.1,0,5,0
6.4,0,0.26,0,0.25,0,10.7,0,0.046,0,66.0,0,179.0,0,0.99606,0,3.17,0,0.55,0,9.9,0,6,0
6.0,0,0.29,0,0.41,0,10.8,0,0.048,0,55.0,0,149.0,0,0.9937,0,3.09,0,0.59,0,10.9666666666667,0,7,0
7.3,0,0.25,0,0.26,0,7.2,0,0.048,0,52.0,0,207.0,0,0.99587,0,3.12,0,0.37,0,9.2,0,5,0
7.6,0,0.32,0,0.25,0,9.5,0,0.03,0,15.0,0,136.0,0,0.99367,0,3.1,0,0.44,0,12.1,0,6,0
5.8,0,0.27,0,0.2,0,7.3,0,0.04,0,42.0,0,145.0,0,0.99442,0,3.15,0,0.48,0,9.8,0,5,0
6.0,0,0.28,0,0.24,0,17.8,0,0.047,0,42.0,0,111.0,0,0.99896,0,3.1,0,0.45,0,8.9,0,6,0
7.8,0,0.49,0,0.49,0,7.0,0,0.043,0,29.0,0,149.0,0,0.9952,0,3.21,0,0.33,0,10.0,0,5,0
8.4,0,0.16,0,0.33,0,1.5,0,0.033,0,16.0,0,98.0,0,0.994,0,3.14,0,0.42,0,9.7,0,6,0
6.9,0,0.38,0,0.32,0,8.5,0,0.044,0,36.0,0,152.0,0,0.9932,0,3.38,0,0.35,0,12.0,0,7,0
7.2,0,0.47,0,0.65,1,8.3,0,0.083,1,27.0,0,182.0,0,0.9964,0,3.0,0,0.35,0,9.2,0,5,0
6.0,0,0.38,0,0.26,0,6.0,0,0.034,0,42.0,0,134.0,0,0.9912,0,3.38,0,0.38,0,12.3,0,7,0
6.8,0,0.28,0,0.29,0,11.9,0,0.052,0,51.0,0,149.0,0,0.99544,0,3.02,0,0.58,0,10.4,0,6,0
6.5,0,0.34,0,0.46,0,1.0,0,0.023,0,6.0,0,80.0,0,0.98865,0,3.15,0,0.54,0,12.9,0,6,0
9.5,1,0.42,0,0.41,0,2.3,0,0.034,0,22.0,0,145.0,0,0.9951,0,3.06,0,0.52,0,11.0,0,6,0
5.9,0,0.26,0,0.3,0,1.0,0,0.036,0,38.0,0,114.0,0,0.9928,0,3.58,1,0.48,0,9.4,0,5,0
6.8,0,0.41,0,0.3,0,8.8,0,0.045,0,28.0,0,131.0,0,0.9953,0,3.12,0,0.59,0,9.9,0,5,0
6.0,0,0.395,0,0.0,1,1.4,0,0.042,0,7.0,0,55.0,0,0.99135,0,3.37,0,0.38,0,11.2,0,4,0
5.2,0,0.44,0,0.04,1,1.4,0,0.036,0,43.0,0,119.0,0,0.9894,0,3.36,0,0.33,0,12.1,0,8,1
8.1,0,0.28,0,0.4,0,6.9,0,0.05,0,30.0,0,97.0,0,0.9951,0,3.26,0,0.44,0,10.1,0,6,0
7.3,0,0.26,0,0.53,0,12.7,0,0.047,0,60.5,0,164.5,0,0.9984,0,3.06,0,0.45,0,9.1,0,6,0
7.2,0,0.13,0,0.46,0,1.3,0,0.044,0,48.0,0,111.0,0,0.99127,0,2.97,0,0.45,0,11.1,0,5,0
7.7,0,0.23,0,0.31,0,10.7,0,0.038,0,59.0,0,186.0,0,0.9969,0,3.12,0,0.55,0,9.5,0,6,0
6.0,0,0.2,0,0.24,0,1.8,0,0.03,0,30.0,0,105.0,0,0.9909,0,3.31,0,0.47,0,11.5,0,6,0
7.4,0,0.2,0,0.28,0,9.1,0,0.047,0,29.0,0,95.0,0,0.99532,0,3.16,0,0.47,0,9.8,0,7,0
7.5,0,0.27,0,0.79,1,11.95,0,0.04,0,51.0,0,159.0,0,0.99839,0,2.98,0,0.44,0,8.7,0,5,0
7.6,0,0.23,0,0.29,0,8.6,0,0.053,0,65.0,0,146.0,0,0.9963,0,3.11,0,0.32,0,9.8,0,6,0
6.6,0,0.55,1,0.01,1,2.7,0,0.034,0,56.0,0,122.0,0,0.9906,0,3.15,0,0.3,0,11.9,0,5,0
6.6,0,0.25,0,0.35,0,14.0,0,0.069,0,42.0,0,163.0,0,0.999,0,3.56,0,0.47,0,9.8,0,5,0
8.3,0,0.23,0,0.3,0,2.1,0,0.049,0,21.0,0,153.0,0,0.9953,0,3.09,0,0.5,0,9.6,0,6,0
7.5,0,0.33,0,0.48,0,19.45,0,0.048,0,55.0,0,243.0,0,1.001,0,2.95,0,0.4,0,8.8,0,5,0
6.5,0,0.5,0,0.22,0,4.1,0,0.036,0,35.0,0,131.0,0,0.9902,0,3.26,0,0.55,0,13.0,0,7,0
8.9,1,0.13,0,0.49,0,1.0,0,0.028,0,6.0,0,24.0,0,0.9926,0,2.91,0,0.32,0,9.9,0,5,0
6.5,0,0.17,0,0.31,0,1.5,0,0.041,0,34.0,0,121.0,0,0.99092,0,3.06,0,0.46,0,10.5,0,6,0
7.5,0,0.3,0,0.21,0,6.55,0,0.026,0,33.0,0,143.0,0,0.99244,0,2.92,0,0.35,0,11.1,0,5,0
6.8,0,0.17,0,0.17,0,5.1,0,0.049,0,26.0,0,82.0,0,0.993,0,3.0,0,0.38,0,9.8,0,6,0
6.4,0,0.18,0,0.35,0,1.0,0,0.045,0,39.0,0,108.0,0,0.9911,0,3.31,0,0.35,0,10.9,0,6,0
7.1,0,0.37,0,0.32,0,1.4,0,0.037,0,27.0,0,126.0,0,0.9918,0,3.19,0,0.62,0,12.0,0,5,0
7.1,0,0.18,0,0.26,0,1.3,0,0.041,0,20.0,0,71.0,0,0.9926,0,3.04,0,0.74,0,9.9,0,6,0
5.6,0,0.295,0,0.2,0,2.2,0,0.049,0,18.0,0,134.0,0,0.99378,0,3.21,0,0.68,0,10.0,0,5,0
6.3,0,0.13,0,0.42,0,1.1,0,0.043,0,63.0,0,146.0,0,0.99066,0,3.13,0,0.72,0,11.2,0,7,0
6.6,0,0.25,0,0.51,0,8.0,0,0.047,0,61.0,0,189.0,0,0.99604,0,3.22,0,0.49,0,9.2,0,5,0
6.0,0,0.3,0,0.33,0,2.1,0,0.042,0,31.0,0,127.0,0,0.98964,0,3.32,0,0.42,0,12.5,0,6,0
6.1,0,0.25,0,0.48,0,15.8,0,0.052,0,25.0,0,94.0,0,0.99782,0,3.07,0,0.45,0,9.2,0,6,0
8.4,0,0.18,0,0.42,0,5.1,0,0.036,0,7.0,0,77.0,0,0.9939,0,3.16,0,0.52,0,11.7,0,5,0
6.6,0,0.26,0,0.36,0,1.2,0,0.035,0,43.0,0,126.0,0,0.99094,0,3.01,0,0.63,0,11.4,0,6,0
7.6,0,0.15,0,0.35,0,4.3,0,0.051,0,23.0,0,98.0,0,0.99422,0,3.1,0,0.44,0,9.5,0,6,0
8.8,0,0.19,0,0.3,0,5.0,0,0.028,0,34.0,0,120.0,0,0.99242,0,2.94,0,0.47,0,11.2,0,5,0
8.1,0,0.19,0,0.4,0,0.9,0,0.037,0,73.0,0,180.0,0,0.9926,0,3.06,0,0.34,0,10.0,0,6,0
5.8,0,0.315,0,0.19,0,19.4,0,0.031,0,28.0,0,106.0,0,0.99704,0,2.97,0,0.4,0,10.55,0,6,0
6.8,0,0.23,0,0.29,0,12.2,0,0.035,0,38.0,0,236.0,0,0.9976,0,3.35,0,0.52,0,9.8,0,6,0
5.4,0,0.3,0,0.3,0,1.2,0,0.029,0,25.0,0,93.0,0,0.98742,0,3.31,0,0.4,0,13.6,0,7,0
5.8,0,0.19,0,0.49,0,4.9,0,0.04,0,44.0,0,118.0,0,0.9935,0,3.34,0,0.38,0,9.5,0,7,0
7.0,0,0.29,0,0.49,0,3.8,0,0.047,0,37.0,0,136.0,0,0.9938,0,2.95,0,0.4,0,9.4,0,6,0
6.6,0,0.16,0,0.57,1,1.1,0,0.13,1,58.0,0,140.0,0,0.9927,0,3.12,0,0.39,0,9.3,0,7,0
6.5,0,0.3,0,0.39,0,7.8,0,0.038,0,61.0,0,219.0,0,0.9959,0,3.19,0,0.5,0,9.4,0,5,0
7.7,0,0.3,0,0.23,0,2.0,0,0.068,0,28.0,0,138.0,0,0.99382,0,3.11,0,0.62,0,9.8,0,5,0
6.1,0,0.46,0,0.32,0,6.2,0,0.053,0,10.0,0,94.0,0,0.99537,0,3.35,0,0.47,0,10.1,0,5,0
7.4,0,0.21,0,0.27,0,7.3,0,0.031,0,41.0,0,144.0,0,0.9932,0,3.15,0,0.38,0,11.8,0,7,0
7.3,0,0.31,0,0.69,1,10.2,0,0.041,0,58.0,0,160.0,0,0.9977,0,3.06,0,0.45,0,8.6,0,5,0
7.0,0,0.23,0,0.42,0,1.1,0,0.062,0,35.0,0,100.0,0,0.99318,0,3.04,0,0.4,0,9.2,0,5,0
7.8,0,0.2,0,0.2,0,1.4,0,0.036,0,25.0,0,83.0,0,0.99088,0,3.03,0,0.46,0,11.7,0,6,0
7.7,0,0.32,0,0.48,0,2.3,0,0.04,0,28.0,0,114.0,0,0.9911,0,3.2,0,0.52,0,12.8,0,7,0
6.9,0,0.29,0,0.3,0,8.2,0,0.026,0,35.0,0,112.0,0,0.99144,0,3.0,0,0.37,0,12.3,0,6,0
8.3,0,0.19,0,0.49,0,1.2,0,0.051,0,11.0,0,137.0,0,0.9918,0,3.06,0,0.46,0,11.0,0,6,0
6.4,0,0.31,0,0.26,0,13.2,0,0.046,0,57.0,0,205.0,0,0.9975,0,3.17,0,0.41,0,9.6,0,5,0
6.7,0,0.35,0,0.48,0,8.8,0,0.056,0,35.0,0,167.0,0,0.99628,0,3.04,0,0.47,0,9.4,0,5,0
8.2,0,0.31,0,0.43,0,7.0,0,0.047,0,18.0,0,87.0,0,0.99628,0,3.23,0,0.64,0,10.6,0,5,0
6.7,0,0.13,0,0.32,0,3.7,0,0.017,0,32.0,0,99.0,0,0.99348,0,3.12,0,0.44,0,10.0,0,6,0
7.4,0,0.18,0,0.36,0,13.1,0,0.056,0,72.0,0,163.0,0,1.0,0,3.42,0,0.35,0,9.1,0,6,0
6.1,0,0.3,0,0.47,0,1.4,0,0.049,0,50.0,0,187.0,0,0.9927,0,3.19,0,0.45,0,9.5,0,5,0
6.2,0,0.35,0,0.29,0,3.9,0,0.041,0,22.0,0,79.0,0,0.99005,0,3.1,0,0.59,0,12.0666666666667,0,6,0
7.2,0,0.23,0,0.38,0,6.1,0,0.067,0,20.0,0,90.0,0,0.99496,0,3.17,0,0.79,1,9.7,0,5,0
8.2,0,0.3,0,0.44,0,12.4,0,0.043,0,52.0,0,154.0,0,0.99452,0,3.04,0,0.33,0,12.0,0,6,0
6.1,0,0.19,0,0.25,0,4.0,0,0.023,0,23.0,0,112.0,0,0.9923,0,3.37,0,0.51,0,11.6,0,6,0
6.1,0,0.3,0,0.3,0,2.1,0,0.031,0,50.0,0,163.0,0,0.9895,0,3.39,0,0.43,0,12.7,0,7,0
7.1,0,0.27,0,0.24,0,12.6,0,0.044,0,48.0,0,118.0,0,0.99726,0,3.04,0,0.56,0,10.0,0,7,0
5.9,0,0.26,0,0.27,0,18.2,0,0.048,0,52.0,0,168.0,0,0.9993,0,3.35,0,0.44,0,9.4,0,5,0
6.8,0,0.44,0,0.2,0,16.0,0,0.065,0,61.0,0,186.0,0,0.99884,0,3.13,0,0.45,0,8.6,0,5,0
6.4,0,0.19,0,0.35,0,10.2,0,0.043,0,40.0,0,106.0,0,0.99632,0,3.16,0,0.5,0,9.7,0,6,0
6.5,0,0.35,0,0.36,0,0.8,0,0.034,0,32.0,0,111.0,0,0.98942,0,3.11,0,0.5,0,12.1,0,8,1
5.6,0,0.25,0,0.26,0,3.6,0,0.037,0,18.0,0,115.0,0,0.9904,0,3.42,0,0.5,0,12.6,0,6,0
6.4,0,0.34,0,0.1,1,1.1,0,0.048,0,19.0,0,84.0,0,0.9927,0,3.21,0,0.38,0,9.8,0,5,0
7.4,0,0.28,0,0.42,0,19.8,0,0.066,0,53.0,0,195.0,0,1.0,0,2.96,0,0.44,0,9.1,0,5,0
6.8,0,0.27,0,0.3,0,13.0,0,0.047,0,69.0,0,160.0,0,0.99705,0,3.16,0,0.5,0,9.6,0,6,0
6.3,0,0.255,0,0.37,0,1.1,0,0.04,0,37.0,0,114.0,0,0.9905,0,3.0,0,0.39,0,10.9,0,6,0
7.3,0,0.33,0,0.22,0,1.4,0,0.041,0,40.0,0,177.0,0,0.99287,0,3.14,0,0.48,0,9.9,0,5,0
7.2,0,0.23,0,0.33,0,12.7,0,0.049,0,50.0,0,183.0,0,0.9987,0,3.41,0,0.4,0,9.8,0,5,0
6.3,0,0.18,0,0.22,0,5.6,0,0.047,0,45.0,0,147.0,0,0.99383,0,3.09,0,0.54,0,10.0,0,5,0
6.0,0,0.24,0,0.32,0,6.3,0,0.03,0,34.0,0,129.0,0,0.9946,0,3.52,0,0.41,0,10.4,0,5,0
6.0,0,0.28,0,0.27,0,15.5,0,0.036,0,31.0,0,134.0,0,0.99408,0,3.19,0,0.44,0,13.0,0,7,0
11.8,1,0.23,0,0.38,0,11.1,0,0.034,0,15.0,0,123.0,0,0.9997,0,2.93,0,0.55,0,9.7,0,3,1
6.15,0,0.21,0,0.37,0,3.2,0,0.021,0,20.0,0,80.0,0,0.99076,0,3.39,0,0.47,0,12.0,0,5,0
7.2,0,0.21,0,0.36,0,15.7,0,0.045,0,68.0,0,183.0,0,0.99922,0,3.25,0,0.76,0,9.4,0,5,0
6.6,0,0.18,0,0.35,0,1.5,0,0.049,0,49.0,0,141.0,0,0.9934,0,3.43,0,0.85,1,10.2,0,7,0
7.0,0,0.15,0,0.28,0,14.7,0,0.051,0,29.0,0,149.0,0,0.99792,0,2.96,0,0.39,0,9.0,0,7,0
6.4,0,0.38,0,0.2,0,5.3,0,0.117,1,57.0,0,181.0,0,0.99459,0,3.24,0,0.43,0,9.5,0,6,0
6.6,0,0.23,0,0.3,0,14.9,0,0.051,0,33.0,0,118.0,0,0.99835,0,3.04,0,0.54,0,9.0,0,6,0
6.9,0,0.29,0,0.4,0,19.45,0,0.043,0,36.0,0,156.0,0,0.9996,0,2.93,0,0.47,0,8.9,0,5,0
6.2,0,0.44,0,0.18,0,7.7,0,0.096,1,28.0,0,210.0,0,0.99771,0,3.56,0,0.72,0,9.2,0,5,0
7.3,0,0.18,0,0.65,1,1.4,0,0.046,0,28.0,0,157.0,0,0.9946,0,3.33,0,0.62,0,9.4,0,6,0
6.5,0,0.18,0,0.26,0,1.4,0,0.041,0,40.0,0,141.0,0,0.9941,0,3.34,0,0.72,0,9.5,0,6,0
6.5,0,0.19,0,0.28,0,1.4,0,0.046,0,22.0,0,90.0,0,0.99038,0,3.18,0,0.51,0,11.7,0,7,0
5.2,0,0.6,1,0.07,1,7.0,0,0.044,0,33.0,0,147.0,0,0.9944,0,3.33,0,0.58,0,9.7,0,5,0
6.7,0,0.19,0,0.34,0,1.0,0,0.022,0,22.0,0,94.0,0,0.9912,0,3.23,0,0.57,0,11.1,0,6,0
7.2,0,0.29,0,0.4,0,7.6,0,0.024,0,56.0,0,177.0,0,0.9928,0,3.04,0,0.32,0,11.5,0,6,0
6.9,0,0.4,0,0.56,1,11.2,0,0.043,0,40.0,0,142.0,0,0.9975,0,3.14,0,0.46,0,8.7,0,5,0
6.6,0,0.24,0,0.35,0,7.7,0,0.031,0,36.0,0,135.0,0,0.9938,0,3.19,0,0.37,0,10.5,0,5,0
7.4,0,0.28,0,0.36,0,1.1,0,0.028,0,42.0,0,105.0,0,0.9893,0,2.99,0,0.39,0,12.4,0,7,0
6.5,0,0.25,0,0.2,0,1.4,0,0.024,0,29.0,0,101.0,0,0.9916,0,3.24,0,0.54,0,10.8,0,6,0
6.6,0,0.23,0,0.32,0,0.9,0,0.041,0,25.0,0,79.0,0,0.9926,0,3.39,0,0.54,0,10.2,0,7,0
6.8,0,0.31,0,0.3,0,8.0,0,0.028,0,33.0,0,122.0,0,0.99164,0,3.13,0,0.63,0,12.6,0,7,0
6.5,0,0.26,0,0.32,0,16.5,0,0.045,0,44.0,0,166.0,0,1.0,0,3.38,0,0.46,0,9.5,0,6,0
6.7,0,0.16,0,0.32,0,12.5,0,0.035,0,18.0,0,156.0,0,0.99666,0,2.88,0,0.36,0,9.0,0,6,0
6.8,0,0.43,0,0.3,0,3.5,0,0.033,0,27.0,0,135.0,0,0.9906,0,3.0,0,0.37,0,12.0,0,6,0
6.8,0,0.4,0,0.29,0,2.8,0,0.044,0,27.0,0,97.0,0,0.9904,0,3.12,0,0.42,0,11.2,0,6,0
6.5,0,0.22,0,0.19,0,1.1,0,0.064,0,36.0,0,191.0,0,0.99297,0,3.05,0,0.5,0,9.5,0,6,0
7.3,0,0.42,0,0.38,0,6.8,0,0.045,0,29.0,0,122.0,0,0.9925,0,3.19,0,0.37,0,12.6,0,7,0
6.0,0,0.21,0,0.3,0,8.7,0,0.036,0,47.0,0,127.0,0,0.99368,0,3.18,0,0.39,0,10.6,0,5,0
7.6,0,0.3,0,0.22,0,10.2,0,0.049,0,57.0,0,191.0,0,0.9966,0,3.08,0,0.4,0,9.3,0,6,0
7.1,0,0.14,0,0.4,0,1.2,0,0.051,0,55.0,0,136.0,0,0.9932,0,3.3,0,0.96,1,9.8,0,7,0
5.9,0,0.21,0,0.28,0,4.6,0,0.053,0,40.0,0,199.0,0,0.9964,0,3.72,1,0.7,0,10.0,0,4,0
8.2,0,0.26,0,0.33,0,2.6,0,0.053,0,11.0,0,71.0,0,0.99402,0,2.89,0,0.49,0,9.5,0,5,0
6.4,0,0.16,0,0.22,0,1.4,0,0.04,0,41.0,0,149.0,0,0.9933,0,3.49,0,0.58,0,10.0,0,6,0
5.8,0,0.3,0,0.42,0,1.1,0,0.036,0,19.0,0,113.0,0,0.98871,0,3.1,0,0.46,0,12.6,0,7,0
7.1,0,0.21,0,0.31,0,3.8,0,0.021,0,40.0,0,142.0,0,0.99215,0,3.17,0,0.39,0,10.8,0,7,0
6.1,0,0.36,0,0.27,0,2.1,0,0.035,0,16.0,0,100.0,0,0.9917,0,3.4,0,0.71,0,11.5,0,7,0
7.3,0,0.31,0,0.25,0,6.65,0,0.032,0,30.0,0,138.0,0,0.99244,0,2.9,0,0.37,0,11.1,0,5,0
7.2,0,0.3,0,0.3,0,8.7,0,0.022,0,14.0,0,111.0,0,0.99576,0,3.11,0,0.61,0,10.6,0,5,0
6.9,0,0.23,0,0.34,0,4.0,0,0.047,0,24.0,0,128.0,0,0.9944,0,3.2,0,0.52,0,9.7,0,6,0
6.9,0,0.19,0,0.49,0,6.6,0,0.036,0,49.0,0,172.0,0,0.9932,0,3.2,0,0.27,0,11.5,0,6,0
5.8,0,0.36,0,0.5,0,1.0,0,0.127,1,63.0,0,178.0,0,0.99212,0,3.1,0,0.45,0,9.7,0,5,0
6.6,0,0.17,0,0.38,0,1.5,0,0.032,0,28.0,0,112.0,0,0.9914,0,3.25,0,0.55,0,11.4,0,7,0
6.7,0,0.31,0,0.32,0,14.5,0,0.038,0,6.0,0,79.0,0,0.99412,0,3.14,0,0.34,0,12.5,0,5,0
7.3,0,0.32,0,0.35,0,1.4,0,0.05,0,8.0,0,163.0,0,0.99244,0,3.24,0,0.42,0,10.7,0,5,0
6.6,0,0.16,0,0.36,0,1.1,0,0.031,0,27.0,0,93.0,0,0.98884,0,3.23,0,0.34,0,13.2,0,8,1
7.0,0,0.11,0,0.32,0,4.6,0,0.057,0,59.0,0,144.0,0,0.9956,0,3.55,0,0.44,0,9.4,0,7,0
7.1,0,0.47,0,0.29,0,14.8,0,0.024,0,22.0,0,142.0,0,0.99518,0,3.12,0,0.48,0,12.0,0,8,1
10.7,1,0.22,0,0.56,1,8.2,0,0.044,0,37.0,0,181.0,0,0.998,0,2.87,0,0.68,0,9.5,0,6,0
6.9,0,0.32,0,0.3,0,1.8,0,0.036,0,28.0,0,117.0,0,0.99269,0,3.24,0,0.48,0,11.0,0,6,0
7.3,0,0.24,0,0.39,0,17.95,0,0.057,0,45.0,0,149.0,0,0.9999,0,3.21,0,0.36,0,8.6,0,5,0
7.3,0,0.22,0,0.37,0,14.3,0,0.063,0,48.0,0,191.0,0,0.9978,0,2.89,0,0.38,0,9.0,0,6,0
7.5,0,0.35,0,0.48,0,12.4,0,0.056,0,61.0,0,176.5,0,0.99803,0,2.97,0,0.52,0,8.8,0,5,0
6.8,0,0.28,0,0.4,0,22.0,0,0.048,0,48.0,0,167.0,0,1.001,0,2.93,0,0.5,0,8.7,0,5,0
6.8,0,0.24,0,0.38,0,8.3,0,0.045,0,50.0,0,185.0,0,0.99578,0,3.15,0,0.5,0,9.5,0,6,0
6.0,0,0.26,0,0.32,0,3.8,0,0.029,0,48.0,0,180.0,0,0.99011,0,3.15,0,0.34,0,12.0,0,6,0
6.2,0,0.37,0,0.22,0,8.3,0,0.025,0,36.0,0,216.0,0,0.9964,0,3.33,0,0.6,0,9.6,0,6,0
7.9,0,0.2,0,0.39,0,1.0,0,0.041,0,37.0,0,154.0,0,0.99093,0,3.08,0,0.43,0,11.9,0,5,0
7.6,0,0.31,0,0.27,0,8.8,0,0.021,0,57.0,0,156.0,0,0.99442,0,3.08,0,0.38,0,11.0,0,7,0
6.0,0,0.4,0,0.3,0,1.6,0,0.047,0,30.0,0,117.0,0,0.9931,0,3.17,0,0.48,0,10.1,0,6,0
6.9,0,0.44,0,0.42,0,8.5,0,0.048,0,10.0,0,147.0,0,0.9974,0,3.32,0,0.46,0,9.5,0,6,0
6.6,0,0.12,0,0.25,0,1.4,0,0.039,0,21.0,0,131.0,0,0.99114,0,3.2,0,0.45,0,11.2,0,7,0
7.8,0,0.31,0,0.4,0,1.6,0,0.027,0,20.0,0,87.0,0,0.9911,0,3.15,0,0.48,0,11.9,0,6,0
8.2,0,0.3,0,0.44,0,12.4,0,0.043,0,52.0,0,154.0,0,0.99452,0,3.04,0,0.33,0,12.0,0,6,0
7.4,0,0.22,0,0.33,0,2.0,0,0.045,0,31.0,0,101.0,0,0.9931,0,3.42,0,0.55,0,11.4,0,5,0
6.0,0,0.17,0,0.21,0,6.0,0,0.05,0,26.0,0,134.0,0,0.9939,0,3.08,0,0.54,0,9.8,0,6,0
7.5,0,0.21,0,0.68,1,10.9,0,0.045,0,38.0,0,133.0,0,0.9978,0,3.0,0,0.36,0,8.7,0,5,0
6.0,0,0.26,0,0.24,0,1.3,0,0.053,0,66.0,0,150.0,0,0.9924,0,3.21,0,0.62,0,10.4,0,6,0
6.9,0,0.19,0,0.49,0,6.6,0,0.036,0,49.0,0,172.0,0,0.9932,0,3.2,0,0.27,0,11.5,0,6,0
6.8,0,0.37,0,0.51,0,11.8,0,0.044,0,62.0,0,163.0,0,0.9976,0,3.19,0,0.44,0,8.8,0,5,0
6.3,0,0.33,0,0.42,0,17.2,0,0.037,0,57.0,0,170.0,0,0.99884,0,3.26,0,0.57,0,9.4,0,6,0
6.2,0,0.28,0,0.43,0,13.0,0,0.039,0,64.0,0,233.0,0,0.99745,0,3.08,0,0.38,0,8.9,0,5,0
6.1,0,0.36,0,0.41,0,19.35,0,0.07,0,67.0,0,207.0,0,1.00118,0,3.39,0,0.53,0,9.1,0,5,0
7.1,0,0.2,0,0.37,0,1.5,0,0.049,0,28.0,0,129.0,0,0.99226,0,3.15,0,0.52,0,10.8,0,5,0
6.9,0,0.44,0,0.27,0,5.0,0,0.038,0,33.0,0,166.0,0,0.99124,0,3.2,0,0.42,0,12.2,0,6,0
6.1,0,0.15,0,0.35,0,15.8,0,0.042,0,55.0,0,158.0,0,0.99642,0,3.24,0,0.37,0,10.6,0,5,0
6.0,0,0.28,0,0.24,0,17.8,0,0.047,0,42.0,0,111.0,0,0.99896,0,3.1,0,0.45,0,8.9,0,6,0
6.4,0,0.24,0,0.31,0,2.8,0,0.038,0,41.0,0,114.0,0,0.99155,0,3.37,0,0.66,0,11.7,0,7,0
6.8,0,0.25,0,0.38,0,8.1,0,0.046,0,24.0,0,155.0,0,0.9956,0,3.33,0,0.59,0,10.2,0,6,0
6.6,0,0.3,0,0.24,0,1.2,0,0.034,0,17.0,0,121.0,0,0.9933,0,3.13,0,0.36,0,9.2,0,5,0
6.1,0,0.38,0,0.47,0,1.4,0,0.051,0,59.0,0,210.0,0,0.99309,0,3.24,0,0.5,0,9.6,0,5,0
5.6,0,0.21,0,0.4,0,1.3,0,0.041,0,81.0,1,147.0,0,0.9901,0,3.22,0,0.95,1,11.6,0,8,1
8.2,0,0.23,0,0.4,0,1.2,0,0.027,0,36.0,0,121.0,0,0.992,0,3.12,0,0.38,0,10.7,0,6,0
7.0,0,0.32,0,0.24,0,6.2,0,0.048,0,31.0,0,228.0,0,0.9957,0,3.23,0,0.62,0,9.4,0,6,0
5.6,0,0.26,0,0.26,0,5.7,0,0.031,0,12.0,0,80.0,0,0.9923,0,3.25,0,0.38,0,10.8,0,5,0
7.0,0,0.3,0,0.38,0,14.9,0,0.032,0,60.0,0,181.0,0,0.9983,0,3.18,0,0.61,0,9.3,0,7,0
7.2,0,0.34,0,0.23,0,8.9,0,0.105,1,22.0,0,155.0,0,0.99692,0,3.01,0,0.58,0,9.5,0,5,0
5.9,0,0.27,0,0.32,0,2.0,0,0.034,0,31.0,0,102.0,0,0.98952,0,3.16,0,0.56,0,12.3,0,6,0
7.6,0,0.3,0,0.37,0,1.6,0,0.087,1,27.0,0,177.0,0,0.99438,0,3.09,0,0.5,0,9.8,0,5,0
7.2,0,0.5,0,0.0,1,0.8,0,0.034,0,46.0,0,114.0,0,0.9932,0,3.19,0,0.34,0,9.2,0,4,0
6.3,0,0.2,0,0.4,0,1.5,0,0.037,0,35.0,0,107.0,0,0.9917,0,3.46,0,0.5,0,11.4,0,6,0
6.1,0,0.25,0,0.24,0,12.1,0,0.046,0,51.0,0,172.0,0,0.998,0,3.35,0,0.45,0,9.5,0,5,0
7.5,0,0.17,0,0.34,0,1.4,0,0.035,0,13.0,0,102.0,0,0.9918,0,3.05,0,0.74,0,11.0,0,5,0
6.6,0,0.32,0,0.26,0,4.6,0,0.031,0,26.0,0,120.0,0,0.99198,0,3.4,0,0.73,0,12.5,0,7,0
6.5,0,0.43,0,0.28,0,11.25,0,0.032,0,31.0,0,87.0,0,0.9922,0,3.02,0,0.38,0,12.4,0,6,0
6.2,0,0.45,0,0.26,0,4.4,0,0.063,0,63.0,0,206.0,0,0.994,0,3.27,0,0.52,0,9.8,0,4,0
9.1,1,0.28,0,0.49,0,2.0,0,0.059,0,10.0,0,112.0,0,0.9958,0,3.15,0,0.46,0,10.1,0,5,0
5.9,0,0.12,0,0.28,0,1.4,0,0.037,0,36.0,0,83.0,0,0.99074,0,3.33,0,0.42,0,10.9,0,7,0
6.3,0,0.23,0,0.5,0,10.4,0,0.043,0,61.0,0,132.0,0,0.99542,0,2.86,0,0.46,0,9.1,0,6,0
6.5,0,0.22,0,0.34,0,12.0,0,0.053,0,55.0,0,177.0,0,0.9983,0,3.52,0,0.44,0,9.9,0,6,0
6.9,0,0.34,0,0.36,0,1.4,0,0.032,0,13.0,0,145.0,0,0.99214,0,3.07,0,0.52,0,9.8,0,5,0
8.0,0,0.28,0,0.42,0,7.1,0,0.045,0,41.0,0,169.0,0,0.9959,0,3.17,0,0.43,0,10.6,0,5,0
7.3,0,0.36,0,0.34,0,14.8,0,0.057,0,46.0,0,173.0,0,0.99751,0,3.14,0,0.57,0,10.2,0,5,0
7.0,0,0.45,0,0.34,0,19.8,0,0.04,0,12.0,0,67.0,0,0.9976,0,3.07,0,0.38,0,11.0,0,6,0
6.8,0,0.26,0,0.43,0,11.75,0,0.045,0,53.0,0,198.0,0,0.9969,0,3.26,0,0.55,0,9.5,0,5,0
6.8,0,0.21,0,0.49,0,14.5,0,0.06,0,50.0,0,170.0,0,0.9991,0,3.55,0,0.44,0,9.8,0,6,0
7.4,0,0.18,0,0.3,0,10.4,0,0.045,0,44.0,0,174.0,0,0.9966,0,3.11,0,0.57,0,9.7,0,6,0
6.0,0,0.32,0,0.46,0,1.5,0,0.05,0,56.0,0,189.0,0,0.99308,0,3.24,0,0.49,0,9.6,0,5,0
5.4,0,0.24,0,0.18,0,2.3,0,0.05,0,22.0,0,145.0,0,0.99207,0,3.24,0,0.46,0,10.3,0,5,0
6.4,0,0.26,0,0.21,0,7.1,0,0.04,0,35.0,0,162.0,0,0.9956,0,3.39,0,0.58,0,9.9,0,6,0
5.9,0,0.26,0,0.4,0,1.3,0,0.047,0,12.0,0,139.0,0,0.9945,0,3.45,0,0.53,0,10.4,0,5,0
5.8,0,0.26,0,0.24,0,9.2,0,0.044,0,55.0,0,152.0,0,0.9961,0,3.31,0,0.38,0,9.4,0,5,0
7.6,0,0.54,1,0.23,0,2.0,0,0.029,0,13.0,0,151.0,0,0.9931,0,3.04,0,0.33,0,10.4,0,5,0
8.6,0,0.23,0,0.4,0,4.2,0,0.035,0,17.0,0,109.0,0,0.9947,0,3.14,0,0.53,0,9.7,0,5,0
8.3,0,0.2,0,0.49,0,1.7,0,0.038,0,38.0,0,167.0,0,0.9939,0,3.05,0,0.37,0,10.1,0,6,0
7.9,0,0.21,0,0.39,0,2.0,0,0.057,0,21.0,0,138.0,0,0.99176,0,3.05,0,0.52,0,10.9,0,5,0
6.5,0,0.4,0,0.31,0,3.5,0,0.046,0,22.0,0,147.0,0,0.99024,0,3.15,0,0.31,0,12.0,0,7,0
6.3,0,0.18,0,0.36,0,1.2,0,0.034,0,26.0,0,111.0,0,0.99074,0,3.16,0,0.51,0,11.0,0,6,0
5.3,0,0.16,0,0.39,0,1.0,0,0.028,0,40.0,0,101.0,0,0.99156,0,3.57,1,0.59,0,10.6,0,6,0
6.3,0,0.17,0,0.32,0,4.2,0,0.04,0,37.0,0,117.0,0,0.99182,0,3.24,0,0.43,0,11.3,0,6,0
6.7,0,0.18,0,0.31,0,10.6,0,0.035,0,42.0,0,143.0,0,0.99572,0,3.08,0,0.49,0,9.8,0,7,0
6.1,0,0.41,0,0.04,1,1.3,0,0.036,0,23.0,0,121.0,0,0.99228,0,3.24,0,0.61,0,9.9,0,6,0
7.0,0,0.16,0,0.32,0,1.1,0,0.032,0,29.0,0,80.0,0,0.98972,0,3.23,0,0.36,0,12.1,0,6,0
7.7,0,0.18,0,0.3,0,1.2,0,0.046,0,49.0,0,199.0,0,0.99413,0,3.03,0,0.38,0,9.3,0,5,0
7.1,0,0.12,0,0.32,0,9.6,0,0.054,0,64.0,0,162.0,0,0.9962,0,3.4,0,0.41,0,9.4,0,5,0
6.0,0,0.33,0,0.2,0,1.8,0,0.031,0,49.0,0,159.0,0,0.9919,0,3.41,0,0.53,0,11.0,0,6,0
7.1,0,0.22,0,0.74,1,2.7,0,0.044,0,42.0,0,144.0,0,0.991,0,3.31,0,0.41,0,12.2,0,6,0
7.9,0,0.19,0,0.45,0,1.5,0,0.045,0,17.0,0,96.0,0,0.9917,0,3.13,0,0.39,0,11.0,0,6,0
7.1,0,0.23,0,0.35,0,16.5,0,0.04,0,60.0,0,171.0,0,0.999,0,3.16,0,0.59,0,9.1,0,6,0
6.2,0,0.35,0,0.2,0,18.1,0,0.069,0,33.0,0,158.0,0,0.99908,0,3.15,0,0.5,0,8.8,0,6,0
8.0,0,0.25,0,0.27,0,9.7,0,0.036,0,15.0,0,85.0,0,0.99406,0,2.99,0,0.36,0,11.2,0,6,0
4.9,0,0.235,0,0.27,0,11.75,0,0.03,0,34.0,0,118.0,0,0.9954,0,3.07,0,0.5,0,9.4,0,6,0
6.6,0,0.31,0,0.37,0,6.2,0,0.052,0,13.0,0,164.0,0,0.99602,0,3.24,0,0.39,0,8.8,0,4,0
8.6,0,0.31,0,0.3,0,0.9,0,0.045,0,16.0,0,109.0,0,0.99249,0,2.95,0,0.39,0,10.1,0,5,0
6.2,0,0.2,0,0.33,0,5.4,0,0.028,0,21.0,0,75.0,0,0.99012,0,3.36,0,0.41,0,13.5,0,7,0
6.3,0,0.28,0,0.22,0,11.5,0,0.036,0,27.0,0,150.0,0,0.99445,0,3.0,0,0.33,0,10.6,0,6,0
6.2,0,0.3,0,0.28,0,1.6,0,0.036,0,28.0,0,106.0,0,0.988245,0,3.14,0,0.41,0,13.3,0,6,0
6.8,0,0.22,0,0.24,0,4.9,0,0.092,1,30.0,0,123.0,0,0.9951,0,3.03,0,0.46,0,8.6,0,6,0
7.9,0,0.14,0,0.28,0,1.8,0,0.041,0,44.0,0,178.0,0,0.9954,0,3.45,0,0.43,0,9.2,0,6,0
6.5,0,0.2,0,0.31,0,2.1,0,0.033,0,32.0,0,95.0,0,0.989435,0,2.96,0,0.61,0,12.0,0,6,0
8.2,0,0.68,1,0.3,0,2.1,0,0.047,0,17.0,0,138.0,0,0.995,0,3.22,0,0.71,0,10.8,0,4,0
6.1,0,0.28,0,0.23,0,4.2,0,0.038,0,13.0,0,95.0,0,0.98898,0,2.97,0,0.7,0,13.1,0,6,0
7.7,0,0.16,0,0.36,0,5.9,0,0.054,0,25.0,0,148.0,0,0.99578,0,3.25,0,0.54,0,10.2,0,6,0
6.8,0,0.25,0,0.27,0,10.7,0,0.076,1,47.0,0,154.0,0,0.9967,0,3.05,0,0.38,0,9.0,0,5,0
6.6,0,0.21,0,0.49,0,18.15,0,0.042,0,41.0,0,158.0,0,0.9997,0,3.28,0,0.39,0,8.7,0,6,0
5.9,0,0.23,0,0.24,0,3.8,0,0.038,0,61.0,0,152.0,0,0.99139,0,3.31,0,0.5,0,11.3,0,7,0
7.2,0,0.18,0,0.41,0,1.2,0,0.048,0,41.0,0,97.0,0,0.9919,0,3.14,0,0.45,0,10.4,0,5,0
7.4,0,0.2,0,0.29,0,1.7,0,0.047,0,16.0,0,100.0,0,0.99243,0,3.28,0,0.45,0,10.6,0,6,0
5.9,0,0.36,0,0.41,0,1.3,0,0.047,0,45.0,0,104.0,0,0.9917,0,3.33,0,0.51,0,10.6,0,6,0
6.1,0,0.3,0,0.47,0,1.4,0,0.049,0,50.0,0,187.0,0,0.9927,0,3.19,0,0.45,0,9.5,0,5,0
6.1,0,0.38,0,0.14,0,3.9,0,0.06,0,27.0,0,113.0,0,0.99344,0,3.07,0,0.34,0,9.2,0,4,0
6.7,0,0.22,0,0.22,0,1.2,0,0.038,0,5.0,0,124.0,0,0.99098,0,3.1,0,0.37,0,11.2,0,4,0
6.8,0,0.14,0,0.35,0,1.5,0,0.047,0,40.0,0,117.0,0,0.99111,0,3.07,0,0.72,0,11.1,0,6,0
7.6,0,0.37,0,0.34,0,3.2,0,0.028,0,42.0,0,162.0,0,0.9903,0,3.01,0,0.33,0,12.4,0,6,0
5.8,0,0.18,0,0.37,0,1.2,0,0.036,0,19.0,0,74.0,0,0.98853,0,3.09,0,0.49,0,12.7,0,7,0
6.4,0,0.17,0,0.27,0,1.5,0,0.037,0,20.0,0,98.0,0,0.9916,0,3.46,0,0.42,0,11.0,0,7,0
6.5,0,0.28,0,0.25,0,4.8,0,0.029,0,54.0,0,128.0,0,0.99074,0,3.17,0,0.44,0,12.2,0,7,0
5.6,0,0.205,0,0.16,0,12.55,0,0.051,0,31.0,0,115.0,0,0.99564,0,3.4,0,0.38,0,10.8,0,6,0
7.2,0,0.29,0,0.4,0,7.6,0,0.024,0,56.0,0,177.0,0,0.9928,0,3.04,0,0.32,0,11.5,0,6,0
6.8,0,0.45,0,0.28,0,26.05,1,0.031,0,27.0,0,122.0,0,1.00295,1,3.06,0,0.42,0,10.6,0,6,0
8.5,0,0.21,0,0.26,0,9.25,0,0.034,0,73.0,0,142.0,0,0.9945,0,3.05,0,0.37,0,11.4,0,6,0
7.4,0,0.37,0,0.26,0,9.6,0,0.05,0,33.0,0,134.0,0,0.99608,0,3.13,0,0.46,0,10.4,0,5,0
6.4,0,0.22,0,0.32,0,4.9,0,0.046,0,50.0,0,156.0,0,0.99316,0,3.38,0,0.55,0,11.2,0,6,0
7.6,0,0.19,0,0.37,0,13.1,0,0.033,0,52.0,0,151.0,0,0.99726,0,3.18,0,0.79,1,10.4,0,6,0
6.8,0,0.27,0,0.12,0,1.3,0,0.04,0,87.0,1,168.0,0,0.992,0,3.18,0,0.41,0,10.0,0,5,0
6.8,0,0.22,0,0.37,0,15.2,0,0.051,0,68.0,0,178.0,0,0.99935,0,3.4,0,0.85,1,9.3,0,6,0
5.6,0,0.2,0,0.22,0,1.3,0,0.049,0,25.0,0,155.0,0,0.99296,0,3.74,1,0.43,0,10.0,0,5,0
5.9,0,0.34,0,0.31,0,2.0,0,0.03,0,38.0,0,142.0,0,0.98892,0,3.4,0,0.41,0,12.9,0,7,0
5.0,0,0.33,0,0.23,0,11.8,0,0.03,0,23.0,0,158.0,0,0.99322,0,3.41,0,0.64,0,11.8,0,6,0
8.6,0,0.265,0,0.36,0,1.2,0,0.034,0,15.0,0,80.0,0,0.9913,0,2.95,0,0.36,0,11.4,0,7,0
7.8,0,0.21,0,0.39,0,1.8,0,0.034,0,62.0,0,180.0,0,0.991,0,3.09,0,0.75,0,12.6,0,8,1
6.3,0,0.19,0,0.33,0,10.1,0,0.063,0,63.0,0,133.0,0,0.99561,0,2.86,0,0.41,0,9.1,0,5,0
6.6,0,0.25,0,0.51,0,8.0,0,0.047,0,61.0,0,189.0,0,0.99604,0,3.22,0,0.49,0,9.2,0,5,0
6.4,0,0.21,0,0.28,0,5.9,0,0.047,0,29.0,0,101.0,0,0.99278,0,3.15,0,0.4,0,11.0,0,6,0
6.7,0,0.24,0,0.41,0,9.4,0,0.04,0,49.0,0,166.0,0,0.9954,0,3.12,0,0.61,0,9.9,0,6,0
8.4,0,0.23,0,0.32,0,1.3,0,0.048,0,59.0,0,113.0,0,0.99178,0,3.1,0,0.55,0,11.0,0,6,0
7.5,0,0.26,0,0.25,0,1.7,0,0.038,0,29.0,0,129.0,0,0.99312,0,3.45,0,0.56,0,10.4,0,6,0
7.7,0,0.24,0,0.3,0,1.4,0,0.041,0,15.0,0,102.0,0,0.9929,0,3.26,0,0.53,0,10.4,0,6,0
7.3,0,0.29,0,0.37,0,8.3,0,0.044,0,45.0,0,227.0,0,0.9966,0,3.12,0,0.47,0,9.0,0,5,0
6.4,0,0.25,0,0.53,0,6.6,0,0.038,0,59.0,0,234.0,0,0.9955,0,3.03,0,0.42,0,8.8,0,5,0
6.3,0,0.34,0,0.33,0,4.6,0,0.034,0,19.0,0,80.0,0,0.9917,0,3.38,0,0.58,0,12.0,0,7,0
7.4,0,0.27,0,0.48,0,1.1,0,0.047,0,17.0,0,132.0,0,0.9914,0,3.19,0,0.49,0,11.6,0,6,0
7.6,0,0.19,0,0.37,0,13.1,0,0.033,0,52.0,0,151.0,0,0.99726,0,3.18,0,0.79,1,10.4,0,6,0
7.3,0,0.36,0,0.54,0,13.3,0,0.054,0,63.0,0,193.0,0,0.99864,0,3.06,0,0.49,0,8.6,0,4,0
6.8,0,0.29,0,0.32,0,1.8,0,0.032,0,18.0,0,130.0,0,0.99095,0,3.05,0,0.62,0,11.2,0,6,0
6.0,0,0.36,0,0.16,0,6.3,0,0.036,0,36.0,0,191.0,0,0.9942,0,3.17,0,0.62,0,9.8,0,5,0
5.6,0,0.18,0,0.58,1,1.25,0,0.034,0,29.0,0,129.0,0,0.98984,0,3.51,0,0.6,0,12.0,0,7,0
5.6,0,0.49,0,0.13,0,4.5,0,0.039,0,17.0,0,116.0,0,0.9907,0,3.42,0,0.9,1,13.7,0,7,0
7.4,0,0.44,0,0.2,0,11.5,0,0.049,0,44.0,0,157.0,0,0.998,0,3.27,0,0.44,0,9.0,0,5,0
6.5,0,0.51,0,0.25,0,1.7,0,0.048,0,39.0,0,177.0,0,0.99212,0,3.28,0,0.57,0,10.6,0,5,0
8.0,0,0.25,0,0.35,0,1.1,0,0.054,0,13.0,0,136.0,0,0.99366,0,3.08,0,0.55,0,9.5,0,5,0
6.7,0,0.33,0,0.49,0,1.6,0,0.167,1,20.0,0,94.0,0,0.9914,0,3.11,0,0.5,0,11.4,0,6,0
6.4,0,0.36,0,0.2,0,5.7,0,0.118,1,61.0,0,172.0,0,0.9946,0,3.24,0,0.43,0,9.5,0,6,0
6.2,0,0.22,0,0.28,0,2.2,0,0.04,0,24.0,0,125.0,0,0.9917,0,3.19,0,0.48,0,10.5,0,6,0
5.9,0,0.34,0,0.22,0,2.4,0,0.03,0,19.0,0,135.0,0,0.9894,0,3.41,0,0.78,1,13.9,0,7,0
6.7,0,0.24,0,0.32,0,9.0,0,0.023,0,20.0,0,109.0,0,0.99262,0,3.34,0,0.35,0,12.6,0,6,0
7.5,0,0.18,0,0.37,0,6.2,0,0.05,0,21.0,0,138.0,0,0.99546,0,3.2,0,0.55,0,10.5,0,6,0
6.7,0,0.2,0,0.3,0,1.4,0,0.025,0,17.0,0,76.0,0,0.99104,0,3.11,0,0.44,0,11.0,0,6,0
5.7,0,0.22,0,0.2,0,16.0,0,0.044,0,41.0,0,113.0,0,0.99862,0,3.22,0,0.46,0,8.9,0,6,0
7.0,0,0.61,1,0.26,0,1.7,0,0.051,0,25.0,0,161.0,0,0.9946,0,3.36,0,0.6,0,10.6,0,4,0
6.0,0,0.28,0,0.25,0,1.8,0,0.042,0,8.0,0,108.0,0,0.9929,0,3.08,0,0.55,0,9.0,0,5,0
6.4,0,0.28,0,0.29,0,1.6,0,0.052,0,34.0,0,127.0,0,0.9929,0,3.48,0,0.56,0,10.5,0,7,0
6.2,0,0.23,0,0.23,0,1.2,0,0.018,0,18.0,0,128.0,0,0.99178,0,3.05,0,0.28,0,10.6,0,5,0
6.7,0,0.3,0,0.45,0,10.6,0,0.032,0,56.0,0,212.0,0,0.997,0,3.22,0,0.59,0,9.5,0,6,0
7.8,0,0.4,0,0.26,0,9.5,0,0.059,0,32.0,0,178.0,0,0.9955,0,3.04,0,0.43,0,10.9,0,6,0
7.7,0,0.42,0,0.38,0,8.1,0,0.061,0,49.0,0,144.0,0,0.9966,0,3.4,0,0.58,0,11.0,0,6,0
7.4,0,0.37,0,0.35,0,5.7,0,0.061,0,12.0,0,94.0,0,0.9965,0,3.48,0,0.69,0,10.7,0,6,0
6.7,0,0.46,0,0.18,0,2.4,0,0.034,0,25.0,0,98.0,0,0.9896,0,3.08,0,0.44,0,12.6,0,7,0
6.5,0,0.23,0,0.33,0,13.8,0,0.042,0,25.0,0,139.0,0,0.99695,0,3.35,0,0.56,0,10.4,0,6,0
6.3,0,0.17,0,0.32,0,1.0,0,0.04,0,39.0,0,118.0,0,0.98886,0,3.31,0,0.4,0,13.1,0,8,1
6.7,0,0.36,0,0.28,0,8.3,0,0.034,0,29.0,0,81.0,0,0.99151,0,2.96,0,0.39,0,12.5,0,6,0
6.6,0,0.22,0,0.28,0,4.9,0,0.042,0,51.0,0,180.0,0,0.9952,0,3.3,0,0.75,0,9.5,0,6,0
4.8,0,0.65,1,0.12,0,1.1,0,0.013,1,4.0,0,10.0,1,0.99246,0,3.32,0,0.36,0,13.5,0,4,0
7.0,0,0.3,0,0.27,0,1.5,0,0.076,1,24.0,0,145.0,0,0.99344,0,3.1,0,0.52,0,10.1,0,5,0
6.5,0,0.44,0,0.49,0,7.7,0,0.045,0,16.0,0,169.0,0,0.9957,0,3.11,0,0.37,0,8.7,0,6,0
6.1,0,0.32,0,0.25,0,1.7,0,0.034,0,37.0,0,136.0,0,0.992,0,3.47,0,0.5,0,10.8,0,7,0
6.3,0,0.67,1,0.48,0,12.6,0,0.052,0,57.0,0,222.0,0,0.9979,0,3.17,0,0.52,0,9.3,0,6,0
5.7,0,0.12,0,0.26,0,5.5,0,0.034,0,21.0,0,99.0,0,0.99324,0,3.09,0,0.57,0,9.9,0,6,0
5.7,0,0.15,0,0.28,0,3.7,0,0.045,0,57.0,0,151.0,0,0.9913,0,3.22,0,0.27,0,11.2,0,6,0
6.7,0,0.26,0,0.3,0,1.8,0,0.043,0,25.0,0,121.0,0,0.9944,0,3.44,0,0.61,0,10.2,0,6,0
6.3,0,0.37,0,0.37,0,1.5,0,0.024,0,12.0,0,76.0,0,0.98876,0,2.94,0,0.39,0,12.3,0,6,0
6.1,0,0.24,0,0.25,0,1.6,0,0.044,0,24.0,0,115.0,0,0.9921,0,3.39,0,0.59,0,10.9,0,6,0
8.5,0,0.23,0,0.28,0,11.1,0,0.033,0,30.0,0,97.0,0,0.99507,0,3.03,0,0.39,0,10.5,0,7,0
6.7,0,0.23,0,0.39,0,2.5,0,0.172,1,63.0,0,158.0,0,0.9937,0,3.11,0,0.36,0,9.4,0,6,0
6.9,0,0.46,0,0.2,0,0.9,0,0.054,0,5.0,0,126.0,0,0.992,0,3.1,0,0.42,0,10.4,0,6,0
7.9,0,0.17,0,0.32,0,1.6,0,0.053,0,47.0,0,150.0,0,0.9948,0,3.29,0,0.76,0,9.6,0,6,0
7.4,0,0.19,0,0.3,0,12.8,0,0.053,0,48.5,0,212.0,0,0.9986,0,3.14,0,0.49,0,9.1,0,7,0
5.8,0,0.33,0,0.23,0,5.0,0,0.053,0,29.0,0,106.0,0,0.99458,0,3.13,0,0.52,0,9.0,0,5,0
6.9,0,0.4,0,0.3,0,10.6,0,0.033,0,24.0,0,87.0,0,0.99265,0,3.15,0,0.45,0,12.8,0,6,0
6.7,0,0.23,0,0.31,0,2.1,0,0.046,0,30.0,0,96.0,0,0.9926,0,3.33,0,0.64,0,10.7,0,8,1
6.7,0,0.42,0,0.39,0,12.1,0,0.04,0,61.0,0,248.0,0,0.99794,0,3.31,0,0.58,0,9.7,0,5,0
6.45,0,0.14,0,0.42,0,1.2,0,0.05,0,51.0,0,129.0,0,0.99116,0,3.27,0,0.69,0,11.1,0,7,0
6.5,0,0.24,0,0.38,0,1.0,0,0.027,0,31.0,0,90.0,0,0.98926,0,3.24,0,0.36,0,12.3,0,6,0
6.8,0,0.36,0,0.32,0,1.6,0,0.039,0,10.0,0,124.0,0,0.9948,0,3.3,0,0.67,0,9.6,0,5,0
6.1,0,0.38,0,0.2,0,6.6,0,0.033,0,25.0,0,137.0,0,0.9938,0,3.3,0,0.69,0,10.4,0,6,0
6.5,0,0.33,0,0.3,0,3.8,0,0.036,0,34.0,0,88.0,0,0.99028,0,3.25,0,0.63,0,12.5,0,7,0
6.8,0,0.21,0,0.27,0,18.15,0,0.042,0,41.0,0,146.0,0,1.0001,0,3.3,0,0.36,0,8.7,0,5,0
9.0,1,0.26,0,0.34,0,6.7,0,0.029,0,21.0,0,162.0,0,0.99497,0,3.08,0,0.5,0,10.6,0,6,0
6.0,0,0.32,0,0.3,0,1.9,0,0.033,0,41.0,0,142.0,0,0.98912,0,3.29,0,0.42,0,12.8,0,7,0
6.9,0,0.2,0,0.4,0,7.7,0,0.032,0,51.0,0,176.0,0,0.9939,0,3.22,0,0.27,0,11.4,0,5,0
6.1,0,0.32,0,0.37,0,1.8,0,0.051,0,13.0,0,200.0,0,0.9945,0,3.49,0,0.44,0,10.5,0,4,0
5.2,0,0.24,0,0.15,0,7.1,0,0.043,0,32.0,0,134.0,0,0.99378,0,3.24,0,0.48,0,9.9,0,6,0
7.1,0,0.17,0,0.4,0,14.55,0,0.047,0,47.0,0,156.0,0,0.99945,0,3.34,0,0.78,1,9.1,0,6,0
8.0,0,0.59,1,0.71,1,17.35,0,0.038,0,61.0,0,228.0,0,1.0,0,2.95,0,0.75,0,9.3,0,5,0
7.2,0,0.23,0,0.38,0,14.3,0,0.058,0,55.0,0,194.0,0,0.9979,0,3.09,0,0.44,0,9.0,0,6,0
6.9,0,0.32,0,0.27,0,16.0,0,0.034,0,58.0,0,185.0,0,0.99938,0,3.34,0,0.6,0,9.0,0,6,0
7.9,0,0.19,0,0.26,0,2.1,0,0.039,0,8.0,0,143.0,0,0.9942,0,3.05,0,0.74,0,9.8,0,5,0
6.3,0,0.34,0,0.36,0,4.9,0,0.035,0,31.0,0,185.0,0,0.9946,0,3.15,0,0.49,0,9.7,0,5,0
6.4,0,0.15,0,0.29,0,1.8,0,0.044,0,21.0,0,115.0,0,0.99166,0,3.1,0,0.38,0,10.2,0,5,0
8.7,0,0.3,0,0.59,1,1.7,0,0.046,0,10.0,0,70.0,0,0.99373,0,3.06,0,0.56,0,10.8,0,4,0
7.7,0,0.3,0,0.34,0,1.2,0,0.048,0,4.0,0,119.0,0,0.99084,0,3.18,0,0.34,0,12.1,0,6,0
6.4,0,0.25,0,0.3,0,5.5,0,0.038,0,15.0,0,129.0,0,0.9948,0,3.14,0,0.49,0,9.6,0,6,0
5.8,0,0.34,0,0.21,0,7.2,0,0.041,0,48.0,0,146.0,0,0.99441,0,3.16,0,0.49,0,9.8,0,5,0
8.5,0,0.24,0,0.47,0,15.2,0,0.057,0,40.0,0,234.0,0,1.0005,0,3.02,0,0.66,0,9.0,0,5,0
7.6,0,0.18,0,0.28,0,7.1,0,0.041,0,29.0,0,110.0,0,0.99652,0,3.2,0,0.42,0,9.2,0,6,0
6.2,0,0.2,0,0.26,0,1.1,0,0.047,0,42.0,0,119.0,0,0.99158,0,3.48,0,0.6,0,11.0,0,7,0
6.0,0,0.26,0,0.15,0,1.3,0,0.06,0,51.0,0,154.0,0,0.99354,0,3.14,0,0.51,0,8.7,0,5,0
6.9,0,0.41,0,0.33,0,10.1,0,0.043,0,28.0,0,152.0,0,0.9968,0,3.2,0,0.52,0,9.4,0,5,0
8.2,0,0.2,0,0.36,0,8.1,0,0.035,0,60.0,0,163.0,0,0.9952,0,3.05,0,0.3,0,10.3,0,6,0
6.6,0,0.42,0,0.33,0,2.8,0,0.034,0,15.0,0,85.0,0,0.99,0,3.28,0,0.51,0,13.4,0,6,0
6.8,0,0.38,0,0.29,0,9.9,0,0.037,0,40.0,0,146.0,0,0.99326,0,3.11,0,0.37,0,11.5,0,6,0
7.2,0,0.47,0,0.16,0,5.9,0,0.048,0,14.0,0,125.0,0,0.99428,0,3.09,0,0.49,0,9.8,0,5,0
7.0,0,0.22,0,0.3,0,1.4,0,0.04,0,14.0,0,63.0,0,0.98985,0,3.2,0,0.33,0,12.0,0,6,0
7.7,0,0.3,0,0.42,0,14.3,0,0.045,0,45.0,0,213.0,0,0.9991,0,3.18,0,0.63,0,9.2,0,5,0
6.8,0,0.18,0,0.28,0,9.8,0,0.039,0,29.0,0,113.0,0,0.99406,0,3.11,0,0.45,0,10.9,0,7,0
6.5,0,0.28,0,0.34,0,4.6,0,0.054,0,22.0,0,130.0,0,0.99193,0,3.2,0,0.46,0,12.0,0,7,0
6.5,0,0.25,0,0.5,0,7.6,0,0.047,0,54.0,0,184.0,0,0.99572,0,3.17,0,0.45,0,9.2,0,5,0
6.9,0,0.21,0,0.28,0,2.4,0,0.056,0,49.0,0,159.0,0,0.9944,0,3.02,0,0.47,0,8.8,0,8,1
5.8,0,0.31,0,0.31,0,7.5,0,0.052,0,55.0,0,230.0,0,0.9949,0,3.19,0,0.46,0,9.8,0,5,0
6.6,0,0.27,0,0.3,0,1.9,0,0.025,0,14.0,0,153.0,0,0.9928,0,3.29,0,0.62,0,10.5,0,6,0
5.9,0,0.29,0,0.33,0,7.4,0,0.037,0,58.0,0,205.0,0,0.99495,0,3.26,0,0.41,0,9.6,0,5,0
6.4,0,0.105,0,0.29,0,1.1,0,0.035,0,44.0,0,140.0,0,0.99142,0,3.17,0,0.55,0,10.7,0,7,0
9.4,1,0.28,0,0.3,0,1.6,0,0.045,0,36.0,0,139.0,0,0.99534,0,3.11,0,0.49,0,9.3,0,5,0
6.9,0,0.24,0,0.49,0,1.3,0,0.032,0,35.0,0,148.0,0,0.9932,0,3.45,0,0.57,0,10.7,0,7,0
4.4,1,0.46,0,0.1,1,2.8,0,0.024,0,31.0,0,111.0,0,0.98816,0,3.48,0,0.34,0,13.1,0,6,0
5.8,0,0.28,0,0.3,0,1.5,0,0.026,0,31.0,0,114.0,0,0.98952,0,3.32,0,0.6,0,12.5,0,7,0
6.4,0,0.31,0,0.28,0,2.5,0,0.039,0,34.0,0,137.0,0,0.98946,0,3.22,0,0.38,0,12.7,0,6,0
6.2,0,0.31,0,0.21,0,6.3,0,0.041,0,50.0,0,218.0,0,0.9941,0,3.15,0,0.6,0,10.0,0,5,0
6.5,0,0.16,0,0.33,0,1.0,0,0.027,0,23.0,0,75.0,0,0.9908,0,3.3,0,0.39,0,11.4,0,7,0
6.8,0,0.28,0,0.43,0,7.6,0,0.03,0,30.0,0,110.0,0,0.99164,0,3.08,0,0.59,0,12.5,0,8,1
7.4,0,0.2,0,1.66,1,2.1,0,0.022,0,34.0,0,113.0,0,0.99165,0,3.26,0,0.55,0,12.2,0,6,0
6.8,0,0.19,0,0.32,0,7.6,0,0.049,0,37.0,0,107.0,0,0.99332,0,3.12,0,0.44,0,10.7,0,7,0
6.8,0,0.31,0,0.32,0,7.6,0,0.052,0,35.0,0,143.0,0,0.9959,0,3.14,0,0.38,0,9.0,0,5,0
6.3,0,0.41,0,0.22,0,7.3,0,0.035,0,23.0,0,117.0,0,0.99172,0,3.2,0,0.39,0,11.94,0,7,0
5.1,0,0.11,0,0.32,0,1.6,0,0.028,0,12.0,0,90.0,0,0.99008,0,3.57,1,0.52,0,12.2,0,6,0
7.3,0,0.25,0,0.26,0,7.2,0,0.048,0,52.0,0,207.0,0,0.99587,0,3.12,0,0.37,0,9.2,0,5,0
7.4,0,0.36,0,0.33,0,1.4,0,0.025,0,27.0,0,55.0,0,0.9915,0,3.21,0,0.33,0,11.2,0,6,0
7.1,0,0.2,0,0.34,0,16.0,0,0.05,0,51.0,0,166.0,0,0.9985,0,3.21,0,0.6,0,9.2,0,6,0
5.6,0,0.2,0,0.36,0,2.5,0,0.048,0,16.0,0,125.0,0,0.99282,0,3.49,0,0.49,0,10.0,0,6,0
9.2,1,0.15,0,0.68,1,1.6,0,0.046,0,22.0,0,130.0,0,0.9948,0,3.02,0,0.45,0,10.4,0,6,0
6.6,0,0.18,0,0.26,0,17.3,0,0.051,0,17.0,0,149.0,0,0.9984,0,3.0,0,0.43,0,9.4,0,6,0
8.0,0,0.32,0,0.26,0,1.2,0,0.05,0,11.5,0,88.0,0,0.9946,0,3.24,0,0.37,0,9.5,0,4,0
8.0,0,0.24,0,0.48,0,6.8,0,0.047,0,13.0,0,134.0,0,0.99616,0,3.23,0,0.7,0,10.0,0,5,0
6.4,0,0.15,0,0.4,0,1.3,0,0.053,0,61.0,0,146.0,0,0.99112,0,3.17,0,0.68,0,11.0,0,6,0
7.2,0,0.33,0,0.28,0,1.4,0,0.034,0,26.0,0,109.0,0,0.99246,0,3.28,0,0.57,0,10.6,0,6,0
6.1,0,0.17,0,0.42,0,15.1,0,0.033,0,28.0,0,124.0,0,0.99684,0,2.87,0,0.47,0,9.5,0,5,0
7.1,0,0.26,0,0.19,0,8.2,0,0.051,0,53.0,0,187.0,0,0.996,0,3.16,0,0.52,0,9.7,0,5,0
6.2,0,0.2,0,0.25,0,15.0,0,0.055,0,8.0,0,120.0,0,0.99767,0,3.19,0,0.53,0,9.6,0,6,0
9.1,1,0.27,0,0.45,0,10.6,0,0.035,0,28.0,0,124.0,0,0.997,0,3.2,0,0.46,0,10.4,0,9,1
7.2,0,0.21,0,0.41,0,1.3,0,0.036,0,33.0,0,85.0,0,0.992,0,3.17,0,0.51,0,10.4,0,5,0
8.6,0,0.485,0,0.29,0,4.1,0,0.026,0,19.0,0,101.0,0,0.9918,0,3.01,0,0.38,0,12.4,0,5,0
6.7,0,0.31,0,0.08,1,1.3,0,0.038,0,58.0,0,147.0,0,0.9922,0,3.18,0,0.46,0,10.0,0,5,0
6.9,0,0.48,0,0.36,0,3.5,0,0.03,0,31.0,0,135.0,0,0.9904,0,3.14,0,0.38,0,12.2,0,7,0
6.8,0,0.18,0,0.21,0,5.4,0,0.053,0,34.0,0,104.0,0,0.99445,0,3.3,0,0.43,0,9.4,0,5,0
6.7,0,0.34,0,0.31,0,16.4,0,0.051,0,20.0,0,146.0,0,0.99834,0,3.06,0,0.54,0,9.1,0,5,0
7.5,0,0.24,0,0.31,0,13.0,0,0.049,0,46.0,0,217.0,0,0.9985,0,3.08,0,0.53,0,8.8,0,5,0
7.1,0,0.32,0,0.29,0,4.0,0,0.038,0,33.0,0,170.0,0,0.99463,0,3.27,0,0.64,0,10.2,0,6,0
7.1,0,0.34,0,0.15,0,1.2,0,0.053,0,61.0,0,183.0,0,0.9936,0,3.09,0,0.43,0,9.2,0,5,0
6.7,0,0.24,0,0.35,0,13.1,0,0.05,0,64.0,0,205.0,0,0.997,0,3.15,0,0.5,0,9.5,0,5,0
8.0,0,0.25,0,0.49,0,9.0,0,0.044,0,31.0,0,185.0,0,0.998,0,3.34,0,0.49,0,10.0,0,6,0
6.1,0,0.2,0,0.25,0,1.2,0,0.038,0,34.0,0,128.0,0,0.9921,0,3.24,0,0.44,0,10.1,0,5,0
5.9,0,0.28,0,0.14,0,8.6,0,0.032,0,30.0,0,142.0,0,0.99542,0,3.28,0,0.44,0,9.5,0,6,0
6.4,0,0.17,0,0.3,0,2.8,0,0.034,0,33.0,0,125.0,0,0.99152,0,3.03,0,0.49,0,10.4,0,6,0
6.8,0,0.63,1,0.04,1,1.3,0,0.058,0,25.0,0,133.0,0,0.99271,0,3.17,0,0.39,0,10.2,0,4,0
6.3,0,0.23,0,0.22,0,3.75,0,0.039,0,37.0,0,116.0,0,0.9927,0,3.23,0,0.5,0,10.7,0,6,0
7.2,0,0.32,0,0.4,0,8.7,0,0.038,0,45.0,0,154.0,0,0.99568,0,3.2,0,0.47,0,10.4,0,6,0
8.0,0,0.18,0,0.37,0,1.3,0,0.04,0,15.0,0,96.0,0,0.9912,0,3.06,0,0.61,0,12.1,0,6,0
5.9,0,0.22,0,0.18,0,6.4,0,0.041,0,28.0,0,120.0,0,0.99403,0,3.27,0,0.5,0,9.9,0,5,0
6.7,0,0.28,0,0.31,0,7.4,0,0.041,0,7.0,0,81.0,0,0.99254,0,3.04,0,0.47,0,11.4,0,8,1
8.3,0,0.21,0,0.4,0,1.6,0,0.032,0,35.0,0,110.0,0,0.9907,0,3.02,0,0.6,0,12.9,0,7,0
6.1,0,0.24,0,0.32,0,9.0,0,0.031,0,41.0,0,134.0,0,0.99234,0,3.25,0,0.26,0,12.3,0,7,0
6.0,0,0.23,0,0.34,0,1.3,0,0.025,0,23.0,0,111.0,0,0.98961,0,3.36,0,0.37,0,12.7,0,6,0
6.8,0,0.15,0,0.41,0,12.9,0,0.044,0,79.5,0,183.0,0,0.99742,0,3.24,0,0.78,1,10.2,0,6,0
6.6,0,0.36,0,0.47,0,1.4,0,0.145,1,26.0,0,124.0,0,0.99274,0,3.09,0,0.56,0,10.1,0,6,0
7.0,0,0.2,0,0.4,0,1.1,0,0.058,0,30.0,0,93.0,0,0.99322,0,3.03,0,0.38,0,9.2,0,6,0
7.8,0,0.25,0,0.37,0,1.0,0,0.043,0,10.0,0,80.0,0,0.99128,0,3.08,0,0.38,0,11.4,0,5,0
6.3,0,0.3,0,0.29,0,2.1,0,0.048,0,33.0,0,142.0,0,0.98956,0,3.22,0,0.46,0,12.9,0,7,0
6.2,0,0.21,0,0.24,0,1.2,0,0.051,0,31.0,0,95.0,0,0.99036,0,3.24,0,0.57,0,11.3,0,6,0
7.4,0,0.23,0,0.38,0,8.6,0,0.052,0,41.0,0,150.0,0,0.99534,0,3.06,0,0.46,0,10.3,0,5,0
6.4,0,0.34,0,0.23,0,6.3,0,0.039,0,37.0,0,143.0,0,0.9944,0,3.19,0,0.65,0,10.0,0,6,0
9.4,1,0.16,0,0.3,0,1.4,0,0.042,0,26.0,0,176.0,0,0.9954,0,3.15,0,0.46,0,9.1,0,5,0
7.7,0,0.39,0,0.49,0,7.7,0,0.036,0,11.0,0,110.0,0,0.9966,0,3.33,0,0.76,0,10.0,0,6,0
8.4,0,0.2,0,0.38,0,11.8,0,0.055,0,51.0,0,170.0,0,1.0004,0,3.34,0,0.82,1,8.9,0,6,0
5.6,0,0.18,0,0.31,0,1.5,0,0.038,0,16.0,0,84.0,0,0.9924,0,3.34,0,0.58,0,10.1,0,6,0
8.9,1,0.33,0,0.34,0,1.4,0,0.056,0,14.0,0,171.0,0,0.9946,0,3.13,0,0.47,0,9.7,0,5,0
5.8,0,0.42,0,0.3,0,2.2,0,0.035,0,26.0,0,129.0,0,0.989,0,3.32,0,0.47,0,12.9,0,6,0
7.8,0,0.25,0,0.41,0,3.7,0,0.042,0,37.0,0,149.0,0,0.9954,0,3.36,0,0.45,0,10.0,0,6,0
7.3,0,0.3,0,0.34,0,2.7,0,0.044,0,34.0,0,108.0,0,0.99105,0,3.36,0,0.53,0,12.8,0,8,1
6.6,0,0.35,0,0.34,0,4.9,0,0.032,0,9.0,0,125.0,0,0.99253,0,3.32,0,0.81,1,12.0,0,5,0
6.3,0,0.3,0,0.91,1,8.2,0,0.034,0,50.0,0,199.0,0,0.99394,0,3.39,0,0.49,0,11.7,0,6,0
6.8,0,0.17,0,0.34,0,2.0,0,0.04,0,38.0,0,111.0,0,0.99,0,3.24,0,0.45,0,12.9,0,6,0
7.0,0,0.17,0,0.37,0,1.5,0,0.028,0,26.0,0,75.0,0,0.9922,0,3.3,0,0.46,0,10.8,0,7,0
5.9,0,0.25,0,0.24,0,7.4,0,0.044,0,21.0,0,113.0,0,0.99462,0,3.38,0,0.58,0,10.5,0,6,0
7.3,0,0.2,0,0.29,0,19.9,0,0.039,0,69.0,0,237.0,0,1.00037,0,3.1,0,0.48,0,9.2,0,6,0
5.9,0,0.2,0,0.23,0,1.5,0,0.037,0,38.0,0,93.0,0,0.99021,0,3.36,0,0.49,0,12.0,0,6,0
6.8,0,0.26,0,0.32,0,7.0,0,0.041,0,38.0,0,118.0,0,0.9939,0,3.25,0,0.52,0,10.8,0,6,0
6.6,0,0.21,0,0.29,0,5.35,0,0.029,0,43.0,0,106.0,0,0.99112,0,2.93,0,0.43,0,11.5,0,7,0
7.0,0,0.32,0,0.35,0,1.5,0,0.039,0,24.0,0,125.0,0,0.9918,0,3.17,0,0.64,0,12.2,0,6,0
7.4,0,0.21,0,0.3,0,7.9,0,0.039,0,14.0,0,118.0,0,0.9942,0,2.96,0,0.34,0,10.4,0,5,0
6.6,0,0.25,0,0.24,0,1.7,0,0.048,0,26.0,0,124.0,0,0.9942,0,3.37,0,0.6,0,10.1,0,6,0
7.2,0,0.23,0,0.19,0,13.7,0,0.052,0,47.0,0,197.0,0,0.99865,0,3.12,0,0.53,0,9.0,0,5,0
6.0,0,0.18,0,0.31,0,1.4,0,0.036,0,14.0,0,75.0,0,0.99085,0,3.34,0,0.58,0,11.1,0,8,1
8.5,0,0.18,0,0.3,0,1.1,0,0.028,0,34.0,0,95.0,0,0.99272,0,2.83,0,0.36,0,10.0,0,4,0
6.8,0,0.2,0,0.59,1,0.9,0,0.147,1,38.0,0,132.0,0,0.993,0,3.05,0,0.38,0,9.1,0,6,0
6.3,0,0.22,0,0.22,0,5.6,0,0.039,0,31.0,0,128.0,0,0.99296,0,3.12,0,0.46,0,10.4,0,6,0
6.9,0,0.38,0,0.29,0,13.65,0,0.048,0,52.0,0,189.0,0,0.99784,0,3.0,0,0.6,0,9.5,0,6,0
8.1,0,0.26,0,0.33,0,11.1,0,0.052,0,52.5,0,158.0,0,0.9976,0,3.03,0,0.49,0,10.2,0,7,0
6.5,0,0.35,0,0.38,0,7.4,0,0.036,0,20.0,0,196.0,0,0.99712,0,3.47,0,0.48,0,9.1,0,6,0
5.7,0,0.39,0,0.25,0,4.9,0,0.033,0,49.0,0,113.0,0,0.98966,0,3.26,0,0.58,0,13.1,0,7,0
8.2,0,0.345,0,1.0,1,18.2,0,0.047,0,55.0,0,205.0,0,0.99965,0,2.96,0,0.43,0,9.6,0,5,0
7.9,0,0.29,0,0.36,0,11.1,0,0.033,0,43.0,0,208.0,0,0.9969,0,3.14,0,0.46,0,10.3,0,5,0
6.8,0,0.17,0,0.35,0,1.8,0,0.04,0,29.0,0,84.0,0,0.98961,0,2.91,0,0.57,0,12.0,0,7,0
6.8,0,0.37,0,0.28,0,4.0,0,0.03,0,29.0,0,79.0,0,0.99,0,3.23,0,0.46,0,12.4,0,7,0
6.0,0,0.26,0,0.42,0,5.2,0,0.027,0,70.0,0,178.0,0,0.9914,0,3.4,0,0.4,0,12.3,0,8,1
7.4,0,0.3,0,0.3,0,5.2,0,0.053,0,45.0,0,163.0,0,0.9941,0,3.12,0,0.45,0,10.3,0,6,0
7.5,0,0.2,0,0.47,0,16.9,0,0.052,0,51.0,0,188.0,0,0.99944,0,3.09,0,0.62,0,9.3,0,5,0
6.6,0,0.15,0,0.34,0,5.1,0,0.055,0,34.0,0,125.0,0,0.9942,0,3.36,0,0.42,0,9.6,0,5,0
7.2,0,0.27,0,0.37,0,5.4,0,0.026,0,27.0,0,114.0,0,0.99174,0,3.13,0,0.84,1,12.7,0,5,0
6.8,0,0.22,0,0.41,0,6.7,0,0.034,0,39.0,0,116.0,0,0.99245,0,3.18,0,0.46,0,11.5,0,6,0
5.6,0,0.49,0,0.13,0,4.5,0,0.039,0,17.0,0,116.0,0,0.9907,0,3.42,0,0.9,1,13.7,0,7,0
8.7,0,0.31,0,0.73,1,14.35,0,0.044,0,27.0,0,191.0,0,1.00013,0,2.96,0,0.88,1,8.7,0,5,0
6.7,0,0.11,0,0.34,0,8.8,0,0.043,0,41.0,0,113.0,0,0.9962,0,3.42,0,0.4,0,9.3,0,7,0
5.9,0,0.42,0,0.36,0,2.4,0,0.034,0,19.0,0,77.0,0,0.99184,0,3.25,0,0.48,0,10.9,0,5,0
6.6,0,0.17,0,0.35,0,2.6,0,0.03,0,33.0,0,78.0,0,0.99146,0,3.22,0,0.72,0,11.3,0,6,0
6.3,0,0.22,0,0.28,0,2.4,0,0.042,0,38.0,0,102.0,0,0.98998,0,3.14,0,0.37,0,11.6,0,7,0
7.1,0,0.14,0,0.33,0,1.0,0,0.104,1,20.0,0,54.0,0,0.99057,0,3.19,0,0.64,0,11.5,0,6,0
7.3,0,0.32,0,0.25,0,7.2,0,0.056,0,47.0,0,180.0,0,0.9961,0,3.08,0,0.47,0,8.8,0,5,0
6.7,0,0.5,0,0.36,0,11.5,0,0.096,1,18.0,0,92.0,0,0.99642,0,3.11,0,0.49,0,9.6,0,5,0
7.8,0,0.21,0,0.27,0,1.2,0,0.051,0,20.0,0,89.0,0,0.9936,0,3.06,0,0.46,0,9.1,0,5,0
6.2,0,0.24,0,0.27,0,2.9,0,0.039,0,30.0,0,123.0,0,0.98959,0,3.12,0,0.37,0,12.8,0,6,0
6.3,0,0.4,0,0.32,0,10.6,0,0.049,0,38.0,0,209.0,0,0.9981,0,3.47,0,0.59,0,9.3,0,6,0
6.8,0,0.16,0,0.29,0,10.4,0,0.046,0,59.0,0,143.0,0,0.99518,0,3.2,0,0.4,0,10.8,0,6,0
7.4,0,0.45,0,0.32,0,7.1,0,0.044,0,17.0,0,117.0,0,0.9962,0,3.32,0,0.41,0,10.4,0,4,0
6.6,0,0.24,0,0.3,0,11.3,0,0.026,0,11.0,0,77.0,0,0.99381,0,3.13,0,0.55,0,12.8,0,7,0
6.9,0,0.31,0,0.34,0,1.6,0,0.032,0,23.0,0,128.0,0,0.9917,0,3.37,0,0.47,0,11.7,0,6,0
7.6,0,0.22,0,0.34,0,9.7,0,0.035,0,26.0,0,143.0,0,0.9965,0,3.08,0,0.49,0,9.8,0,6,0
5.7,0,0.26,0,0.24,0,17.8,0,0.059,0,23.0,0,124.0,0,0.99773,0,3.3,0,0.5,0,10.1,0,5,0
8.5,0,0.25,0,0.31,0,2.8,0,0.032,0,11.0,0,61.0,0,0.99189,0,3.06,0,0.44,0,11.5,0,6,0
7.7,0,0.28,0,0.39,0,8.9,0,0.036,0,8.0,0,117.0,0,0.9935,0,3.06,0,0.38,0,12.0,0,7,0
6.4,0,0.24,0,0.32,0,0.95,0,0.041,0,23.0,0,131.0,0,0.99033,0,3.25,0,0.35,0,11.8,0,5,0
6.6,0,0.62,1,0.2,0,8.7,0,0.046,0,81.0,1,224.0,0,0.99605,0,3.17,0,0.44,0,9.3,0,5,0
6.8,0,0.37,0,0.67,1,1.5,0,0.175,1,16.0,0,98.0,0,0.99244,0,3.06,0,0.56,0,10.3,0,6,0
7.9,0,0.26,0,0.41,0,15.15,0,0.04,0,38.0,0,216.0,0,0.9976,0,2.96,0,0.6,0,10.0,0,6,0
7.5,0,0.25,0,0.32,0,8.2,0,0.024,0,53.0,0,209.0,0,0.99563,0,3.12,0,0.46,0,10.8,0,6,0
7.1,0,0.36,0,0.56,1,1.3,0,0.046,0,25.0,0,102.0,0,0.9923,0,3.24,0,0.33,0,10.5,0,6,0
7.0,0,0.13,0,0.3,0,5.0,0,0.056,0,31.0,0,122.0,0,0.9945,0,3.47,0,0.42,0,10.5,0,6,0
5.2,0,0.24,0,0.45,0,3.8,0,0.027,0,21.0,0,128.0,0,0.992,0,3.55,0,0.49,0,11.2,0,8,1
8.2,0,0.2,0,0.38,0,3.5,0,0.053,0,41.0,0,174.0,0,0.99306,0,3.22,0,0.41,0,11.6,0,5,0
8.0,0,0.24,0,0.36,0,1.5,0,0.047,0,17.0,0,129.0,0,0.9948,0,3.2,0,0.54,0,10.0,0,6,0
6.6,0,0.26,0,0.22,0,18.15,0,0.05,0,23.0,0,139.0,0,0.99904,0,3.06,0,0.5,0,9.2,0,5,0
6.4,0,0.595,1,0.14,0,5.2,0,0.058,0,15.0,0,97.0,0,0.9951,0,3.38,0,0.36,0,9.0,0,4,0
7.2,0,0.28,0,0.3,0,10.7,0,0.044,0,61.0,0,222.0,0,0.9972,0,3.14,0,0.5,0,9.1,0,6,0
7.8,0,0.29,0,0.29,0,3.15,0,0.044,0,41.0,0,117.0,0,0.99153,0,3.24,0,0.35,0,11.5,0,5,0
7.2,0,0.37,0,0.15,0,2.0,0,0.029,0,27.0,0,87.0,0,0.9903,0,3.3,0,0.59,0,12.6,0,7,0
8.7,0,0.23,0,0.32,0,13.4,0,0.044,0,35.0,0,169.0,0,0.99975,0,3.12,0,0.47,0,8.8,0,7,0
6.5,0,0.34,0,0.28,0,1.8,0,0.041,0,43.0,0,188.0,0,0.9928,0,3.13,0,0.37,0,9.6,0,6,0
5.6,0,0.3,0,0.1,1,6.4,0,0.043,0,34.0,0,142.0,0,0.99382,0,3.14,0,0.48,0,9.8,0,5,0
8.0,0,0.3,0,0.49,0,9.4,0,0.046,0,47.0,0,188.0,0,0.9964,0,3.14,0,0.48,0,10.0,0,5,0
7.8,0,0.24,0,0.38,0,2.1,0,0.058,0,14.0,0,167.0,0,0.994,0,3.21,0,0.55,0,9.9,0,5,0
6.8,0,0.23,0,0.42,0,7.4,0,0.044,0,56.0,0,189.0,0,0.9958,0,3.22,0,0.48,0,9.3,0,6,0
6.8,0,0.25,0,0.34,0,14.0,0,0.032,0,47.0,0,133.0,0,0.9952,0,3.37,0,0.5,0,12.2,0,7,0
6.4,0,0.28,0,0.43,0,7.1,0,0.045,0,60.0,0,221.0,0,0.9952,0,3.09,0,0.45,0,9.4,0,6,0
7.0,0,0.47,0,0.07,1,1.1,0,0.035,0,17.0,0,151.0,0,0.991,0,3.02,0,0.34,0,10.5,0,5,0
7.1,0,0.35,0,0.24,0,15.4,0,0.055,0,46.0,0,198.0,0,0.9988,0,3.12,0,0.49,0,8.8,0,5,0
8.0,0,0.45,0,0.28,0,10.8,0,0.051,0,25.0,0,157.0,0,0.9957,0,3.06,0,0.47,0,11.4,0,7,0
6.1,0,0.44,0,0.28,0,4.25,0,0.032,0,43.0,0,132.0,0,0.9916,0,3.26,0,0.47,0,11.2666666666667,0,7,0
7.2,0,0.2,0,0.61,1,16.2,0,0.043,0,14.0,0,103.0,0,0.9987,0,3.06,0,0.36,0,9.2,0,6,0
7.6,0,0.38,0,0.28,0,4.2,0,0.029,0,7.0,0,112.0,0,0.9906,0,3.0,0,0.41,0,12.6,0,6,0
6.6,0,0.17,0,0.26,0,7.4,0,0.052,0,45.0,0,128.0,0,0.99388,0,3.16,0,0.37,0,10.0,0,6,0
5.0,0,0.33,0,0.16,0,1.5,0,0.049,0,10.0,0,97.0,0,0.9917,0,3.48,0,0.44,0,10.7,0,6,0
6.4,0,0.43,0,0.27,0,1.1,0,0.054,0,5.0,0,110.0,0,0.9939,0,3.24,0,0.52,0,9.1,0,4,0
6.6,0,0.27,0,0.41,0,1.3,0,0.052,0,16.0,0,142.0,0,0.9951,0,3.42,0,0.47,0,10.0,0,6,0
6.6,0,0.29,0,0.73,1,2.2,0,0.027,0,21.0,0,92.0,0,0.99,0,3.12,0,0.48,0,12.4,0,6,0
7.3,0,0.38,0,0.23,0,6.5,0,0.05,0,18.0,0,102.0,0,0.99304,0,3.1,0,0.55,0,11.2,0,4,0
6.5,0,0.33,0,0.24,0,14.5,0,0.048,0,20.0,0,96.0,0,0.99456,0,3.06,0,0.3,0,11.5,0,8,1
6.8,0,0.24,0,0.49,0,19.3,0,0.057,0,55.0,0,247.0,0,1.00055,0,3.0,0,0.56,0,8.7,0,5,0
7.1,0,0.21,0,0.32,0,2.2,0,0.037,0,28.0,0,141.0,0,0.993,0,3.2,0,0.57,0,10.0,0,7,0
5.6,0,0.695,1,0.06,1,6.8,0,0.042,0,9.0,0,84.0,0,0.99432,0,3.44,0,0.44,0,10.2,0,5,0
6.2,0,0.35,0,0.29,0,7.3,0,0.044,0,56.0,0,244.0,0,0.9956,0,3.36,0,0.55,0,10.0,0,6,0
6.6,0,0.24,0,0.38,0,8.0,0,0.042,0,56.0,0,187.0,0,0.99577,0,3.21,0,0.46,0,9.2,0,5,0
6.8,0,0.12,0,0.3,0,12.9,0,0.049,0,32.0,0,88.0,0,0.99654,0,3.2,0,0.35,0,9.9,0,6,0
6.3,0,0.695,1,0.55,1,12.9,0,0.056,0,58.0,0,252.0,0,0.99806,0,3.29,0,0.49,0,8.7,0,5,0
6.0,0,0.555,1,0.26,0,4.5,0,0.053,0,17.0,0,126.0,0,0.9943,0,3.24,0,0.46,0,9.1,0,5,0
6.2,0,0.53,1,0.02,1,0.9,0,0.035,0,6.0,0,81.0,0,0.99234,0,3.24,0,0.35,0,9.5,0,4,0
6.5,0,0.38,0,0.26,0,5.2,0,0.042,0,33.0,0,112.0,0,0.99067,0,3.06,0,0.5,0,12.3,0,7,0
5.1,0,0.33,0,0.22,0,1.6,0,0.027,0,18.0,0,89.0,0,0.9893,0,3.51,0,0.38,0,12.5,0,7,0
7.1,0,0.28,0,0.31,0,1.5,0,0.053,0,20.0,0,98.0,0,0.99069,0,3.15,0,0.5,0,11.4,0,5,0
6.4,0,0.3,0,0.27,0,5.0,0,0.058,0,27.0,0,151.0,0,0.99198,0,3.22,0,0.49,0,12.2,0,6,0
6.4,0,0.32,0,0.26,0,7.9,0,0.05,0,53.0,0,180.0,0,0.99514,0,3.14,0,0.5,0,9.6,0,5,0
7.9,0,0.345,0,0.51,0,15.3,0,0.047,0,54.0,0,171.0,0,0.9987,0,3.09,0,0.51,0,9.1,0,5,0
8.6,0,0.17,0,0.28,0,2.7,0,0.047,0,38.0,0,150.0,0,0.99365,0,3.1,0,0.56,0,10.8,0,6,0
6.2,0,0.2,0,0.26,0,9.7,0,0.03,0,39.0,0,102.0,0,0.9908,0,3.08,0,0.56,0,12.9,0,7,0
6.7,0,0.26,0,0.51,0,8.0,0,0.062,0,50.0,0,194.0,0,0.99545,0,3.13,0,0.5,0,9.6,0,5,0
6.4,0,0.43,0,0.32,0,1.4,0,0.048,0,10.0,0,67.0,0,0.992,0,3.08,0,0.41,0,11.4,0,5,0
7.1,0,0.21,0,0.72,1,1.6,0,0.167,1,65.0,0,120.0,0,0.99324,0,2.97,0,0.51,0,9.2,0,5,0
6.0,0,0.32,0,0.33,0,9.9,0,0.032,0,22.0,0,90.0,0,0.99258,0,3.1,0,0.43,0,12.1,0,7,0
8.1,0,0.25,0,0.34,0,10.1,0,0.05,0,30.0,0,121.0,0,0.99724,0,3.17,0,0.49,0,10.1,0,6,0
7.1,0,0.36,0,0.28,0,2.4,0,0.036,0,35.0,0,115.0,0,0.98936,0,3.19,0,0.44,0,13.5,0,7,0
7.1,0,0.32,0,0.24,0,13.1,0,0.05,0,52.0,0,204.0,0,0.998,0,3.1,0,0.49,0,8.8,0,5,0
6.8,0,0.25,0,0.24,0,1.6,0,0.045,0,39.0,0,164.0,0,0.99402,0,3.53,0,0.58,0,10.8,0,5,0
7.9,0,0.16,0,0.64,1,17.0,0,0.05,0,69.0,0,210.0,0,1.0004,0,3.15,0,0.51,0,9.3,0,7,0
7.0,0,0.13,0,0.37,0,12.85,0,0.042,0,36.0,0,105.0,0,0.99581,0,3.05,0,0.55,0,10.7,0,6,0
6.7,0,0.29,0,0.45,0,14.3,0,0.054,0,30.0,0,181.0,0,0.99869,0,3.14,0,0.57,0,9.1,0,5,0
6.8,0,0.23,0,0.42,0,7.4,0,0.044,0,56.0,0,189.0,0,0.9958,0,3.22,0,0.48,0,9.3,0,6,0
6.8,0,0.28,0,0.36,0,1.6,0,0.04,0,25.0,0,87.0,0,0.9924,0,3.23,0,0.66,0,10.3,0,6,0
6.1,0,0.27,0,0.44,0,6.7,0,0.041,0,61.0,0,230.0,0,0.99505,0,3.12,0,0.4,0,8.9,0,5,0
6.3,0,0.41,0,0.16,0,0.9,0,0.032,0,25.0,0,98.0,0,0.99274,0,3.16,0,0.42,0,9.5,0,5,0
7.2,0,0.35,0,0.34,0,12.4,0,0.051,0,6.0,0,37.0,0,0.9944,0,3.13,0,0.39,0,11.5,0,6,0
6.8,0,0.24,0,0.35,0,6.4,0,0.048,0,44.0,0,172.0,0,0.9944,0,3.29,0,0.55,0,10.5,0,7,0
6.5,0,0.13,0,0.27,0,2.6,0,0.035,0,32.0,0,76.0,0,0.9914,0,3.21,0,0.76,0,11.3333333333333,0,6,0
4.2,1,0.17,0,0.36,0,1.8,0,0.029,0,93.0,1,161.0,0,0.98999,0,3.65,1,0.89,1,12.0,0,7,0
7.1,0,0.47,0,0.29,0,14.8,0,0.024,0,22.0,0,142.0,0,0.99518,0,3.12,0,0.48,0,12.0,0,8,1
8.9,1,0.33,0,0.32,0,1.5,0,0.047,0,11.0,0,200.0,0,0.9954,0,3.19,0,0.46,0,9.4,0,5,0
7.0,0,0.28,0,0.32,0,1.7,0,0.038,0,27.0,0,128.0,0,0.99375,0,3.2,0,0.62,0,10.2,0,6,0
7.5,0,0.24,0,0.49,0,9.4,0,0.048,0,50.0,0,149.0,0,0.9962,0,3.17,0,0.59,0,10.5,0,7,0
6.7,0,0.64,1,0.3,0,1.2,0,0.03,0,18.0,0,76.0,0,0.9892,0,3.16,0,0.6,0,12.9,0,4,0
6.2,0,0.37,0,0.24,0,6.1,0,0.032,0,19.0,0,86.0,0,0.98934,0,3.04,0,0.26,0,13.4,0,8,1
6.0,0,0.14,0,0.37,0,1.2,0,0.032,0,63.0,0,148.0,0,0.99185,0,3.32,0,0.44,0,11.2,0,5,0
6.4,0,0.21,0,0.28,0,5.9,0,0.047,0,29.0,0,101.0,0,0.99278,0,3.15,0,0.4,0,11.0,0,6,0
7.8,0,0.22,0,0.36,0,1.4,0,0.056,0,21.0,0,153.0,0,0.993,0,3.2,0,0.53,0,10.4,0,6,0
7.0,0,0.39,0,0.24,0,1.0,0,0.048,0,8.0,0,119.0,0,0.9923,0,3.0,0,0.31,0,10.1,0,4,0
6.5,0,0.22,0,0.45,0,8.0,0,0.053,0,52.0,0,196.0,0,0.9959,0,3.23,0,0.48,0,9.1,0,6,0
7.0,0,0.39,0,0.21,0,10.7,0,0.098,1,13.0,0,91.0,0,0.99657,0,3.03,0,0.47,0,9.3,0,5,0
6.6,0,0.18,0,0.28,0,1.7,0,0.041,0,53.0,0,161.0,0,0.99207,0,3.13,0,0.45,0,10.2,0,6,0
6.0,0,0.29,0,0.25,0,1.4,0,0.033,0,30.0,0,114.0,0,0.98794,0,3.08,0,0.43,0,13.2,0,6,0
6.6,0,0.22,0,0.3,0,14.7,0,0.045,0,50.0,0,136.0,0,0.99704,0,3.14,0,0.37,0,10.6,0,6,0
6.7,0,0.14,0,0.51,0,4.3,0,0.028,0,57.0,0,124.0,0,0.99176,0,2.91,0,0.54,0,10.7,0,7,0
7.2,0,0.19,0,0.31,0,1.6,0,0.062,0,31.0,0,173.0,0,0.9917,0,3.35,0,0.44,0,11.7,0,6,0
6.2,0,0.25,0,0.47,0,11.6,0,0.048,0,62.0,0,210.0,0,0.9968,0,3.19,0,0.5,0,9.5,0,5,0
7.0,0,0.27,0,0.32,0,6.8,0,0.047,0,47.0,0,193.0,0,0.9938,0,3.23,0,0.39,0,11.4,0,6,0
6.6,0,0.15,0,0.32,0,6.0,0,0.033,0,59.0,0,128.0,0,0.99192,0,3.19,0,0.71,0,12.1,0,8,1
6.1,0,0.23,0,0.27,0,9.8,0,0.055,0,74.0,0,134.0,0,0.99534,0,3.16,0,0.4,0,10.2,0,6,0
6.4,0,0.475,0,0.06,1,1.0,0,0.03,0,9.0,0,131.0,0,0.9904,0,2.97,0,0.29,0,10.8,0,5,0
6.9,0,0.28,0,0.41,0,1.4,0,0.016,0,6.0,0,55.0,0,0.98876,0,3.16,0,0.4,0,13.4,0,5,0
6.4,0,0.4,0,0.25,0,4.2,0,0.032,0,15.0,0,91.0,0,0.98988,0,3.26,0,0.52,0,13.1,0,6,0
7.4,0,0.39,0,0.23,0,7.0,0,0.033,0,29.0,0,126.0,0,0.994,0,3.14,0,0.42,0,10.5,0,5,0
5.3,0,0.23,0,0.56,1,0.9,0,0.041,0,46.0,0,141.0,0,0.99119,0,3.16,0,0.62,0,9.7,0,5,0
6.1,0,0.22,0,0.28,0,16.55,0,0.059,0,54.0,0,135.0,0,0.99665,0,3.2,0,0.38,0,10.5,0,5,0
7.1,0,0.27,0,0.28,0,1.25,0,0.023,0,3.0,0,89.0,0,0.98993,0,2.95,0,0.3,0,11.4,0,4,0
6.8,0,0.28,0,0.34,0,7.5,0,0.035,0,34.0,0,177.0,0,0.99692,0,3.33,0,0.43,0,9.1,0,5,0
8.2,0,0.35,0,0.4,0,6.3,0,0.039,0,35.0,0,162.0,0,0.9936,0,3.15,0,0.34,0,11.9,0,7,0
6.3,0,0.25,0,0.44,0,1.7,0,0.024,0,36.0,0,116.0,0,0.98935,0,3.18,0,0.4,0,12.5,0,6,0
7.3,0,0.22,0,0.37,0,14.3,0,0.063,0,48.0,0,191.0,0,0.9978,0,2.89,0,0.38,0,9.0,0,6,0
8.6,0,0.36,0,0.26,0,11.1,0,0.03,0,43.5,0,171.0,0,0.9948,0,3.03,0,0.49,0,12.0,0,5,0
6.4,0,0.28,0,0.44,0,7.1,0,0.048,0,49.0,0,179.0,0,0.99528,0,3.15,0,0.48,0,9.2,0,5,0
6.8,0,0.3,0,0.22,0,6.2,0,0.06,0,41.0,0,190.0,0,0.99858,0,3.18,0,0.51,0,9.2,0,5,0
7.4,0,0.24,0,0.36,0,2.0,0,0.031,0,27.0,0,139.0,0,0.99055,0,3.28,0,0.48,0,12.5,0,9,1
7.9,0,0.22,0,0.49,0,3.8,0,0.042,0,26.0,0,105.0,0,0.993,0,3.1,0,0.39,0,10.5,0,5,0
7.2,0,0.23,0,0.25,0,18.8,0,0.085,1,19.0,0,111.0,0,1.00044,0,3.1,0,0.51,0,8.7,0,5,0
6.3,0,0.2,0,0.37,0,11.8,0,0.045,0,58.0,0,130.0,0,0.99519,0,3.2,0,0.35,0,10.8,0,5,0
6.9,0,0.19,0,0.33,0,1.6,0,0.043,0,63.0,0,149.0,0,0.9925,0,3.44,0,0.52,0,10.8,0,5,0
6.5,0,0.32,0,0.3,0,2.3,0,0.051,0,20.0,0,127.0,0,0.98964,0,3.13,0,0.52,0,12.8,0,6,0
6.6,0,0.24,0,0.33,0,10.1,0,0.032,0,8.0,0,81.0,0,0.99626,0,3.19,0,0.51,0,9.8,0,6,0
6.6,0,0.41,0,0.27,0,10.7,0,0.11,1,20.0,0,103.0,0,0.99672,0,3.08,0,0.41,0,9.0,0,6,0
6.4,0,0.18,0,0.32,0,9.6,0,0.052,0,24.0,0,90.0,0,0.9963,0,3.35,0,0.49,0,9.4,0,6,0
6.7,0,0.18,0,0.25,0,14.3,0,0.048,0,79.0,0,149.0,0,0.9975,0,3.12,0,0.37,0,9.7,0,5,0
6.6,0,0.32,0,0.33,0,2.5,0,0.052,0,40.0,0,219.5,0,0.99316,0,3.15,0,0.6,0,10.0,0,5,0
6.8,0,0.15,0,0.3,0,5.3,0,0.05,0,40.0,0,127.0,0,0.9942,0,3.4,0,0.39,0,9.7,0,6,0
7.9,0,0.46,0,0.4,0,10.1,0,0.168,1,19.0,0,184.0,0,0.99782,0,3.06,0,0.62,0,9.5,0,5,0
7.1,0,0.145,0,0.33,0,4.6,0,0.05,0,33.0,0,131.0,0,0.9942,0,3.28,0,0.4,0,9.6,0,6,0
6.9,0,0.19,0,0.35,0,13.5,0,0.038,0,49.0,0,118.0,0,0.99546,0,3.0,0,0.63,0,10.7,0,6,0
9.0,1,0.2,0,0.33,0,3.5,0,0.049,0,10.0,0,40.0,0,0.9944,0,3.14,0,0.36,0,9.8,0,6,0
8.2,0,0.27,0,0.43,0,1.6,0,0.035,0,31.0,0,128.0,0,0.9916,0,3.1,0,0.5,0,12.3,0,6,0
6.8,0,0.45,0,0.36,0,5.0,0,0.033,0,28.0,0,156.0,0,0.991,0,3.11,0,0.4,0,12.4,0,7,0
6.2,0,0.24,0,0.28,0,12.2,0,0.049,0,54.0,0,133.0,0,0.9952,0,3.19,0,0.37,0,10.7,0,6,0
6.8,0,0.3,0,0.33,0,12.8,0,0.041,0,60.0,0,168.0,0,0.99659,0,3.1,0,0.56,0,9.8,0,5,0
7.2,0,0.17,0,0.28,0,17.55,0,0.05,0,33.0,0,154.0,0,0.99971,0,2.94,0,0.43,0,9.0,0,7,0
6.8,0,0.25,0,0.28,0,5.0,0,0.035,0,42.0,0,126.0,0,0.99048,0,3.12,0,0.38,0,12.6,0,7,0
8.1,0,0.27,0,0.41,0,1.45,0,0.033,0,11.0,0,63.0,0,0.9908,0,2.99,0,0.56,0,12.0,0,5,0
7.2,0,0.25,0,0.28,0,14.4,0,0.055,0,55.0,0,205.0,0,0.9986,0,3.12,0,0.38,0,9.0,0,7,0
6.8,0,0.2,0,0.27,0,1.2,0,0.034,0,19.0,0,68.0,0,0.9902,0,3.14,0,0.37,0,11.7,0,4,0
5.7,0,0.24,0,0.3,0,1.3,0,0.03,0,25.0,0,98.0,0,0.98968,0,3.37,0,0.43,0,12.4,0,7,0
6.4,0,0.21,0,0.3,0,5.6,0,0.044,0,43.0,0,160.0,0,0.9949,0,3.6,1,0.41,0,10.6,0,6,0
5.9,0,0.24,0,0.3,0,2.0,0,0.033,0,28.0,0,92.0,0,0.99225,0,3.39,0,0.69,0,10.9,0,7,0
6.0,0,0.22,0,0.28,0,1.1,0,0.034,0,47.0,0,90.0,0,0.98862,0,3.22,0,0.38,0,12.6,0,6,0
4.8,0,0.29,0,0.23,0,1.1,0,0.044,0,38.0,0,180.0,0,0.98924,0,3.28,0,0.34,0,11.9,0,6,0
5.6,0,0.15,0,0.31,0,5.3,0,0.038,0,8.0,0,79.0,0,0.9923,0,3.3,0,0.39,0,10.5,0,6,0
7.2,0,0.35,0,0.25,0,5.6,0,0.032,0,23.0,0,120.0,0,0.99334,0,2.93,0,0.66,0,10.3,0,7,0
7.5,0,0.17,0,0.32,0,1.7,0,0.04,0,51.0,0,148.0,0,0.9916,0,3.21,0,0.44,0,11.5,0,7,0
5.5,0,0.28,0,0.21,0,1.6,0,0.032,0,23.0,0,85.0,0,0.99027,0,3.42,0,0.42,0,12.5,0,5,0
6.1,0,0.3,0,0.56,1,2.7,0,0.046,0,46.0,0,184.0,0,0.9924,0,3.31,0,0.57,0,10.9,0,6,0
5.5,0,0.17,0,0.23,0,2.9,0,0.039,0,10.0,0,108.0,0,0.99243,0,3.28,0,0.5,0,10.0,0,5,0
6.9,0,0.2,0,0.3,0,4.7,0,0.041,0,40.0,0,148.0,0,0.9932,0,3.16,0,0.35,0,10.2,0,6,0
6.2,0,0.45,0,0.73,1,7.2,0,0.099,1,47.0,0,202.0,0,0.99582,0,3.21,0,0.43,0,9.2,0,5,0
6.6,0,0.22,0,0.53,0,15.1,0,0.052,0,22.0,0,136.0,0,0.9986,0,2.94,0,0.35,0,9.4,0,5,0
6.2,0,0.24,0,0.22,0,7.9,0,0.053,0,45.0,0,149.0,0,0.99545,0,3.23,0,0.52,0,9.3,0,5,0
6.5,0,0.22,0,0.28,0,3.7,0,0.059,0,29.0,0,151.0,0,0.99177,0,3.23,0,0.41,0,12.1,0,7,0
6.7,0,0.27,0,0.69,1,1.2,0,0.176,1,36.0,0,106.0,0,0.99288,0,2.96,0,0.43,0,9.2,0,6,0
6.8,0,0.27,0,0.42,0,7.3,0,0.054,0,58.0,0,200.0,0,0.99556,0,3.12,0,0.49,0,9.4,0,6,0
5.7,0,0.4,0,0.35,0,5.1,0,0.026,0,17.0,0,113.0,0,0.99052,0,3.18,0,0.67,0,12.4,0,6,0
6.9,0,0.4,0,0.17,0,12.9,0,0.033,0,59.0,0,186.0,0,0.99754,0,3.08,0,0.49,0,9.4,0,5,0
6.6,0,0.28,0,0.34,0,0.8,0,0.037,0,42.0,0,119.0,0,0.9888,0,3.03,0,0.37,0,12.5,0,6,0
6.9,0,0.3,0,0.21,0,15.7,0,0.056,0,49.0,0,159.0,0,0.99827,0,3.11,0,0.48,0,9.0,0,5,0
10.0,1,0.23,0,0.27,0,14.1,0,0.033,0,45.0,0,166.0,0,0.9988,0,2.72,1,0.43,0,9.7,0,6,0
7.5,0,0.29,0,0.26,0,14.95,0,0.067,0,47.0,0,178.0,0,0.99838,0,3.04,0,0.49,0,9.2,0,4,0
7.9,0,0.35,0,0.24,0,15.6,0,0.072,1,44.0,0,229.0,0,0.99785,0,3.03,0,0.59,0,10.5,0,6,0
6.7,0,0.13,0,0.57,1,6.6,0,0.056,0,60.0,0,150.0,0,0.99548,0,2.96,0,0.43,0,9.4,0,6,0
9.2,1,0.71,1,0.23,0,6.2,0,0.042,0,15.0,0,93.0,0,0.9948,0,2.89,0,0.34,0,10.1,0,6,0
5.3,0,0.16,0,0.39,0,1.0,0,0.028,0,40.0,0,101.0,0,0.99156,0,3.57,1,0.59,0,10.6,0,6,0
7.4,0,0.16,0,0.3,0,13.7,0,0.056,0,33.0,0,168.0,0,0.99825,0,2.9,0,0.44,0,8.7,0,7,0
6.5,0,0.22,0,0.32,0,2.2,0,0.028,0,36.0,0,92.0,0,0.99076,0,3.27,0,0.59,0,11.9,0,7,0
7.6,0,0.36,0,0.44,0,8.3,0,0.255,1,28.0,0,142.0,0,0.9958,0,3.12,0,0.43,0,10.2,0,6,0
6.6,0,0.31,0,0.49,0,7.7,0,0.05,0,52.0,0,220.0,0,0.9964,0,3.12,0,0.45,0,8.8,0,5,0
6.8,0,0.18,0,0.37,0,1.6,0,0.055,0,47.0,0,154.0,0,0.9934,0,3.08,0,0.45,0,9.1,0,5,0
5.6,0,0.28,0,0.28,0,4.2,0,0.044,0,52.0,0,158.0,0,0.992,0,3.35,0,0.44,0,10.7,0,7,0
8.9,1,0.34,0,0.34,0,1.6,0,0.056,0,13.0,0,176.0,0,0.9946,0,3.14,0,0.47,0,9.7,0,5,0
6.7,0,0.12,0,0.3,0,5.2,0,0.048,0,38.0,0,113.0,0,0.99352,0,3.33,0,0.44,0,10.1,0,7,0
6.7,0,0.23,0,0.42,0,11.2,0,0.047,0,52.0,0,171.0,0,0.99758,0,3.54,0,0.74,0,10.4,0,5,0
7.6,0,0.31,0,0.29,0,10.5,0,0.04,0,21.0,0,145.0,0,0.9966,0,3.04,0,0.35,0,9.4,0,5,0
6.8,0,0.26,0,0.22,0,4.8,0,0.041,0,110.0,1,198.0,0,0.99437,0,3.29,0,0.67,0,10.6,0,5,0
7.6,0,0.345,0,0.26,0,1.9,0,0.043,0,15.0,0,134.0,0,0.9936,0,3.08,0,0.38,0,9.5,0,5,0
5.4,0,0.45,0,0.27,0,6.4,0,0.033,0,20.0,0,102.0,0,0.98944,0,3.22,0,0.27,0,13.4,0,8,1
6.0,0,0.27,0,0.3,0,14.7,0,0.044,0,15.0,0,144.0,0,0.99666,0,3.12,0,0.53,0,10.3,0,6,0
6.1,0,0.18,0,0.38,0,2.3,0,0.033,0,28.0,0,111.0,0,0.98962,0,3.16,0,0.49,0,12.4,0,6,0
6.7,0,0.105,0,0.32,0,12.4,0,0.051,0,34.0,0,106.0,0,0.998,0,3.54,0,0.45,0,9.2,0,6,0
6.0,0,0.26,0,0.26,0,2.2,0,0.035,0,10.0,0,72.0,0,0.989465,0,3.11,0,0.48,0,12.15,0,6,0
6.4,0,0.22,0,0.34,0,1.4,0,0.023,0,56.0,0,115.0,0,0.98958,0,3.18,0,0.7,0,11.7,0,6,0
7.6,0,0.27,0,0.33,0,2.0,0,0.059,0,19.0,0,175.0,0,0.9944,0,3.22,0,0.56,0,9.9,0,5,0
7.4,0,0.31,0,0.28,0,1.6,0,0.05,0,33.0,0,137.0,0,0.9929,0,3.31,0,0.56,0,10.5,0,6,0
7.7,0,0.32,0,0.62,1,10.6,0,0.036,0,56.0,0,153.0,0,0.9978,0,3.13,0,0.44,0,8.9,0,6,0
7.0,0,0.16,0,0.73,1,1.0,0,0.138,1,58.0,0,150.0,0,0.9936,0,3.08,0,0.3,0,9.2,0,5,0
7.0,0,0.22,0,0.28,0,1.5,0,0.037,0,29.0,0,115.0,0,0.9927,0,3.11,0,0.55,0,10.5,0,6,0
8.8,0,0.2,0,0.28,0,1.1,0,0.018,0,18.0,0,72.0,0,0.9926,0,2.97,0,0.35,0,10.4,0,5,0
7.0,0,0.24,0,0.24,0,1.8,0,0.047,0,29.0,0,91.0,0,0.99251,0,3.3,0,0.43,0,9.9,0,6,0
7.0,0,0.24,0,0.3,0,4.2,0,0.04,0,41.0,0,213.0,0,0.9927,0,3.28,0,0.49,0,11.8,0,6,0
6.3,0,0.28,0,0.34,0,8.1,0,0.038,0,44.0,0,129.0,0,0.99248,0,3.26,0,0.29,0,12.1,0,6,0
7.0,0,0.44,0,0.24,0,12.1,0,0.056,0,68.0,0,210.0,0,0.99718,0,3.05,0,0.5,0,9.5,0,5,0
5.9,0,0.655,1,0.0,1,5.6,0,0.033,0,8.0,0,31.0,0,0.9936,0,3.32,0,0.51,0,10.5,0,4,0
7.8,0,0.43,0,0.49,0,13.0,0,0.033,0,37.0,0,158.0,0,0.9955,0,3.14,0,0.35,0,11.3,0,6,0
6.2,0,0.26,0,0.32,0,15.3,0,0.031,0,64.0,0,185.0,0,0.99835,0,3.31,0,0.61,0,9.4,0,5,0
6.1,0,1.1,1,0.16,0,4.4,0,0.033,0,8.0,0,109.0,0,0.99058,0,3.35,0,0.47,0,12.4,0,4,0
6.4,0,0.3,0,0.38,0,7.8,0,0.046,0,35.0,0,192.0,0,0.9955,0,3.1,0,0.37,0,9.0,0,5,0
6.9,0,0.43,0,0.28,0,9.4,0,0.056,0,29.0,0,183.0,0,0.99594,0,3.17,0,0.43,0,9.4,0,5,0
8.0,0,0.24,0,0.26,0,1.7,0,0.033,0,36.0,0,136.0,0,0.99316,0,3.44,0,0.51,0,10.4,0,7,0
7.1,0,0.31,0,0.38,0,1.2,0,0.036,0,10.0,0,124.0,0,0.9924,0,3.14,0,0.44,0,9.9,0,6,0
6.0,0,0.25,0,0.28,0,7.7,0,0.053,0,37.0,0,132.0,0,0.99489,0,3.06,0,0.5,0,9.4,0,6,0
8.3,0,0.49,0,0.43,0,2.5,0,0.036,0,32.0,0,116.0,0,0.9944,0,3.23,0,0.47,0,10.7,0,6,0
6.7,0,0.24,0,0.46,0,2.2,0,0.033,0,19.0,0,111.0,0,0.99045,0,3.1,0,0.62,0,11.9,0,6,0
6.4,0,0.18,0,0.48,0,18.0,0,0.054,0,56.0,0,183.0,0,1.00038,0,2.98,0,0.61,0,8.5,0,6,0
7.7,0,0.28,0,0.35,0,15.3,0,0.056,0,31.0,0,117.0,0,0.9998,0,3.27,0,0.5,0,9.6,0,5,0
6.0,0,0.16,0,0.27,0,12.0,0,0.03,0,39.0,0,98.0,0,0.99402,0,3.15,0,0.34,0,10.8,0,5,0
6.6,0,0.36,0,0.29,0,1.6,0,0.021,0,24.0,0,85.0,0,0.98965,0,3.41,0,0.61,0,12.4,0,9,1
8.4,0,0.2,0,0.38,0,11.8,0,0.055,0,51.0,0,170.0,0,1.0004,0,3.34,0,0.82,1,8.9,0,6,0
7.5,0,0.26,0,0.38,0,5.7,0,0.021,0,23.0,0,125.0,0,0.99338,0,3.13,0,0.62,0,11.1,0,6,0
5.8,0,0.15,0,0.31,0,5.9,0,0.036,0,7.0,0,73.0,0,0.99152,0,3.2,0,0.43,0,11.9,0,6,0
7.2,0,0.18,0,0.31,0,1.1,0,0.045,0,20.0,0,73.0,0,0.9925,0,3.32,0,0.4,0,10.8,0,7,0
7.9,0,0.28,0,0.41,0,4.9,0,0.058,0,31.0,0,153.0,0,0.9966,0,3.27,0,0.51,0,9.7,0,6,0
6.4,0,0.21,0,0.44,0,7.4,0,0.045,0,47.0,0,182.0,0,0.9957,0,3.24,0,0.46,0,9.1,0,5,0
6.5,0,0.25,0,0.27,0,15.2,0,0.049,0,75.0,0,217.0,0,0.9972,0,3.19,0,0.39,0,9.9,0,5,0
7.6,0,0.27,0,0.42,0,2.6,0,0.044,0,29.0,0,110.0,0,0.9912,0,3.31,0,0.51,0,12.7,0,6,0
7.4,0,0.2,0,0.35,0,6.1,0,0.025,0,10.0,0,40.0,0,0.99244,0,2.79,1,0.52,0,10.9,0,5,0
6.6,0,0.19,0,0.28,0,11.8,0,0.042,0,54.0,0,137.0,0,0.99492,0,3.18,0,0.37,0,10.8,0,6,0
6.4,0,0.15,0,0.31,0,1.1,0,0.044,0,25.0,0,96.0,0,0.9932,0,3.54,0,0.51,0,10.3,0,6,0
6.6,0,0.28,0,0.3,0,7.8,0,0.049,0,57.0,0,202.0,0,0.9958,0,3.24,0,0.39,0,9.5,0,5,0
6.7,0,0.17,0,0.27,0,1.4,0,0.032,0,39.0,0,149.0,0,0.99254,0,3.4,0,0.52,0,10.5,0,5,0
6.7,0,0.27,0,0.26,0,2.3,0,0.043,0,61.0,0,181.0,0,0.99394,0,3.45,0,0.63,0,10.6,0,6,0
7.9,0,0.18,0,0.36,0,5.9,0,0.058,0,31.0,0,132.0,0,0.995,0,3.25,0,0.52,0,10.9,0,6,0
8.3,0,0.22,0,0.38,0,14.8,0,0.054,0,32.0,0,126.0,0,1.0002,0,3.22,0,0.5,0,9.7,0,5,0
6.4,0,0.35,0,0.51,0,7.8,0,0.055,0,53.0,0,177.0,0,0.99502,0,3.12,0,0.45,0,9.6,0,5,0
6.6,0,0.36,0,0.52,0,10.1,0,0.05,0,29.0,0,140.0,0,0.99628,0,3.07,0,0.4,0,9.4,0,5,0
7.0,0,0.32,0,0.34,0,1.3,0,0.042,0,20.0,0,69.0,0,0.9912,0,3.31,0,0.65,0,12.0,0,7,0
8.6,0,0.18,0,0.28,0,0.8,0,0.032,0,25.0,0,78.0,0,0.99104,0,2.99,0,0.38,0,11.1,0,5,0
6.4,0,0.31,0,0.4,0,6.2,0,0.04,0,46.0,0,169.0,0,0.9953,0,3.15,0,0.46,0,9.3,0,6,0
7.6,0,0.28,0,0.17,0,1.6,0,0.046,0,28.0,0,117.0,0,0.99288,0,3.08,0,0.43,0,10.0,0,5,0
6.3,0,0.26,0,0.21,0,4.0,0,0.03,0,24.0,0,125.0,0,0.9915,0,3.06,0,0.34,0,10.7,0,6,0
6.7,0,0.24,0,0.32,0,9.0,0,0.023,0,20.0,0,109.0,0,0.99262,0,3.34,0,0.35,0,12.6,0,6,0
6.0,0,0.36,0,0.32,0,1.1,0,0.053,0,26.0,0,173.0,0,0.99414,0,3.38,0,0.54,0,8.8,0,5,0
5.5,0,0.34,0,0.26,0,2.2,0,0.021,0,31.0,0,119.0,0,0.98919,0,3.55,0,0.49,0,13.0,0,8,1
6.9,0,0.28,0,0.3,0,8.3,0,0.026,0,37.0,0,113.0,0,0.99139,0,2.99,0,0.38,0,12.3,0,8,1
6.9,0,0.32,0,0.26,0,2.3,0,0.03,0,11.0,0,103.0,0,0.99106,0,3.06,0,0.42,0,11.1,0,6,0
5.6,0,0.295,0,0.26,0,1.1,0,0.035,0,40.0,0,102.0,0,0.99154,0,3.47,0,0.56,0,10.6,0,6,0
8.2,0,0.32,0,0.26,0,2.1,0,0.062,0,26.0,0,87.0,0,0.98974,0,3.1,0,0.47,0,12.8,0,6,0
7.2,0,0.31,0,0.35,0,7.2,0,0.046,0,45.0,0,178.0,0,0.9955,0,3.14,0,0.53,0,9.7,0,5,0
5.1,0,0.33,0,0.22,0,1.6,0,0.027,0,18.0,0,89.0,0,0.9893,0,3.51,0,0.38,0,12.5,0,7,0
7.2,0,0.36,0,0.36,0,5.7,0,0.038,0,26.0,0,98.0,0,0.9914,0,2.93,0,0.59,0,12.5,0,7,0
6.4,0,0.24,0,0.27,0,1.5,0,0.04,0,35.0,0,105.0,0,0.98914,0,3.13,0,0.3,0,12.4,0,6,0
7.4,0,0.22,0,0.28,0,9.0,0,0.046,0,22.0,0,121.0,0,0.99468,0,3.1,0,0.55,0,10.8,0,5,0
6.4,0,0.26,0,0.26,0,1.1,0,0.052,0,22.0,0,176.0,0,0.99304,0,3.09,0,0.54,0,9.3,0,5,0
6.7,0,0.41,0,0.01,1,2.8,0,0.048,0,39.0,0,137.0,0,0.9942,0,3.24,0,0.35,0,9.5,0,5,0
5.8,0,0.415,0,0.13,0,1.4,0,0.04,0,11.0,0,64.0,0,0.9922,0,3.29,0,0.52,0,10.5,0,5,0
6.9,0,0.58,1,0.58,1,8.2,0,0.032,0,29.0,0,169.0,0,0.99275,0,3.28,0,0.44,0,12.2,0,6,0
7.6,0,0.31,0,0.24,0,1.8,0,0.037,0,39.0,0,150.0,0,0.9913,0,3.05,0,0.44,0,11.8,0,7,0
6.4,0,0.32,0,0.25,0,5.0,0,0.055,0,28.0,0,138.0,0,0.99171,0,3.27,0,0.5,0,12.4,0,8,1
7.2,0,0.2,0,0.22,0,1.6,0,0.044,0,17.0,0,101.0,0,0.99471,0,3.37,0,0.53,0,10.0,0,5,0
7.0,0,0.28,0,0.33,0,14.6,0,0.043,0,47.0,0,168.0,0,0.9994,0,3.34,0,0.67,0,8.8,0,6,0
5.2,0,0.25,0,0.23,0,1.4,0,0.047,0,20.0,0,77.0,0,0.99001,0,3.32,0,0.62,0,11.4,0,5,0
6.9,0,0.42,0,0.2,0,15.4,0,0.043,0,57.0,0,201.0,0,0.99848,0,3.08,0,0.54,0,9.4,0,5,0
7.2,0,0.2,0,0.3,0,2.0,0,0.039,0,43.0,0,188.0,0,0.9911,0,3.3,0,0.41,0,12.0,0,6,0
8.4,0,0.58,1,0.27,0,12.15,0,0.033,0,37.0,0,116.0,0,0.9959,0,2.99,0,0.39,0,10.8,0,6,0
6.0,0,0.1,0,0.24,0,1.1,0,0.041,0,15.0,0,65.0,0,0.9927,0,3.61,1,0.61,0,10.3,0,7,0
6.2,0,0.22,0,0.49,0,6.0,0,0.029,0,31.0,0,128.0,0,0.9928,0,3.41,0,0.36,0,11.3,0,8,1
6.6,0,0.28,0,0.23,0,10.4,0,0.049,0,45.0,0,190.0,0,0.99754,0,3.12,0,0.51,0,8.8,0,5,0
6.8,0,0.28,0,0.44,0,11.5,0,0.04,0,58.0,0,223.0,0,0.9969,0,3.22,0,0.56,0,9.5,0,5,0
6.5,0,0.24,0,0.36,0,2.2,0,0.027,0,36.0,0,134.0,0,0.9898,0,3.28,0,0.36,0,12.5,0,7,0
6.6,0,0.27,0,0.31,0,5.3,0,0.137,1,35.0,0,163.0,0,0.9951,0,3.2,0,0.38,0,9.3,0,5,0
6.9,0,0.115,0,0.35,0,5.4,0,0.048,0,36.0,0,108.0,0,0.9939,0,3.32,0,0.42,0,10.2,0,6,0
7.4,0,0.38,0,0.34,0,8.3,0,0.052,0,44.0,0,168.0,0,0.99627,0,3.11,0,0.52,0,9.2,0,5,0
8.7,0,0.24,0,0.35,0,0.6,0,0.042,0,11.0,0,71.0,0,0.9926,0,3.08,0,0.38,0,10.6,0,5,0
8.0,0,0.29,0,0.29,0,13.2,0,0.046,0,26.0,0,113.0,0,0.9983,0,3.25,0,0.37,0,9.7,0,6,0
7.0,0,0.15,0,0.28,0,14.7,0,0.051,0,29.0,0,149.0,0,0.99792,0,2.96,0,0.39,0,9.0,0,7,0
6.4,0,0.26,0,0.4,0,1.7,0,0.179,1,5.0,0,60.0,0,0.9925,0,3.09,0,0.54,0,10.1,0,5,0
7.1,0,0.18,0,0.26,0,1.3,0,0.041,0,20.0,0,71.0,0,0.9926,0,3.04,0,0.74,0,9.9,0,6,0
7.3,0,0.17,0,0.23,0,6.3,0,0.051,0,35.0,0,240.0,0,0.9963,0,3.36,0,0.54,0,10.0,0,6,0
7.8,0,0.26,0,0.49,0,3.1,0,0.045,0,21.0,0,116.0,0,0.9931,0,3.16,0,0.35,0,10.3,0,5,0
6.2,0,0.26,0,0.29,0,2.0,0,0.036,0,16.0,0,87.0,0,0.99081,0,3.33,0,0.61,0,11.8,0,6,0
6.3,0,0.495,0,0.22,0,1.8,0,0.046,0,31.0,0,140.0,0,0.9929,0,3.39,0,0.54,0,10.4,0,6,0
6.6,0,0.33,0,0.31,0,1.3,0,0.02,0,29.0,0,89.0,0,0.99035,0,3.26,0,0.44,0,12.4,0,8,1
6.6,0,0.24,0,0.22,0,12.3,0,0.051,0,35.0,0,146.0,0,0.99676,0,3.1,0,0.67,0,9.4,0,5,0
9.3,1,0.34,0,0.49,0,7.3,0,0.052,0,30.0,0,146.0,0,0.998,0,3.17,0,0.61,0,10.2,0,5,0
7.3,0,0.32,0,0.35,0,1.4,0,0.05,0,8.0,0,163.0,0,0.99244,0,3.24,0,0.42,0,10.7,0,5,0
6.6,0,0.22,0,0.37,0,15.4,0,0.035,0,62.0,0,153.0,0,0.99845,0,3.02,0,0.4,0,9.3,0,5,0
6.3,0,0.26,0,0.42,0,7.1,0,0.045,0,62.0,0,209.0,0,0.99544,0,3.2,0,0.53,0,9.5,0,6,0
7.0,0,0.31,0,0.31,0,9.1,0,0.036,0,45.0,0,140.0,0,0.99216,0,2.98,0,0.31,0,12.0,0,7,0
7.0,0,0.14,0,0.4,0,1.7,0,0.035,0,16.0,0,85.0,0,0.9911,0,3.19,0,0.42,0,11.8,0,6,0
6.3,0,0.26,0,0.25,0,7.8,0,0.058,0,44.0,0,166.0,0,0.9961,0,3.24,0,0.41,0,9.0,0,5,0
7.2,0,0.23,0,0.32,0,8.5,0,0.058,0,47.0,0,186.0,0,0.9956,0,3.19,0,0.4,0,9.9,0,6,0
6.8,0,0.32,0,0.21,0,2.2,0,0.044,0,15.0,0,68.0,0,0.9932,0,3.17,0,0.39,0,9.4,0,6,0
8.1,0,0.28,0,0.4,0,6.9,0,0.05,0,30.0,0,97.0,0,0.9951,0,3.26,0,0.44,0,10.1,0,6,0
8.6,0,0.18,0,0.4,0,1.1,0,0.04,0,20.0,0,107.0,0,0.9923,0,2.94,0,0.32,0,10.2,0,7,0
8.2,0,0.52,1,0.34,0,1.2,0,0.042,0,18.0,0,167.0,0,0.99366,0,3.24,0,0.39,0,10.6,0,5,0
6.7,0,0.26,0,0.26,0,4.1,0,0.073,1,36.0,0,202.0,0,0.9956,0,3.3,0,0.67,0,9.5,0,5,0
6.9,0,0.13,0,0.28,0,13.3,0,0.05,0,47.0,0,132.0,0,0.99655,0,3.34,0,0.42,0,10.1,0,6,0
7.1,0,0.21,0,0.37,0,2.4,0,0.026,0,23.0,0,100.0,0,0.9903,0,3.15,0,0.38,0,11.4,0,7,0
7.5,0,0.14,0,0.34,0,1.3,0,0.055,0,50.0,0,153.0,0,0.9945,0,3.29,0,0.8,1,9.6,0,6,0
6.7,0,0.48,0,0.32,0,1.4,0,0.021,0,22.0,0,121.0,0,0.9889,0,3.15,0,0.53,0,12.7,0,7,0
6.1,0,0.22,0,0.46,0,1.8,0,0.16,1,34.0,0,74.0,0,0.9884,0,3.19,0,0.33,0,13.4,0,6,0
6.5,0,0.19,0,0.27,0,4.9,0,0.037,0,13.0,0,101.0,0,0.9916,0,3.17,0,0.41,0,11.8,0,6,0
6.6,0,0.29,0,0.29,0,1.8,0,0.036,0,38.0,0,102.0,0,0.98819,0,3.08,0,0.42,0,13.7,0,7,0
6.3,0,0.29,0,0.28,0,4.7,0,0.059,0,28.0,0,81.0,0,0.99036,0,3.24,0,0.56,0,12.7,0,8,1
5.7,0,0.255,0,0.65,1,1.2,0,0.079,1,17.0,0,137.0,0,0.99307,0,3.2,0,0.42,0,9.4,0,5,0
7.1,0,0.26,0,0.49,0,2.2,0,0.032,0,31.0,0,113.0,0,0.9903,0,3.37,0,0.42,0,12.9,0,9,1
5.3,0,0.31,0,0.38,0,10.5,0,0.031,0,53.0,0,140.0,0,0.99321,0,3.34,0,0.46,0,11.7,0,6,0
6.9,0,0.3,0,0.21,0,7.2,0,0.045,0,54.0,0,190.0,0,0.99595,0,3.22,0,0.48,0,9.4,0,5,0
7.8,0,0.25,0,0.34,0,13.7,0,0.044,0,66.0,0,184.0,0,0.99976,0,3.22,0,0.75,0,8.9,0,5,0
5.9,0,0.29,0,0.16,0,7.9,0,0.044,0,48.0,0,197.0,0,0.99512,0,3.21,0,0.36,0,9.4,0,5,0
9.6,1,0.25,0,0.54,0,1.3,0,0.04,0,16.0,0,160.0,0,0.9938,0,2.94,0,0.43,0,10.5,0,5,0
6.7,0,0.47,0,0.29,0,4.75,0,0.034,0,29.0,0,134.0,0,0.99056,0,3.29,0,0.46,0,13.0,0,7,0
7.9,0,0.21,0,0.39,0,2.0,0,0.057,0,21.0,0,138.0,0,0.99176,0,3.05,0,0.52,0,10.9,0,5,0
7.0,0,0.23,0,0.35,0,1.4,0,0.036,0,31.0,0,113.0,0,0.9912,0,3.16,0,0.48,0,10.8,0,7,0
6.5,0,0.18,0,0.29,0,1.7,0,0.035,0,39.0,0,144.0,0,0.9927,0,3.49,0,0.5,0,10.5,0,6,0
6.8,0,0.27,0,0.35,0,7.8,0,0.048,0,76.0,0,197.0,0,0.9959,0,3.24,0,0.43,0,9.5,0,6,0
7.7,0,0.38,0,0.23,0,10.8,0,0.03,0,28.0,0,95.0,0,0.99164,0,2.93,0,0.41,0,13.6,0,6,0
8.0,0,0.3,0,0.28,0,5.7,0,0.044,0,31.0,0,124.0,0,0.9948,0,3.16,0,0.51,0,10.2,0,6,0
6.8,0,0.32,0,0.28,0,4.8,0,0.034,0,25.0,0,100.0,0,0.99026,0,3.08,0,0.47,0,12.4,0,7,0
6.4,0,0.3,0,0.27,0,4.4,0,0.055,0,17.0,0,135.0,0,0.9925,0,3.23,0,0.44,0,12.2,0,6,0
8.8,0,0.24,0,0.23,0,10.3,0,0.032,0,12.0,0,97.0,0,0.99571,0,3.13,0,0.4,0,10.7,0,6,0
6.4,0,0.25,0,0.57,1,1.0,0,0.062,0,21.0,0,122.0,0,0.99238,0,3.0,0,0.4,0,9.5,0,5,0
8.0,0,0.34,0,0.49,0,9.0,0,0.033,0,39.0,0,180.0,0,0.9936,0,3.13,0,0.38,0,12.3,0,8,1
7.4,0,0.18,0,0.27,0,1.3,0,0.048,0,26.0,0,105.0,0,0.994,0,3.52,0,0.66,0,10.6,0,6,0
7.5,0,0.14,0,0.34,0,1.3,0,0.055,0,50.0,0,153.0,0,0.9945,0,3.29,0,0.8,1,9.6,0,6,0
8.1,0,0.36,0,0.59,1,13.6,0,0.051,0,60.0,0,134.0,0,0.99886,0,2.96,0,0.39,0,8.7,0,5,0
8.2,0,0.27,0,0.39,0,7.8,0,0.039,0,49.0,0,208.0,0,0.9976,0,3.31,0,0.51,0,9.5,0,6,0
6.4,0,0.26,0,0.24,0,6.4,0,0.04,0,27.0,0,124.0,0,0.9903,0,3.22,0,0.49,0,12.6,0,7,0
5.6,0,0.41,0,0.24,0,1.9,0,0.034,0,10.0,0,53.0,0,0.98815,0,3.32,0,0.5,0,13.5,0,7,0
6.6,0,0.2,0,0.14,0,4.4,0,0.184,1,35.0,0,168.0,0,0.99396,0,2.93,0,0.45,0,9.4,0,6,0
6.6,0,0.17,0,0.28,0,1.1,0,0.034,0,55.0,0,108.0,0,0.98939,0,3.0,0,0.52,0,11.9,0,7,0
6.7,0,0.19,0,0.36,0,1.1,0,0.026,0,63.0,0,143.0,0,0.9912,0,3.27,0,0.48,0,11.0,0,6,0
7.5,0,0.38,0,0.33,0,5.0,0,0.045,0,30.0,0,131.0,0,0.9942,0,3.32,0,0.44,0,10.9,0,6,0
6.8,0,0.28,0,0.37,0,7.0,0,0.057,0,35.0,0,208.0,0,0.9973,0,3.57,1,0.55,0,10.2,0,5,0
6.6,0,0.38,0,0.28,0,2.8,0,0.043,0,17.0,0,67.0,0,0.98924,0,3.21,0,0.47,0,13.2,0,6,0
6.6,0,0.24,0,0.22,0,12.3,0,0.051,0,35.0,0,146.0,0,0.99676,0,3.1,0,0.67,0,9.4,0,5,0
7.6,0,0.18,0,0.36,0,2.4,0,0.049,0,38.0,0,123.0,0,0.996,0,3.6,1,0.46,0,10.3,0,5,0
5.8,0,0.31,0,0.32,0,4.5,0,0.024,0,28.0,0,94.0,0,0.98906,0,3.25,0,0.52,0,13.7,0,7,0
6.9,0,0.52,1,0.54,0,7.9,0,0.036,0,23.0,0,169.0,0,0.99267,0,3.26,0,0.47,0,12.2,0,6,0
6.8,0,0.18,0,0.24,0,9.8,0,0.058,0,64.0,0,188.0,0,0.9952,0,3.13,0,0.51,0,10.6,0,6,0
6.5,0,0.315,0,0.2,0,6.6,0,0.041,0,9.0,0,126.0,0,0.99494,0,2.94,0,0.51,0,8.8,0,5,0
6.8,0,0.35,0,0.53,0,10.1,0,0.053,0,37.0,0,151.0,0,0.9963,0,3.07,0,0.4,0,9.4,0,5,0
7.0,0,0.24,0,0.34,0,1.4,0,0.031,0,27.0,0,107.0,0,0.99,0,3.06,0,0.39,0,11.9,0,6,0
6.4,0,0.22,0,0.49,0,7.5,0,0.054,0,42.0,0,151.0,0,0.9948,0,3.27,0,0.52,0,10.1,0,6,0
6.8,0,0.16,0,0.4,0,2.3,0,0.037,0,18.0,0,102.0,0,0.9923,0,3.49,0,0.42,0,11.4,0,7,0
6.8,0,0.21,0,0.31,0,2.9,0,0.046,0,40.0,0,121.0,0,0.9913,0,3.07,0,0.65,0,10.9,0,7,0
6.0,0,0.28,0,0.22,0,12.15,0,0.048,0,42.0,0,163.0,0,0.9957,0,3.2,0,0.46,0,10.1,0,5,0
6.6,0,0.44,0,0.32,0,3.0,0,0.095,1,13.0,0,75.0,0,0.98954,0,3.1,0,0.63,0,12.8,0,6,0
5.9,0,0.32,0,0.39,0,3.3,0,0.114,1,24.0,0,140.0,0,0.9934,0,3.09,0,0.45,0,9.2,0,6,0
6.9,0,0.25,0,0.35,0,1.3,0,0.039,0,29.0,0,191.0,0,0.9908,0,3.13,0,0.52,0,11.0,0,6,0
5.6,0,0.35,0,0.14,0,5.0,0,0.046,0,48.0,0,198.0,0,0.9937,0,3.3,0,0.71,0,10.3,0,5,0
6.1,0,0.41,0,0.0,1,1.6,0,0.063,0,36.0,0,87.0,0,0.9914,0,3.27,0,0.67,0,10.8,0,6,0
6.9,0,0.16,0,0.37,0,1.8,0,0.034,0,36.0,0,95.0,0,0.98952,0,2.93,0,0.59,0,12.0,0,6,0
8.0,0,0.22,0,0.42,0,14.6,0,0.044,0,45.0,0,163.0,0,1.0003,0,3.21,0,0.69,0,8.6,0,7,0
7.3,0,0.29,0,0.29,0,4.6,0,0.029,0,27.0,0,155.0,0,0.9931,0,3.07,0,0.26,0,10.6,0,6,0
6.4,0,0.24,0,0.23,0,2.0,0,0.046,0,30.0,0,133.0,0,0.9908,0,3.12,0,0.54,0,11.4,0,7,0
6.1,0,0.25,0,0.28,0,10.0,0,0.055,0,56.0,0,131.0,0,0.994,0,3.22,0,0.35,0,10.9,0,6,0
5.9,0,0.32,0,0.33,0,2.1,0,0.027,0,35.0,0,138.0,0,0.98945,0,3.37,0,0.42,0,12.7,0,6,0
6.7,0,0.24,0,0.31,0,2.3,0,0.044,0,37.0,0,113.0,0,0.99013,0,3.29,0,0.46,0,12.9,0,6,0
6.6,0,0.41,0,0.24,0,4.9,0,0.158,1,47.0,0,144.0,0,0.99471,0,3.17,0,0.49,0,9.4,0,5,0
6.5,0,0.36,0,0.31,0,4.1,0,0.061,0,20.0,0,134.0,0,0.99475,0,3.18,0,0.45,0,9.0,0,6,0
6.9,0,0.28,0,0.31,0,7.2,0,0.04,0,47.0,0,168.0,0,0.9946,0,3.29,0,0.57,0,10.6,0,7,0
7.4,0,0.23,0,0.25,0,1.4,0,0.049,0,43.0,0,141.0,0,0.9934,0,3.42,0,0.54,0,10.2,0,7,0
7.6,0,0.2,0,0.31,0,1.4,0,0.047,0,41.0,0,142.0,0,0.9934,0,3.43,0,0.53,0,10.1,0,6,0
6.0,0,0.29,0,0.27,0,2.3,0,0.044,0,20.0,0,117.0,0,0.9895,0,3.31,0,0.41,0,12.7,0,7,0
6.5,0,0.23,0,0.39,0,1.9,0,0.036,0,41.0,0,98.0,0,0.99,0,3.19,0,0.43,0,11.9,0,7,0
6.4,0,0.17,0,0.34,0,1.5,0,0.093,1,43.0,0,136.0,0,0.9938,0,3.25,0,0.49,0,9.6,0,6,0
5.8,0,0.36,0,0.32,0,1.7,0,0.033,0,22.0,0,96.0,0,0.9898,0,3.03,0,0.38,0,11.2,0,6,0
7.0,0,0.34,0,0.1,1,3.5,0,0.044,0,17.0,0,63.0,0,0.9937,0,3.01,0,0.39,0,9.2,0,5,0
5.6,0,0.18,0,0.27,0,1.7,0,0.03,0,31.0,0,103.0,0,0.98892,0,3.35,0,0.37,0,12.9,0,6,0
6.3,0,0.34,0,0.52,0,6.3,0,0.047,0,63.0,0,186.0,0,0.99481,0,3.18,0,0.44,0,9.6,0,5,0
6.3,0,0.41,0,0.3,0,3.2,0,0.03,0,49.0,0,164.0,0,0.9927,0,3.53,0,0.79,1,11.7,0,7,0
6.6,0,0.28,0,0.36,0,1.7,0,0.038,0,22.0,0,101.0,0,0.9912,0,3.29,0,0.57,0,11.6,0,6,0
5.3,0,0.33,0,0.3,0,1.2,0,0.048,0,25.0,0,119.0,0,0.99045,0,3.32,0,0.62,0,11.3,0,6,0
6.8,0,0.22,0,0.37,0,1.7,0,0.036,0,38.0,0,195.0,0,0.9908,0,3.35,0,0.72,0,12.5,0,6,0
6.0,0,0.33,0,0.26,0,5.1,0,0.051,0,16.0,0,119.0,0,0.99416,0,3.15,0,0.41,0,9.2,0,5,0
7.3,0,0.24,0,0.41,0,13.6,0,0.05,0,41.0,0,178.0,0,0.9988,0,3.37,0,0.43,0,9.7,0,5,0
8.1,0,0.24,0,0.32,0,10.5,0,0.03,0,34.0,0,105.0,0,0.99407,0,3.11,0,0.42,0,11.8,0,6,0
7.0,0,0.24,0,0.36,0,2.8,0,0.034,0,22.0,0,112.0,0,0.99,0,3.19,0,0.38,0,12.6,0,8,1
5.8,0,0.23,0,0.27,0,1.8,0,0.043,0,24.0,0,69.0,0,0.9933,0,3.38,0,0.31,0,9.4,0,6,0
5.1,0,0.29,0,0.28,0,8.3,0,0.026,0,27.0,0,107.0,0,0.99308,0,3.36,0,0.37,0,11.0,0,6,0
6.8,0,0.18,0,0.28,0,8.5,0,0.047,0,52.0,0,242.0,0,0.9952,0,3.22,0,0.53,0,10.5,0,6,0
5.5,0,0.16,0,0.26,0,1.5,0,0.032,0,35.0,0,100.0,0,0.99076,0,3.43,0,0.77,1,12.0,0,6,0
6.9,0,0.18,0,0.38,0,8.1,0,0.049,0,44.0,0,176.0,0,0.9958,0,3.3,0,0.54,0,9.8,0,6,0
6.0,0,0.28,0,0.35,0,1.9,0,0.037,0,16.0,0,120.0,0,0.9933,0,3.16,0,0.69,0,10.6,0,5,0
7.4,0,0.16,0,0.27,0,15.5,0,0.05,0,25.0,0,135.0,0,0.9984,0,2.9,0,0.43,0,8.7,0,7,0
6.7,0,0.26,0,0.49,0,8.1,0,0.052,0,48.0,0,197.0,0,0.99558,0,3.19,0,0.48,0,9.5,0,5,0
6.6,0,0.23,0,0.32,0,1.5,0,0.041,0,8.0,0,72.0,0,0.98949,0,3.22,0,0.39,0,12.7,0,6,0
5.1,0,0.35,0,0.26,0,6.8,0,0.034,0,36.0,0,120.0,0,0.99188,0,3.38,0,0.4,0,11.5,0,6,0
6.3,0,0.21,0,0.29,0,11.7,0,0.048,0,49.0,0,147.0,0,0.99482,0,3.22,0,0.38,0,10.8,0,5,0
7.0,0,0.31,0,0.35,0,1.6,0,0.063,0,13.0,0,119.0,0,0.99184,0,3.22,0,0.5,0,10.7,0,5,0
5.8,0,0.19,0,0.25,0,10.8,0,0.042,0,33.0,0,124.0,0,0.99646,0,3.22,0,0.41,0,9.2,0,6,0
7.4,0,0.25,0,0.28,0,7.25,0,0.028,0,14.0,0,78.0,0,0.99238,0,2.94,0,0.37,0,11.5,0,7,0
6.6,0,0.17,0,0.3,0,1.1,0,0.031,0,13.0,0,73.0,0,0.99095,0,3.17,0,0.58,0,11.0,0,6,0
6.7,0,0.16,0,0.36,0,2.0,0,0.045,0,24.0,0,131.0,0,0.99284,0,3.3,0,0.59,0,10.5,0,6,0
7.1,0,0.37,0,0.67,1,10.5,0,0.045,0,49.0,0,155.0,0,0.9975,0,3.16,0,0.44,0,8.7,0,5,0
8.0,0,0.36,0,0.43,0,10.1,0,0.053,0,29.0,0,146.0,0,0.9982,0,3.4,0,0.46,0,9.5,0,6,0
5.9,0,0.5,0,0.05,1,2.6,0,0.054,0,36.0,0,146.0,0,0.9948,0,3.43,0,0.5,0,9.2,0,6,0
5.6,0,0.41,0,0.22,0,7.1,0,0.05,0,44.0,0,154.0,0,0.9931,0,3.3,0,0.4,0,10.5,0,5,0
5.5,0,0.315,0,0.38,0,2.6,0,0.033,0,10.0,0,69.0,0,0.9909,0,3.12,0,0.59,0,10.8,0,6,0
6.0,0,0.31,0,0.27,0,2.3,0,0.042,0,19.0,0,120.0,0,0.98952,0,3.32,0,0.41,0,12.7,0,7,0
6.8,0,0.15,0,0.32,0,8.8,0,0.058,0,24.0,0,110.0,0,0.9972,0,3.4,0,0.4,0,8.8,0,6,0
9.0,1,0.55,1,0.3,0,8.1,0,0.026,0,14.0,0,71.0,0,0.993,0,2.94,0,0.36,0,11.8,0,5,0
6.2,0,0.26,0,0.37,0,7.1,0,0.047,0,54.0,0,201.0,0,0.99523,0,3.19,0,0.48,0,9.5,0,6,0
6.8,0,0.35,0,0.32,0,2.4,0,0.048,0,35.0,0,103.0,0,0.9911,0,3.28,0,0.46,0,12.0,0,8,1
8.4,0,0.19,0,0.43,0,2.1,0,0.052,0,20.0,0,104.0,0,0.994,0,2.85,0,0.46,0,9.5,0,5,0
7.0,0,0.24,0,0.34,0,3.0,0,0.035,0,36.0,0,102.0,0,0.9905,0,3.18,0,0.43,0,12.2,0,6,0
6.9,0,0.26,0,0.33,0,12.6,0,0.051,0,59.0,0,173.0,0,0.998,0,3.39,0,0.38,0,9.9,0,5,0
6.3,0,0.22,0,0.27,0,4.5,0,0.036,0,81.0,1,157.0,0,0.9928,0,3.05,0,0.76,0,10.7,0,7,0
5.6,0,0.245,0,0.32,0,1.1,0,0.047,0,24.0,0,152.0,0,0.9927,0,3.12,0,0.42,0,9.3,0,6,0
6.6,0,0.38,0,0.36,0,9.2,0,0.061,0,42.0,0,214.0,0,0.9976,0,3.31,0,0.56,0,9.4,0,5,0
5.9,0,0.19,0,0.21,0,1.7,0,0.045,0,57.0,0,135.0,0,0.99341,0,3.32,0,0.44,0,9.5,0,5,0
6.7,0,0.19,0,0.39,0,1.0,0,0.032,0,14.0,0,71.0,0,0.98912,0,3.31,0,0.38,0,13.0,0,7,0
8.7,0,0.49,0,0.57,1,17.8,0,0.052,0,34.0,0,243.0,0,1.0007,0,2.98,0,0.82,1,9.0,0,5,0
6.3,0,0.33,0,0.42,0,17.2,0,0.037,0,57.0,0,170.0,0,0.99884,0,3.26,0,0.57,0,9.4,0,6,0
6.7,0,0.21,0,0.32,0,5.4,0,0.047,0,29.0,0,140.0,0,0.995,0,3.39,0,0.46,0,9.7,0,6,0
7.2,0,0.23,0,0.38,0,14.3,0,0.058,0,55.0,0,194.0,0,0.9979,0,3.09,0,0.44,0,9.0,0,6,0
7.8,0,0.26,0,0.44,0,1.3,0,0.037,0,43.0,0,132.0,0,0.9944,0,3.18,0,0.65,0,10.0,0,5,0
7.6,0,0.2,0,0.3,0,14.2,0,0.056,0,53.0,0,212.5,0,0.999,0,3.14,0,0.46,0,8.9,0,8,1
7.2,0,0.58,1,0.27,0,5.8,0,0.032,0,40.0,0,118.0,0,0.99088,0,3.17,0,0.53,0,13.0,0,7,0
6.8,0,0.12,0,0.31,0,5.2,0,0.045,0,29.0,0,120.0,0,0.9942,0,3.41,0,0.46,0,9.8,0,7,0
7.0,0,0.35,0,0.31,0,1.8,0,0.069,0,15.0,0,162.0,0,0.9944,0,3.18,0,0.47,0,9.4,0,5,0
6.7,0,0.31,0,0.3,0,2.1,0,0.038,0,18.0,0,130.0,0,0.9928,0,3.36,0,0.63,0,10.6,0,6,0
6.1,0,0.41,0,0.14,0,10.4,0,0.037,0,18.0,0,119.0,0,0.996,0,3.38,0,0.45,0,10.0,0,5,0
8.5,0,0.17,0,0.49,0,8.8,0,0.048,0,23.0,0,108.0,0,0.9947,0,2.88,0,0.34,0,10.5,0,4,0
6.1,0,0.3,0,0.3,0,2.1,0,0.031,0,50.0,0,163.0,0,0.9895,0,3.39,0,0.43,0,12.7,0,7,0
7.5,0,0.42,0,0.14,0,10.7,0,0.046,0,18.0,0,95.0,0,0.9959,0,3.22,0,0.33,0,10.7,0,5,0
7.3,0,0.19,0,0.24,0,6.3,0,0.054,0,34.0,0,231.0,0,0.9964,0,3.36,0,0.54,0,10.0,0,6,0
7.7,0,0.42,0,0.31,0,9.2,0,0.048,0,22.0,0,221.0,0,0.9969,0,3.06,0,0.61,0,9.2,0,6,0
6.3,0,0.15,0,0.34,0,11.4,0,0.05,0,25.0,0,96.0,0,0.99754,0,3.21,0,0.49,0,10.0,0,6,0
6.8,0,0.33,0,0.44,0,7.0,0,0.05,0,29.0,0,155.0,0,0.9955,0,3.14,0,0.42,0,9.5,0,5,0
5.8,0,0.19,0,0.33,0,4.2,0,0.038,0,49.0,0,133.0,0,0.99107,0,3.16,0,0.42,0,11.3,0,7,0
7.5,0,0.18,0,0.31,0,6.5,0,0.029,0,53.0,0,160.0,0,0.99276,0,3.03,0,0.38,0,10.9,0,6,0
6.5,0,0.29,0,0.3,0,9.15,0,0.051,0,25.0,0,166.0,0,0.99339,0,3.24,0,0.56,0,11.3333333333333,0,6,0
8.5,0,0.17,0,0.74,1,3.6,0,0.05,0,29.0,0,128.0,0,0.9928,0,3.28,0,0.4,0,12.4,0,6,0
7.9,0,0.18,0,0.33,0,1.2,0,0.033,0,20.0,0,72.0,0,0.9922,0,3.12,0,0.38,0,10.5,0,7,0
8.6,0,0.33,0,0.34,0,11.8,0,0.059,0,42.0,0,240.0,0,0.99882,0,3.17,0,0.52,0,10.0,0,6,0
6.8,0,0.31,0,0.09,1,1.4,0,0.04,0,56.0,0,145.0,0,0.9922,0,3.19,0,0.46,0,10.0,0,5,0
6.8,0,0.22,0,0.31,0,6.3,0,0.035,0,33.0,0,170.0,0,0.9918,0,3.24,0,0.66,0,12.6,0,6,0
6.0,0,0.36,0,0.39,0,3.2,0,0.027,0,20.0,0,125.0,0,0.991,0,3.38,0,0.39,0,11.3,0,7,0
6.3,0,0.29,0,0.29,0,3.3,0,0.037,0,32.0,0,140.0,0,0.9895,0,3.17,0,0.36,0,12.8,0,7,0
7.0,0,0.22,0,0.33,0,2.1,0,0.052,0,15.0,0,76.0,0,0.993,0,3.2,0,0.41,0,10.6,0,6,0
7.4,0,0.19,0,0.49,0,6.7,0,0.037,0,15.0,0,110.0,0,0.9938,0,3.2,0,0.38,0,11.0,0,7,0
6.8,0,0.2,0,0.25,0,6.2,0,0.052,0,22.0,0,106.0,0,0.9935,0,3.09,0,0.54,0,10.8,0,5,0
8.6,0,0.22,0,0.33,0,1.2,0,0.031,0,38.0,0,95.0,0,0.99239,0,2.83,0,0.31,0,10.3,0,5,0
7.4,0,0.16,0,0.3,0,13.7,0,0.056,0,33.0,0,168.0,0,0.99825,0,2.9,0,0.44,0,8.7,0,7,0
6.5,0,0.19,0,0.3,0,0.8,0,0.043,0,33.0,0,144.0,0,0.9936,0,3.42,0,0.39,0,9.1,0,6,0
7.1,0,0.18,0,0.32,0,12.2,0,0.048,0,36.0,0,125.0,0,0.9967,0,2.92,0,0.54,0,9.4,0,6,0
5.6,0,0.19,0,0.27,0,0.9,0,0.04,0,52.0,0,103.0,0,0.99026,0,3.5,0,0.39,0,11.2,0,5,0
6.5,0,0.32,0,0.12,0,11.5,0,0.033,0,35.0,0,165.0,0,0.9974,0,3.22,0,0.32,0,9.0,0,5,0
6.1,0,0.27,0,0.32,0,1.1,0,0.034,0,24.0,0,110.0,0,0.9898,0,3.36,0,0.4,0,12.5,0,6,0
6.9,0,0.24,0,0.33,0,12.5,0,0.046,0,47.0,0,153.0,0,0.9983,0,3.28,0,0.77,1,9.6,0,6,0
6.7,0,0.15,0,0.38,0,1.7,0,0.037,0,20.0,0,84.0,0,0.99046,0,3.09,0,0.53,0,11.4,0,6,0
8.1,0,0.22,0,0.43,0,1.5,0,0.044,0,28.0,0,129.0,0,0.9938,0,3.22,0,0.45,0,11.0,0,6,0
6.0,0,0.45,0,0.42,0,1.1,0,0.051,0,61.0,0,197.0,0,0.9932,0,3.02,0,0.4,0,9.0,0,5,0
6.5,0,0.34,0,0.36,0,11.0,0,0.052,0,53.0,0,247.0,0,0.9984,0,3.44,0,0.55,0,9.3,0,6,0
6.7,0,0.26,0,0.39,0,1.1,0,0.04,0,45.0,0,147.0,0,0.9935,0,3.32,0,0.58,0,9.6,0,8,1
6.2,0,0.22,0,0.28,0,2.2,0,0.04,0,24.0,0,125.0,0,0.9917,0,3.19,0,0.48,0,10.5,0,6,0
9.0,1,0.3,0,0.49,0,7.2,0,0.039,0,32.0,0,84.0,0,0.9938,0,2.94,0,0.32,0,11.5,0,6,0
8.1,0,0.12,0,0.38,0,0.9,0,0.034,0,36.0,0,86.0,0,0.99026,0,2.8,1,0.55,0,12.0,0,6,0
7.9,0,0.28,0,0.41,0,2.0,0,0.044,0,50.0,0,152.0,0,0.9934,0,3.45,0,0.49,0,10.7,0,8,1
5.8,0,0.22,0,0.25,0,1.5,0,0.024,0,21.0,0,109.0,0,0.99234,0,3.37,0,0.58,0,10.4,0,6,0
6.6,0,0.26,0,0.25,0,11.6,0,0.045,0,45.0,0,178.0,0,0.99691,0,3.33,0,0.43,0,9.8,0,6,0
6.5,0,0.33,0,0.28,0,6.1,0,0.018,0,41.0,0,103.0,0,0.99122,0,3.24,0,0.32,0,12.2,0,6,0
5.9,0,0.65,1,0.23,0,5.0,0,0.035,0,20.0,0,128.0,0,0.99016,0,3.46,0,0.48,0,12.8,0,6,0
6.7,0,0.2,0,0.37,0,1.65,0,0.025,0,42.0,0,103.0,0,0.99022,0,3.11,0,0.45,0,11.4,0,5,0
6.8,0,0.25,0,0.24,0,4.55,0,0.053,0,41.0,0,211.0,0,0.9955,0,3.37,0,0.67,0,9.5,0,6,0
6.7,0,0.44,0,0.22,0,4.3,0,0.032,0,19.0,0,99.0,0,0.99015,0,3.26,0,0.53,0,12.8,0,7,0
7.1,0,0.27,0,0.27,0,10.4,0,0.041,0,26.0,0,114.0,0,0.99335,0,3.04,0,0.52,0,11.5,0,7,0
5.8,0,0.28,0,0.18,0,1.2,0,0.058,0,7.0,0,108.0,0,0.99288,0,3.23,0,0.58,0,9.55,0,4,0
6.8,0,0.32,0,0.18,0,7.5,0,0.041,0,71.0,0,223.0,0,0.9959,0,3.14,0,0.41,0,8.9,0,5,0
7.1,0,0.17,0,0.38,0,7.4,0,0.052,0,49.0,0,182.0,0,0.9958,0,3.35,0,0.52,0,9.6,0,6,0
7.2,0,0.32,0,0.3,0,8.25,0,0.02,0,14.0,0,104.0,0,0.99362,0,2.99,0,0.44,0,11.4,0,6,0
6.1,0,0.36,0,0.33,0,1.1,0,0.05,0,24.0,0,169.0,0,0.9927,0,3.15,0,0.78,1,9.5,0,6,0
6.6,0,0.45,0,0.43,0,7.2,0,0.064,0,31.0,0,186.0,0,0.9954,0,3.12,0,0.44,0,9.4,0,5,0
7.1,0,0.2,0,0.31,0,7.4,0,0.053,0,32.0,0,211.0,0,0.99587,0,3.31,0,0.59,0,10.4,0,6,0
6.7,0,0.18,0,0.3,0,6.4,0,0.048,0,40.0,0,251.0,0,0.9956,0,3.29,0,0.52,0,10.0,0,5,0
8.6,0,0.37,0,0.7,1,12.15,0,0.039,0,21.0,0,158.0,0,0.9983,0,3.0,0,0.73,0,9.3,0,6,0
6.5,0,0.23,0,0.36,0,16.3,0,0.038,0,43.0,0,133.0,0,0.99924,0,3.26,0,0.41,0,8.8,0,5,0
6.7,0,0.23,0,0.33,0,8.1,0,0.048,0,45.0,0,176.0,0,0.99472,0,3.11,0,0.52,0,10.1,0,6,0
8.7,0,0.3,0,0.34,0,4.8,0,0.018,0,23.0,0,127.0,0,0.99474,0,3.12,0,0.49,0,11.2,0,7,0
7.3,0,0.18,0,0.29,0,1.2,0,0.044,0,12.0,0,143.0,0,0.9918,0,3.2,0,0.48,0,11.3,0,7,0
7.4,0,0.25,0,0.28,0,7.25,0,0.028,0,14.0,0,78.0,0,0.99238,0,2.94,0,0.37,0,11.5,0,7,0
7.4,0,0.27,0,0.26,0,11.8,0,0.053,0,55.0,0,173.0,0,0.99699,0,3.11,0,0.6,0,9.8,0,5,0
6.6,0,0.18,0,0.28,0,1.7,0,0.041,0,53.0,0,161.0,0,0.99207,0,3.13,0,0.45,0,10.2,0,6,0
7.3,0,0.18,0,0.65,1,1.4,0,0.046,0,28.0,0,157.0,0,0.9946,0,3.33,0,0.62,0,9.4,0,6,0
6.3,0,0.21,0,0.31,0,1.2,0,0.043,0,30.0,0,117.0,0,0.99158,0,3.49,0,0.68,0,11.0,0,6,0
5.3,0,0.26,0,0.23,0,5.15,0,0.034,0,48.0,0,160.0,0,0.9952,0,3.82,1,0.51,0,10.5,0,7,0
5.4,0,0.205,0,0.16,0,12.55,0,0.051,0,31.0,0,115.0,0,0.99564,0,3.4,0,0.38,0,10.8,0,6,0
5.6,0,0.26,0,0.0,1,10.2,0,0.038,0,13.0,0,111.0,0,0.99315,0,3.44,0,0.46,0,12.4,0,6,0
8.0,0,0.34,0,0.25,0,6.4,0,0.035,0,38.0,0,103.0,0,0.99148,0,2.91,0,0.23,0,12.2,0,6,0
6.9,0,0.22,0,0.31,0,6.3,0,0.029,0,41.0,0,131.0,0,0.99326,0,3.08,0,0.49,0,10.8,0,6,0
6.9,0,0.35,0,0.39,0,2.4,0,0.048,0,25.0,0,157.0,0,0.99133,0,3.2,0,0.54,0,11.1,0,7,0
6.4,0,0.18,0,0.31,0,1.6,0,0.049,0,36.0,0,127.0,0,0.9934,0,3.6,1,0.67,0,10.4,0,7,0
6.8,0,0.27,0,0.3,0,13.0,0,0.047,0,69.0,0,160.0,0,0.99705,0,3.16,0,0.5,0,9.6,0,6,0
6.8,0,0.32,0,0.34,0,6.0,0,0.05,0,5.0,0,129.0,0,0.9953,0,3.19,0,0.4,0,9.1,0,5,0
6.6,0,0.24,0,0.27,0,15.8,0,0.035,0,46.0,0,188.0,0,0.9982,0,3.24,0,0.51,0,9.2,0,5,0
6.5,0,0.25,0,0.35,0,12.0,0,0.055,0,47.0,0,179.0,0,0.998,0,3.58,1,0.47,0,10.0,0,5,0
6.7,0,0.19,0,0.23,0,6.2,0,0.047,0,36.0,0,117.0,0,0.9945,0,3.34,0,0.43,0,9.6,0,6,0
6.0,0,0.28,0,0.29,0,19.3,0,0.051,0,36.0,0,174.0,0,0.99911,0,3.14,0,0.5,0,9.0,0,5,0
8.1,0,0.3,0,0.49,0,8.1,0,0.037,0,26.0,0,174.0,0,0.9943,0,3.1,0,0.3,0,11.2,0,7,0
9.7,1,0.24,0,0.45,0,1.2,0,0.033,0,11.0,0,59.0,0,0.9926,0,2.74,1,0.47,0,10.8,0,6,0
7.8,0,0.18,0,0.31,0,12.2,0,0.053,0,46.0,0,140.0,0,0.998,0,3.06,0,0.53,0,8.9,0,6,0
6.0,0,0.2,0,0.26,0,6.8,0,0.049,0,22.0,0,93.0,0,0.9928,0,3.15,0,0.42,0,11.0,0,6,0
7.0,0,0.28,0,0.33,0,14.6,0,0.043,0,47.0,0,168.0,0,0.9994,0,3.34,0,0.67,0,8.8,0,6,0
7.5,0,0.25,0,0.47,0,4.1,0,0.041,0,95.0,1,163.0,0,0.99184,0,2.92,0,0.59,0,11.3,0,6,0
7.4,0,0.32,0,0.55,1,16.6,0,0.056,0,53.0,0,238.0,0,1.0017,0,2.96,0,0.58,0,8.7,0,6,0
6.8,0,0.23,0,0.4,0,1.6,0,0.047,0,5.0,0,133.0,0,0.993,0,3.23,0,0.7,0,11.4,0,6,0
5.8,0,0.26,0,0.18,0,1.2,0,0.031,0,40.0,0,114.0,0,0.9908,0,3.42,0,0.4,0,11.0,0,7,0
6.4,0,0.41,0,0.24,0,14.0,0,0.048,0,24.0,0,113.0,0,0.9982,0,3.44,0,0.53,0,9.8,0,6,0
6.3,0,0.25,0,0.53,0,1.8,0,0.021,0,41.0,0,101.0,0,0.989315,0,3.19,0,0.31,0,13.0,0,6,0
6.7,0,0.31,0,0.09,1,1.4,0,0.039,0,53.0,0,141.0,0,0.99206,0,3.12,0,0.44,0,10.1,0,5,0
6.4,0,0.37,0,0.19,0,3.5,0,0.068,0,18.0,0,101.0,0,0.9934,0,3.03,0,0.38,0,9.0,0,6,0
5.7,0,0.22,0,0.29,0,3.5,0,0.04,0,27.0,0,146.0,0,0.98999,0,3.17,0,0.36,0,12.1,0,6,0
6.6,0,0.32,0,0.41,0,7.2,0,0.048,0,55.0,0,178.0,0,0.99537,0,3.2,0,0.46,0,9.4,0,5,0
6.8,0,0.27,0,0.28,0,7.8,0,0.038,0,26.0,0,89.0,0,0.9915,0,3.24,0,0.34,0,12.5,0,6,0
6.6,0,0.26,0,0.24,0,7.2,0,0.038,0,28.0,0,137.0,0,0.9952,0,3.35,0,0.6,0,10.4,0,6,0
6.4,0,0.31,0,0.39,0,7.5,0,0.04,0,57.0,0,213.0,0,0.99475,0,3.32,0,0.43,0,10.0,0,5,0
7.6,0,0.27,0,0.32,0,1.2,0,0.043,0,23.0,0,72.0,0,0.99236,0,3.06,0,0.68,0,10.5,0,5,0
7.1,0,0.26,0,0.3,0,2.0,0,0.031,0,13.0,0,128.0,0,0.9917,0,3.19,0,0.49,0,11.4,0,5,0
6.9,0,0.22,0,0.31,0,6.3,0,0.029,0,41.0,0,131.0,0,0.99326,0,3.08,0,0.49,0,10.8,0,6,0
6.6,0,0.36,0,0.21,0,1.5,0,0.049,0,39.0,0,184.0,0,0.9928,0,3.18,0,0.41,0,9.9,0,6,0
6.9,0,0.28,0,0.33,0,1.2,0,0.039,0,16.0,0,98.0,0,0.9904,0,3.07,0,0.39,0,11.7,0,6,0
5.9,0,0.33,0,0.32,0,8.1,0,0.038,0,9.0,0,34.0,0,0.9911,0,3.22,0,0.36,0,12.7,0,7,0
7.3,0,0.19,0,0.24,0,6.3,0,0.054,0,34.0,0,231.0,0,0.9964,0,3.36,0,0.54,0,10.0,0,6,0
7.6,0,0.33,0,0.36,0,2.1,0,0.034,0,26.0,0,172.0,0,0.9944,0,3.42,0,0.48,0,10.5,0,4,0
6.9,0,0.16,0,0.35,0,1.3,0,0.043,0,21.0,0,182.0,0,0.9927,0,3.25,0,0.62,0,10.8,0,6,0
6.9,0,0.26,0,0.29,0,4.2,0,0.043,0,33.0,0,114.0,0,0.9902,0,3.16,0,0.31,0,12.5,0,6,0
6.7,0,0.27,0,0.12,0,1.3,0,0.041,0,62.0,0,138.0,0,0.9921,0,3.21,0,0.42,0,10.0,0,6,0
7.6,0,0.32,0,0.34,0,18.35,0,0.054,0,44.0,0,197.0,0,1.0008,0,3.22,0,0.55,0,9.0,0,5,0
7.2,0,0.4,0,0.62,1,10.8,0,0.041,0,70.0,0,189.0,0,0.9976,0,3.08,0,0.49,0,8.6,0,4,0
7.3,0,0.3,0,0.25,0,2.5,0,0.045,0,32.0,0,122.0,0,0.99329,0,3.18,0,0.54,0,10.3,0,5,0
10.0,1,0.91,1,0.42,0,1.6,0,0.056,0,34.0,0,181.0,0,0.9968,0,3.11,0,0.46,0,10.0,0,4,0
7.3,0,0.18,0,0.29,0,1.2,0,0.044,0,12.0,0,143.0,0,0.9918,0,3.2,0,0.48,0,11.3,0,7,0
6.6,0,0.3,0,0.45,0,8.0,0,0.038,0,54.0,0,200.0,0,0.9956,0,3.18,0,0.48,0,9.5,0,5,0
6.9,0,0.3,0,0.29,0,1.3,0,0.053,0,24.0,0,189.0,0,0.99362,0,3.29,0,0.54,0,9.9,0,4,0
6.9,0,0.22,0,0.39,0,6.0,0,0.035,0,44.0,0,141.0,0,0.99123,0,3.11,0,0.33,0,12.5,0,6,0
7.1,0,0.18,0,0.74,1,15.6,0,0.044,0,44.0,0,176.0,0,0.9996,0,3.38,0,0.67,0,9.0,0,6,0
8.0,0,0.61,1,0.38,0,12.1,0,0.301,1,24.0,0,220.0,0,0.9993,0,2.94,0,0.48,0,9.2,0,5,0
7.2,0,0.19,0,0.27,0,11.2,0,0.061,0,46.0,0,149.0,0,0.99772,0,2.99,0,0.59,0,9.3,0,6,0
6.8,0,0.18,0,0.28,0,9.8,0,0.039,0,29.0,0,113.0,0,0.99406,0,3.11,0,0.45,0,10.9,0,7,0
6.9,0,0.25,0,0.26,0,5.2,0,0.024,0,36.0,0,135.0,0,0.9948,0,3.16,0,0.72,0,10.7,0,7,0
7.2,0,0.16,0,0.49,0,1.3,0,0.037,0,27.0,0,104.0,0,0.9924,0,3.23,0,0.57,0,10.6,0,6,0
5.6,0,0.12,0,0.33,0,2.9,0,0.044,0,21.0,0,73.0,0,0.98896,0,3.17,0,0.32,0,12.9,0,8,1
6.9,0,0.17,0,0.3,0,2.0,0,0.047,0,13.0,0,117.0,0,0.99152,0,3.16,0,0.51,0,11.6,0,6,0
6.2,0,0.27,0,0.18,0,1.5,0,0.028,0,20.0,0,111.0,0,0.99228,0,3.41,0,0.5,0,10.0,0,5,0
8.2,0,0.23,0,0.37,0,1.3,0,0.042,0,39.0,0,117.0,0,0.9928,0,2.99,0,0.36,0,10.0,0,5,0
6.4,0,0.24,0,0.26,0,8.2,0,0.054,0,47.0,0,182.0,0,0.99538,0,3.12,0,0.5,0,9.5,0,5,0
8.8,0,0.28,0,0.45,0,6.0,0,0.022,0,14.0,0,49.0,0,0.9934,0,3.01,0,0.33,0,11.1,0,7,0
7.8,0,0.3,0,0.29,0,16.85,0,0.054,0,23.0,0,135.0,0,0.9998,0,3.16,0,0.38,0,9.0,0,6,0
7.3,0,0.25,0,0.28,0,1.5,0,0.043,0,19.0,0,113.0,0,0.99338,0,3.38,0,0.56,0,10.1,0,6,0
7.0,0,0.2,0,0.31,0,8.0,0,0.05,0,29.0,0,213.0,0,0.99596,0,3.28,0,0.57,0,10.4,0,6,0
7.9,0,0.28,0,0.32,0,3.6,0,0.038,0,9.0,0,76.0,0,0.992,0,3.05,0,0.31,0,11.7,0,4,0
6.7,0,0.26,0,0.26,0,4.0,0,0.079,1,35.5,0,216.0,0,0.9956,0,3.31,0,0.68,0,9.5,0,5,0
6.5,0,0.18,0,0.41,0,14.2,0,0.039,0,47.0,0,129.0,0,0.99678,0,3.28,0,0.72,0,10.3,0,7,0
7.4,0,0.23,0,0.43,0,1.4,0,0.044,0,22.0,0,113.0,0,0.9938,0,3.22,0,0.62,0,10.6,0,6,0
6.6,0,0.16,0,0.34,0,1.1,0,0.037,0,41.0,0,115.0,0,0.9899,0,3.01,0,0.68,0,12.0,0,6,0
6.5,0,0.26,0,0.39,0,1.4,0,0.02,0,12.0,0,66.0,0,0.99089,0,3.25,0,0.75,0,11.3,0,7,0
7.0,0,0.12,0,0.29,0,10.3,0,0.039,0,41.0,0,98.0,0,0.99564,0,3.19,0,0.38,0,9.8,0,8,1
6.6,0,0.39,0,0.39,0,11.9,0,0.057,0,51.0,0,221.0,0,0.99851,0,3.26,0,0.51,0,8.9,0,6,0
8.5,0,0.21,0,0.41,0,4.3,0,0.036,0,24.0,0,99.0,0,0.9947,0,3.18,0,0.53,0,9.7,0,6,0
7.3,0,0.23,0,0.27,0,2.6,0,0.035,0,39.0,0,120.0,0,0.99138,0,3.04,0,0.59,0,11.3,0,7,0
7.1,0,0.2,0,0.31,0,6.85,0,0.053,0,32.0,0,211.0,0,0.99587,0,3.31,0,0.59,0,10.4,0,6,0
7.0,0,0.27,0,0.41,0,18.75,0,0.042,0,34.0,0,157.0,0,1.0002,0,2.96,0,0.5,0,9.1,0,5,0
6.8,0,0.33,0,0.28,0,1.2,0,0.032,0,38.0,0,131.0,0,0.9889,0,3.19,0,0.41,0,13.0,0,6,0
8.6,0,0.34,0,0.36,0,1.4,0,0.045,0,11.0,0,119.0,0,0.99556,0,3.17,0,0.47,0,9.4,0,4,0
7.3,0,0.28,0,0.35,0,1.6,0,0.054,0,31.0,0,148.0,0,0.99178,0,3.18,0,0.47,0,10.7,0,5,0
6.6,0,0.22,0,0.37,0,1.6,0,0.04,0,31.0,0,101.0,0,0.99009,0,3.15,0,0.66,0,12.0,0,5,0
6.8,0,0.27,0,0.12,0,1.3,0,0.04,0,87.0,1,168.0,0,0.992,0,3.18,0,0.41,0,10.0,0,5,0
5.5,0,0.16,0,0.31,0,1.2,0,0.026,0,31.0,0,68.0,0,0.9898,0,3.33,0,0.44,0,11.65,0,6,0
6.7,0,0.13,0,0.28,0,1.2,0,0.046,0,35.0,0,140.0,0,0.9927,0,3.33,0,0.33,0,10.1,0,7,0
4.7,1,0.145,0,0.29,0,1.0,0,0.042,0,35.0,0,90.0,0,0.9908,0,3.76,1,0.49,0,11.3,0,6,0
6.3,0,0.27,0,0.38,0,0.9,0,0.051,0,7.0,0,140.0,0,0.9926,0,3.45,0,0.5,0,10.5,0,7,0
7.0,0,0.16,0,0.3,0,2.6,0,0.043,0,34.0,0,90.0,0,0.99047,0,2.88,0,0.47,0,11.2,0,6,0
6.9,0,0.14,0,0.38,0,1.0,0,0.041,0,22.0,0,81.0,0,0.99043,0,3.03,0,0.54,0,11.4,0,6,0
6.9,0,0.35,0,0.55,1,11.95,0,0.038,0,22.0,0,111.0,0,0.99687,0,3.11,0,0.29,0,9.7,0,5,0
6.9,0,0.4,0,0.17,0,12.9,0,0.033,0,59.0,0,186.0,0,0.99754,0,3.08,0,0.49,0,9.4,0,5,0
6.8,0,0.17,0,0.32,0,1.4,0,0.04,0,35.0,0,106.0,0,0.99026,0,3.16,0,0.66,0,12.0,0,5,0
5.9,0,0.17,0,0.29,0,3.1,0,0.03,0,32.0,0,123.0,0,0.98913,0,3.41,0,0.33,0,13.7,0,7,0
7.4,0,0.31,0,0.26,0,8.6,0,0.048,0,47.0,0,206.0,0,0.9964,0,3.26,0,0.36,0,9.1,0,5,0
5.8,0,0.61,1,0.01,1,8.4,0,0.041,0,31.0,0,104.0,0,0.9909,0,3.26,0,0.72,0,14.05,0,7,0
6.5,0,0.14,0,0.32,0,2.7,0,0.037,0,18.0,0,89.0,0,0.9924,0,3.4,0,0.74,0,11.5,0,7,0
7.4,0,0.3,0,0.49,0,8.2,0,0.055,0,49.0,0,188.0,0,0.9974,0,3.52,0,0.58,0,9.7,0,6,0
5.4,0,0.265,0,0.28,0,7.8,0,0.052,0,27.0,0,91.0,0,0.99432,0,3.19,0,0.38,0,10.4,0,6,0
6.6,0,0.25,0,0.39,0,1.45,0,0.04,0,40.0,0,89.0,0,0.9911,0,3.35,0,0.4,0,11.4,0,7,0
8.0,0,0.3,0,0.36,0,11.0,0,0.034,0,8.0,0,70.0,0,0.99354,0,3.05,0,0.41,0,12.2,0,6,0
6.6,0,0.23,0,0.3,0,14.9,0,0.051,0,33.0,0,118.0,0,0.99835,0,3.04,0,0.54,0,9.0,0,6,0
8.5,0,0.3,0,0.28,0,3.1,0,0.054,0,54.0,0,174.0,0,0.99543,0,3.21,0,0.43,0,9.4,0,6,0
6.8,0,0.19,0,0.34,0,1.9,0,0.04,0,41.0,0,108.0,0,0.99,0,3.25,0,0.45,0,12.9,0,6,0
6.1,0,0.28,0,0.25,0,6.9,0,0.056,0,44.0,0,201.0,0,0.9955,0,3.19,0,0.4,0,9.1,0,6,0
7.0,0,0.27,0,0.48,0,6.1,0,0.042,0,60.0,0,184.0,0,0.99566,0,3.2,0,0.5,0,9.4,0,6,0
7.2,0,0.27,0,0.28,0,15.2,0,0.046,0,6.0,0,41.0,0,0.99665,0,3.17,0,0.39,0,10.9,0,6,0
6.4,0,0.16,0,0.31,0,5.3,0,0.043,0,42.0,0,157.0,0,0.99455,0,3.35,0,0.47,0,10.5,0,5,0
7.2,0,0.19,0,0.39,0,1.2,0,0.036,0,32.0,0,85.0,0,0.9918,0,3.16,0,0.5,0,10.5,0,5,0
6.2,0,0.23,0,0.36,0,17.2,0,0.039,0,37.0,0,130.0,0,0.99946,0,3.23,0,0.43,0,8.8,0,6,0
8.2,0,0.22,0,0.49,0,9.6,0,0.037,0,53.0,0,154.0,0,0.9951,0,3.02,0,0.33,0,10.6,0,6,0
7.0,0,0.21,0,0.37,0,7.2,0,0.042,0,36.0,0,167.0,0,0.9958,0,3.26,0,0.56,0,9.8,0,6,0
5.8,0,0.23,0,0.2,0,2.0,0,0.043,0,39.0,0,154.0,0,0.99226,0,3.21,0,0.39,0,10.2,0,6,0
6.5,0,0.29,0,0.52,0,7.9,0,0.049,0,35.0,0,192.0,0,0.99551,0,3.16,0,0.51,0,9.5,0,6,0
7.8,0,0.32,0,0.33,0,2.4,0,0.037,0,18.0,0,101.0,0,0.9912,0,3.21,0,0.65,0,11.7,0,7,0
6.7,0,0.41,0,0.34,0,9.2,0,0.049,0,29.0,0,150.0,0,0.9968,0,3.22,0,0.51,0,9.1,0,5,0
6.8,0,0.26,0,0.22,0,7.7,0,0.047,0,57.0,0,210.0,0,0.9959,0,3.1,0,0.47,0,9.0,0,5,0
7.0,0,0.53,1,0.43,0,6.1,0,0.029,0,6.0,0,76.0,0,0.99118,0,3.08,0,0.5,0,12.5,0,8,1
6.4,0,0.26,0,0.49,0,6.4,0,0.037,0,37.0,0,161.0,0,0.9954,0,3.38,0,0.53,0,9.7,0,6,0
7.0,0,0.36,0,0.35,0,2.5,0,0.048,0,67.0,0,161.0,0,0.99146,0,3.05,0,0.56,0,11.1,0,6,0
6.9,0,0.24,0,0.4,0,15.4,0,0.052,0,81.0,1,198.0,0,0.9986,0,3.2,0,0.69,0,9.4,0,5,0
7.0,0,0.31,0,0.39,0,7.5,0,0.055,0,42.0,0,218.0,0,0.99652,0,3.37,0,0.54,0,10.3,0,5,0
5.7,0,0.2,0,0.24,0,13.8,0,0.047,0,44.0,0,112.0,0,0.99837,0,2.97,0,0.66,0,8.8,0,6,0
7.5,0,0.33,0,0.32,0,11.1,0,0.036,0,25.0,0,119.0,0,0.9962,0,3.15,0,0.34,0,10.5,0,6,0
7.0,0,0.21,0,0.34,0,8.5,0,0.033,0,31.0,0,253.0,0,0.9953,0,3.22,0,0.56,0,10.5,0,6,0
6.7,0,0.5,0,0.38,0,7.5,0,0.046,0,26.0,0,175.0,0,0.99662,0,3.32,0,0.54,0,9.6,0,5,0
6.4,0,0.17,0,0.3,0,2.8,0,0.034,0,33.0,0,125.0,0,0.99152,0,3.03,0,0.49,0,10.4,0,6,0
6.9,0,0.28,0,0.24,0,2.1,0,0.034,0,49.0,0,121.0,0,0.98882,0,2.98,0,0.43,0,13.2,0,7,0
6.8,0,0.3,0,0.26,0,20.3,0,0.037,0,45.0,0,150.0,0,0.99727,0,3.04,0,0.38,0,12.3,0,6,0
7.6,0,0.285,0,0.32,0,14.6,0,0.063,0,32.0,0,201.0,0,0.998,0,3.0,0,0.45,0,9.2,0,5,0
5.7,0,0.31,0,0.29,0,7.3,0,0.05,0,33.0,0,143.0,0,0.99332,0,3.31,0,0.5,0,11.0666666666667,0,6,0
6.4,0,0.3,0,0.51,0,5.5,0,0.048,0,62.0,0,172.0,0,0.9942,0,3.08,0,0.45,0,9.1,0,6,0
7.2,0,0.25,0,0.32,0,1.5,0,0.054,0,24.0,0,105.0,0,0.99154,0,3.17,0,0.48,0,11.1,0,6,0
6.4,0,0.3,0,0.36,0,2.0,0,0.052,0,18.0,0,141.0,0,0.99273,0,3.38,0,0.53,0,10.5,0,6,0
6.9,0,0.615,1,0.42,0,12.0,0,0.067,0,24.0,0,131.0,0,0.99727,0,3.19,0,0.34,0,9.3,0,5,0
6.4,0,0.24,0,0.49,0,5.8,0,0.053,0,25.0,0,120.0,0,0.9942,0,3.01,0,0.98,1,10.5,0,6,0
7.4,0,0.3,0,0.49,0,8.2,0,0.055,0,49.0,0,188.0,0,0.9974,0,3.52,0,0.58,0,9.7,0,6,0
8.1,0,0.34,0,0.28,0,7.5,0,0.04,0,70.0,0,230.0,0,0.99558,0,3.14,0,0.55,0,9.8,0,6,0
7.4,0,0.27,0,0.28,0,1.8,0,0.04,0,45.0,0,121.0,0,0.99043,0,3.02,0,0.4,0,11.9,0,5,0
6.9,0,0.54,1,0.26,0,12.7,0,0.049,0,59.0,0,195.0,0,0.99596,0,3.26,0,0.54,0,10.5,0,6,0
7.3,0,0.26,0,0.33,0,17.85,0,0.049,0,41.5,0,195.0,0,1.0,0,3.06,0,0.44,0,9.1,0,7,0
8.2,0,0.38,0,0.49,0,13.6,0,0.042,0,58.0,0,166.0,0,0.99855,0,3.1,0,0.54,0,9.4,0,5,0
6.6,0,0.23,0,0.37,0,8.5,0,0.036,0,46.0,0,153.0,0,0.99576,0,3.2,0,0.48,0,9.4,0,6,0
5.6,0,0.19,0,0.39,0,1.1,0,0.043,0,17.0,0,67.0,0,0.9918,0,3.23,0,0.53,0,10.3,0,6,0
6.3,0,0.23,0,0.3,0,1.8,0,0.033,0,16.0,0,91.0,0,0.9906,0,3.28,0,0.4,0,11.8,0,6,0
5.8,0,0.22,0,0.29,0,0.9,0,0.034,0,34.0,0,89.0,0,0.98936,0,3.14,0,0.36,0,11.1,0,7,0
6.1,0,0.2,0,0.34,0,9.5,0,0.041,0,38.0,0,201.0,0,0.995,0,3.14,0,0.44,0,10.1,0,3,1
7.8,0,0.29,0,0.36,0,7.0,0,0.042,0,38.0,0,161.0,0,0.9941,0,3.26,0,0.37,0,11.2,0,8,1
7.6,0,0.39,0,0.22,0,2.8,0,0.036,0,19.0,0,113.0,0,0.9926,0,3.03,0,0.29,0,10.2,0,5,0
7.2,0,0.17,0,0.41,0,1.6,0,0.052,0,24.0,0,126.0,0,0.99228,0,3.19,0,0.49,0,10.8,0,5,0
8.2,0,0.2,0,0.49,0,3.5,0,0.057,0,14.0,0,108.0,0,0.9928,0,3.19,0,0.35,0,11.5,0,6,0
6.1,0,0.28,0,0.24,0,19.95,0,0.074,1,32.0,0,174.0,0,0.99922,0,3.19,0,0.44,0,9.3,0,6,0
6.2,0,0.22,0,0.2,0,20.8,0,0.035,0,58.0,0,184.0,0,1.00022,0,3.11,0,0.53,0,9.0,0,6,0
6.7,0,0.24,0,0.37,0,11.3,0,0.043,0,64.0,0,173.0,0,0.99632,0,3.08,0,0.53,0,9.9,0,6,0
6.9,0,0.28,0,0.37,0,9.1,0,0.037,0,16.0,0,76.0,0,0.9948,0,3.05,0,0.54,0,11.1,0,5,0
7.3,0,0.34,0,0.3,0,1.3,0,0.057,0,25.0,0,173.0,0,0.9948,0,3.26,0,0.51,0,9.1,0,6,0
6.3,0,0.39,0,0.22,0,2.8,0,0.048,0,53.0,0,173.0,0,0.99304,0,3.24,0,0.45,0,9.8,0,5,0
6.4,0,0.31,0,0.31,0,12.9,0,0.045,0,55.0,0,161.0,0,0.99546,0,3.02,0,0.59,0,10.2,0,5,0
7.5,0,0.14,0,0.74,1,1.6,0,0.035,0,21.0,0,126.0,0,0.9933,0,3.26,0,0.45,0,10.2,0,6,0
6.6,0,0.24,0,0.3,0,13.0,0,0.052,0,18.0,0,143.0,0,0.99825,0,3.37,0,0.49,0,9.4,0,6,0
6.9,0,0.3,0,0.21,0,15.7,0,0.056,0,49.0,0,159.0,0,0.99827,0,3.11,0,0.48,0,9.0,0,5,0
7.3,0,0.4,0,0.26,0,5.45,0,0.016,0,26.0,0,90.0,0,0.98951,0,2.84,0,0.54,0,13.2,0,7,0
8.5,0,0.19,0,0.48,0,1.1,0,0.026,0,23.0,0,58.0,0,0.99184,0,2.9,0,0.5,0,10.5,0,6,0
7.7,0,0.28,0,0.35,0,15.3,0,0.056,0,31.0,0,117.0,0,0.9998,0,3.27,0,0.5,0,9.6,0,5,0
5.9,0,0.28,0,0.39,0,1.4,0,0.031,0,47.0,0,147.0,0,0.98836,0,3.08,0,0.64,0,12.9,0,7,0
5.8,0,0.29,0,0.38,0,10.7,0,0.038,0,49.0,0,136.0,0,0.99366,0,3.11,0,0.59,0,11.2,0,6,0
7.4,0,0.16,0,0.27,0,15.5,0,0.05,0,25.0,0,135.0,0,0.9984,0,2.9,0,0.43,0,8.7,0,7,0
6.8,0,0.2,0,0.28,0,12.6,0,0.048,0,54.0,0,136.0,0,0.99556,0,3.19,0,0.37,0,10.7,0,6,0
6.7,0,0.27,0,0.33,0,3.6,0,0.034,0,9.0,0,45.0,0,0.99144,0,3.08,0,0.4,0,10.5,0,6,0
7.5,0,0.33,0,0.28,0,4.9,0,0.042,0,21.0,0,155.0,0,0.99385,0,3.36,0,0.57,0,10.9,0,6,0
6.4,0,0.35,0,0.2,0,5.7,0,0.034,0,18.0,0,117.0,0,0.9944,0,3.33,0,0.43,0,10.1,0,5,0
5.5,0,0.23,0,0.19,0,2.2,0,0.044,0,39.0,0,161.0,0,0.99209,0,3.19,0,0.43,0,10.4,0,6,0
7.2,0,0.32,0,0.4,0,8.7,0,0.038,0,45.0,0,154.0,0,0.99568,0,3.2,0,0.47,0,10.4,0,6,0
7.0,0,0.32,0,0.31,0,6.4,0,0.031,0,38.0,0,115.0,0,0.99235,0,3.38,0,0.58,0,12.2,0,7,0
7.4,0,0.41,0,0.66,1,10.8,0,0.051,0,77.0,0,194.0,0,0.9976,0,3.05,0,0.46,0,8.7,0,5,0
7.6,0,0.52,1,0.49,0,14.0,0,0.034,0,37.0,0,156.0,0,0.9958,0,3.14,0,0.38,0,11.8,0,7,0
6.1,0,0.28,0,0.27,0,8.0,0,0.048,0,41.0,0,162.0,0,0.99498,0,3.21,0,0.51,0,9.9,0,5,0
6.9,0,0.36,0,0.28,0,13.55,0,0.048,0,51.0,0,189.0,0,0.99782,0,3.0,0,0.6,0,9.5,0,7,0
7.3,0,0.41,0,0.29,0,1.8,0,0.032,0,26.0,0,74.0,0,0.98889,0,2.96,0,0.35,0,13.0,0,8,1
7.2,0,0.34,0,0.44,0,4.2,0,0.047,0,51.0,0,144.0,0,0.991,0,3.01,0,0.76,0,12.3,0,6,0
7.7,0,0.43,0,0.37,0,10.0,0,0.169,1,22.0,0,210.0,0,0.99776,0,3.02,0,0.64,0,9.5,0,5,0
7.3,0,0.26,0,0.36,0,5.2,0,0.04,0,31.0,0,141.0,0,0.9931,0,3.16,0,0.59,0,11.0,0,6,0
6.3,0,0.27,0,0.25,0,5.8,0,0.038,0,52.0,0,155.0,0,0.995,0,3.28,0,0.38,0,9.4,0,6,0
8.1,0,0.28,0,0.46,0,15.4,0,0.059,0,32.0,0,177.0,0,1.0004,0,3.27,0,0.58,0,9.0,0,4,0
8.3,0,0.16,0,0.48,0,1.7,0,0.057,0,31.0,0,98.0,0,0.9943,0,3.15,0,0.41,0,10.3,0,6,0
7.1,0,0.49,0,0.22,0,2.0,0,0.047,0,146.5,1,307.5,1,0.9924,0,3.24,0,0.37,0,11.0,0,3,1
6.9,0,0.32,0,0.17,0,7.6,0,0.042,0,69.0,0,219.0,0,0.9959,0,3.13,0,0.4,0,8.9,0,5,0
6.9,0,0.15,0,0.29,0,2.3,0,0.033,0,14.0,0,82.0,0,0.99132,0,3.1,0,0.58,0,11.2,0,7,0
6.0,0,0.31,0,0.24,0,3.3,0,0.041,0,25.0,0,143.0,0,0.9914,0,3.31,0,0.44,0,11.3,0,6,0
6.9,0,0.39,0,0.4,0,4.6,0,0.022,0,5.0,0,19.0,1,0.9915,0,3.31,0,0.37,0,12.6,0,3,1
5.4,0,0.33,0,0.31,0,4.0,0,0.03,0,27.0,0,108.0,0,0.99031,0,3.3,0,0.43,0,12.2,0,7,0
5.6,0,0.25,0,0.19,0,2.4,0,0.049,0,42.0,0,166.0,0,0.992,0,3.25,0,0.43,0,10.4,0,6,0
7.3,0,0.205,0,0.31,0,1.7,0,0.06,0,34.0,0,110.0,0,0.9963,0,3.72,1,0.69,0,10.5,0,6,0
7.3,0,0.32,0,0.48,0,13.3,0,0.06,0,57.0,0,196.0,0,0.9982,0,3.04,0,0.5,0,9.2,0,5,0
6.0,0,0.24,0,0.34,0,1.0,0,0.036,0,52.0,0,184.0,0,0.99097,0,3.44,0,0.44,0,11.45,0,6,0
5.9,0,0.18,0,0.28,0,1.0,0,0.037,0,24.0,0,88.0,0,0.99094,0,3.29,0,0.55,0,10.65,0,7,0
5.9,0,0.14,0,0.25,0,4.5,0,0.027,0,34.0,0,140.0,0,0.9934,0,3.49,0,0.51,0,10.8,0,6,0
6.6,0,0.26,0,0.56,1,15.4,0,0.053,0,32.0,0,141.0,0,0.9981,0,3.11,0,0.49,0,9.3,0,5,0
6.4,0,0.29,0,0.21,0,9.65,0,0.041,0,36.0,0,119.0,0,0.99334,0,2.99,0,0.34,0,10.9333333333333,0,6,0
5.9,0,0.27,0,0.27,0,9.0,0,0.051,0,43.0,0,136.0,0,0.9941,0,3.25,0,0.53,0,10.7,0,6,0
8.2,0,0.26,0,0.44,0,1.3,0,0.046,0,7.0,0,69.0,0,0.9944,0,3.14,0,0.62,0,10.2,0,4,0
6.9,0,0.36,0,0.34,0,4.2,0,0.018,0,57.0,0,119.0,0,0.9898,0,3.28,0,0.36,0,12.7,0,9,1
7.2,0,0.23,0,0.32,0,8.5,0,0.058,0,47.0,0,186.0,0,0.9956,0,3.19,0,0.4,0,9.9,0,6,0
7.5,0,0.33,0,0.38,0,8.7,0,0.126,1,49.0,0,199.0,0,0.99711,0,2.98,0,0.57,0,9.4,0,5,0
6.5,0,0.24,0,0.39,0,17.3,0,0.052,0,22.0,0,126.0,0,0.99888,0,3.11,0,0.47,0,9.2,0,6,0
6.7,0,0.33,0,0.34,0,6.6,0,0.067,0,35.0,0,156.0,0,0.99542,0,3.11,0,0.48,0,9.3,0,6,0
6.0,0,0.2,0,0.24,0,5.3,0,0.075,1,49.0,0,201.0,0,0.99466,0,3.21,0,0.43,0,9.5,0,5,0
5.9,0,0.12,0,0.27,0,4.8,0,0.03,0,40.0,0,110.0,0,0.99226,0,3.55,0,0.68,0,12.1,0,6,0
6.5,0,0.18,0,0.34,0,1.6,0,0.04,0,43.0,0,148.0,0,0.9912,0,3.32,0,0.59,0,11.5,0,8,1
7.0,0,0.17,0,0.37,0,5.7,0,0.025,0,29.0,0,111.0,0,0.9938,0,3.2,0,0.49,0,10.8,0,6,0
6.3,0,0.32,0,0.32,0,1.5,0,0.03,0,24.0,0,101.0,0,0.98923,0,3.21,0,0.42,0,13.0,0,5,0
7.4,0,0.2,0,0.33,0,1.9,0,0.035,0,39.0,0,138.0,0,0.991,0,3.17,0,0.44,0,11.7,0,7,0
6.9,0,0.4,0,0.17,0,12.9,0,0.033,0,59.0,0,186.0,0,0.99754,0,3.08,0,0.49,0,9.4,0,5,0
6.5,0,0.32,0,0.48,0,8.0,0,0.026,0,18.0,0,88.0,0,0.99144,0,3.22,0,0.79,1,12.7,0,4,0
7.1,0,0.13,0,0.29,0,15.5,0,0.064,0,56.0,0,115.5,0,0.99737,0,3.16,0,0.41,0,9.7,0,7,0
7.7,0,0.34,0,0.58,1,11.1,0,0.039,0,41.0,0,151.0,0,0.9978,0,3.06,0,0.49,0,8.6,0,5,0
7.6,0,0.2,0,0.3,0,14.2,0,0.056,0,53.0,0,212.5,0,0.999,0,3.14,0,0.46,0,8.9,0,8,1
7.0,0,0.36,0,0.32,0,10.05,0,0.045,0,37.0,0,131.0,0,0.99352,0,3.09,0,0.33,0,11.7,0,8,1
6.1,0,0.45,0,0.27,0,0.8,0,0.039,0,13.0,0,82.0,0,0.9927,0,3.23,0,0.32,0,9.5,0,5,0
6.0,0,0.27,0,0.19,0,1.7,0,0.02,0,24.0,0,110.0,0,0.9898,0,3.32,0,0.47,0,12.6,0,7,0
6.5,0,0.23,0,0.36,0,16.3,0,0.038,0,43.0,0,133.0,0,0.99924,0,3.26,0,0.41,0,8.8,0,5,0
6.8,0,0.23,0,0.39,0,16.1,0,0.053,0,71.0,0,194.0,0,0.9988,0,3.18,0,0.64,0,10.2,0,6,0
6.4,0,0.32,0,0.23,0,16.2,0,0.055,0,36.0,0,176.0,0,0.9986,0,3.26,0,0.54,0,9.1,0,5,0
7.4,0,0.34,0,0.3,0,14.9,0,0.037,0,70.0,0,169.0,0,0.99698,0,3.25,0,0.37,0,10.4,0,6,0
7.3,0,0.26,0,0.32,0,1.2,0,0.041,0,29.0,0,94.0,0,0.98978,0,3.07,0,0.45,0,12.0,0,6,0
7.4,0,0.31,0,0.26,0,8.6,0,0.048,0,47.0,0,206.0,0,0.9964,0,3.26,0,0.36,0,9.1,0,5,0
6.0,0,0.28,0,0.25,0,1.8,0,0.042,0,8.0,0,108.0,0,0.9929,0,3.08,0,0.55,0,9.0,0,5,0
5.6,0,0.35,0,0.37,0,1.0,0,0.038,0,6.0,0,72.0,0,0.9902,0,3.37,0,0.34,0,11.4,0,5,0
7.8,0,0.32,0,0.33,0,10.4,0,0.031,0,47.0,0,194.0,0,0.99692,0,3.07,0,0.58,0,9.6,0,6,0
7.2,0,0.24,0,0.29,0,2.2,0,0.037,0,37.0,0,102.0,0,0.992,0,3.27,0,0.64,0,11.0,0,7,0
7.4,0,0.25,0,0.36,0,13.2,0,0.067,0,53.0,0,178.0,0,0.9976,0,3.01,0,0.48,0,9.0,0,6,0
7.5,0,0.17,0,0.71,1,11.8,0,0.038,0,52.0,0,148.0,0,0.99801,0,3.03,0,0.46,0,8.9,0,5,0
7.4,0,0.27,0,0.52,0,15.7,0,0.054,0,36.0,0,139.0,0,0.99788,0,3.04,0,0.62,0,10.0333333333333,0,6,0
7.8,0,0.21,0,0.34,0,11.9,0,0.039,0,55.0,0,140.0,0,0.9959,0,3.02,0,0.31,0,10.3,0,6,0
7.2,0,0.23,0,0.19,0,13.7,0,0.052,0,47.0,0,197.0,0,0.99865,0,3.12,0,0.53,0,9.0,0,5,0
6.6,0,0.17,0,0.36,0,1.9,0,0.036,0,38.0,0,110.0,0,0.99056,0,3.05,0,0.54,0,11.4,0,6,0
7.9,0,0.2,0,0.34,0,1.2,0,0.04,0,29.0,0,118.0,0,0.9932,0,3.14,0,0.41,0,10.6,0,6,0
5.9,0,0.28,0,0.14,0,8.6,0,0.032,0,30.0,0,142.0,0,0.99542,0,3.28,0,0.44,0,9.5,0,6,0
8.2,0,0.23,0,0.4,0,7.5,0,0.049,0,12.0,0,76.0,0,0.9966,0,3.06,0,0.84,1,9.7,0,6,0
6.5,0,0.2,0,0.5,0,18.1,0,0.054,0,50.0,0,221.0,0,0.99941,0,2.94,0,0.64,0,8.8,0,6,0
7.4,0,0.26,0,0.37,0,9.4,0,0.047,0,42.0,0,147.0,0,0.9982,0,3.46,0,0.72,0,10.0,0,5,0
6.5,0,0.22,0,0.32,0,2.2,0,0.028,0,36.0,0,92.0,0,0.99076,0,3.27,0,0.59,0,11.9,0,7,0
4.4,1,0.54,1,0.09,1,5.1,0,0.038,0,52.0,0,97.0,0,0.99022,0,3.41,0,0.4,0,12.2,0,7,0
6.5,0,0.27,0,0.19,0,6.6,0,0.045,0,98.0,1,175.0,0,0.99364,0,3.16,0,0.34,0,10.1,0,6,0
6.5,0,0.29,0,0.31,0,1.7,0,0.035,0,24.0,0,79.0,0,0.99053,0,3.27,0,0.69,0,11.4,0,7,0
7.9,0,0.26,0,0.33,0,10.3,0,0.039,0,73.0,0,212.0,0,0.9969,0,2.93,0,0.49,0,9.5,0,6,0
6.5,0,0.28,0,0.27,0,5.2,0,0.04,0,44.0,0,179.0,0,0.9948,0,3.19,0,0.69,0,9.4,0,6,0
6.7,0,0.27,0,0.3,0,13.9,0,0.029,0,34.0,0,131.0,0,0.9953,0,3.36,0,0.5,0,12.0,0,7,0
7.8,0,0.27,0,0.28,0,1.8,0,0.05,0,21.0,0,127.0,0,0.9934,0,3.15,0,0.44,0,9.9,0,5,0
6.5,0,0.24,0,0.32,0,7.6,0,0.038,0,48.0,0,203.0,0,0.9958,0,3.45,0,0.54,0,9.7,0,7,0
6.5,0,0.25,0,0.45,0,7.8,0,0.048,0,52.0,0,188.0,0,0.99576,0,3.2,0,0.53,0,9.1,0,5,0
5.8,0,0.17,0,0.36,0,1.3,0,0.036,0,11.0,0,70.0,0,0.99202,0,3.43,0,0.68,0,10.4,0,7,0
6.5,0,0.33,0,0.38,0,8.3,0,0.048,0,68.0,0,174.0,0,0.99492,0,3.14,0,0.5,0,9.6,0,5,0
8.0,0,0.14,0,0.33,0,1.2,0,0.045,0,71.0,0,162.0,0,0.9914,0,3.07,0,0.47,0,11.0,0,6,0
6.0,0,0.19,0,0.71,1,1.5,0,0.152,1,9.0,0,55.0,0,0.9927,0,3.12,0,0.46,0,9.8,0,6,0
7.3,0,0.3,0,0.33,0,2.3,0,0.043,0,28.0,0,125.0,0,0.99084,0,3.34,0,0.44,0,12.6,0,7,0
6.6,0,0.28,0,0.28,0,8.5,0,0.052,0,55.0,0,211.0,0,0.9962,0,3.09,0,0.55,0,8.9,0,6,0
9.0,1,0.31,0,0.49,0,6.9,0,0.034,0,26.0,0,91.0,0,0.9937,0,2.99,0,0.34,0,11.5,0,5,0
7.4,0,0.31,0,0.48,0,14.2,0,0.042,0,62.0,0,204.0,0,0.9983,0,3.06,0,0.59,0,9.4,0,5,0
7.2,0,0.26,0,0.32,0,10.4,0,0.062,0,23.0,0,114.0,0,0.9966,0,3.23,0,0.49,0,10.5,0,5,0
7.3,0,0.25,0,0.29,0,7.5,0,0.049,0,38.0,0,158.0,0,0.9965,0,3.43,0,0.38,0,9.6,0,5,0
5.2,0,0.31,0,0.2,0,2.4,0,0.027,0,27.0,0,117.0,0,0.98886,0,3.56,0,0.45,0,13.0,0,7,0
8.3,0,0.2,0,0.35,0,0.9,0,0.05,0,12.0,0,74.0,0,0.992,0,3.13,0,0.38,0,10.5,0,6,0
7.6,0,0.28,0,0.49,0,20.15,0,0.06,0,30.0,0,145.0,0,1.00196,0,3.01,0,0.44,0,8.5,0,5,0
6.1,0,0.32,0,0.33,0,10.7,0,0.036,0,27.0,0,98.0,0,0.99521,0,3.34,0,0.52,0,10.2,0,6,0
8.0,0,0.26,0,0.36,0,2.0,0,0.054,0,30.0,0,121.0,0,0.992,0,3.09,0,0.72,0,11.6,0,7,0
7.3,0,0.37,0,0.16,0,14.9,0,0.048,0,59.0,0,240.0,0,0.99902,0,3.13,0,0.45,0,8.9,0,5,0
6.5,0,0.23,0,0.38,0,1.3,0,0.032,0,29.0,0,112.0,0,0.99298,0,3.29,0,0.54,0,9.7,0,5,0
6.9,0,0.2,0,0.36,0,1.5,0,0.031,0,38.0,0,147.0,0,0.9931,0,3.35,0,0.56,0,11.0,0,6,0
7.5,0,0.41,0,0.23,0,14.8,0,0.054,0,28.0,0,174.0,0,0.99898,0,3.18,0,0.49,0,9.7,0,5,0
7.7,0,0.39,0,0.34,0,10.0,0,0.056,0,35.0,0,178.0,0,0.9974,0,3.26,0,0.6,0,10.2,0,5,0
7.1,0,0.44,0,0.37,0,2.7,0,0.041,0,35.0,0,128.0,0,0.9896,0,3.07,0,0.43,0,13.5,0,7,0
6.3,0,0.48,0,0.04,1,1.1,0,0.046,0,30.0,0,99.0,0,0.9928,0,3.24,0,0.36,0,9.6,0,6,0
6.2,0,0.25,0,0.42,0,8.0,0,0.049,0,53.0,0,206.0,0,0.99586,0,3.16,0,0.47,0,9.1,0,6,0
6.2,0,0.3,0,0.17,0,2.8,0,0.04,0,24.0,0,125.0,0,0.9939,0,3.01,0,0.46,0,9.0,0,5,0
7.3,0,0.28,0,0.42,0,1.2,0,0.033,0,29.0,0,142.0,0,0.99205,0,3.17,0,0.43,0,10.7,0,4,0
6.7,0,0.16,0,0.32,0,12.5,0,0.035,0,18.0,0,156.0,0,0.99666,0,2.88,0,0.36,0,9.0,0,6,0
7.3,0,0.24,0,0.34,0,15.4,0,0.05,0,38.0,0,174.0,0,0.9983,0,3.03,0,0.42,0,9.0,0,6,0
7.1,0,0.24,0,0.41,0,17.8,0,0.046,0,39.0,0,145.0,0,0.9998,0,3.32,0,0.39,0,8.7,0,5,0
5.9,0,0.2,0,0.28,0,12.8,0,0.038,0,29.0,0,132.0,0,0.99426,0,3.31,0,0.57,0,11.8,0,7,0
8.0,0,0.28,0,0.32,0,7.6,0,0.045,0,61.0,0,204.0,0,0.99543,0,3.1,0,0.55,0,10.1,0,6,0
7.7,0,0.34,0,0.27,0,8.8,0,0.063,0,39.0,0,184.0,0,0.9969,0,3.09,0,0.63,0,9.2,0,6,0
6.9,0,0.24,0,0.23,0,7.1,0,0.041,0,20.0,0,97.0,0,0.99246,0,3.1,0,0.85,1,11.4,0,6,0
6.7,0,0.265,0,0.22,0,8.6,0,0.048,0,54.0,0,198.0,0,0.9955,0,3.25,0,0.41,0,10.2,0,5,0
7.3,0,0.15,0,0.4,0,2.0,0,0.05,0,24.0,0,92.0,0,0.9932,0,3.14,0,0.45,0,10.5,0,5,0
7.3,0,0.34,0,0.3,0,9.4,0,0.057,0,34.0,0,178.0,0,0.99554,0,3.15,0,0.44,0,10.4,0,6,0
5.8,0,0.28,0,0.66,1,9.1,0,0.039,0,26.0,0,159.0,0,0.9965,0,3.66,1,0.55,0,10.8,0,5,0
7.6,0,0.22,0,0.34,0,9.7,0,0.035,0,26.0,0,143.0,0,0.9965,0,3.08,0,0.49,0,9.8,0,6,0
4.9,0,0.47,0,0.17,0,1.9,0,0.035,0,60.0,0,148.0,0,0.98964,0,3.27,0,0.35,0,11.5,0,6,0
6.5,0,0.35,0,0.28,0,12.4,0,0.051,0,86.0,1,213.0,0,0.9962,0,3.16,0,0.51,0,9.9,0,6,0
5.1,0,0.26,0,0.34,0,6.4,0,0.034,0,26.0,0,99.0,0,0.99449,0,3.23,0,0.41,0,9.2,0,6,0
6.0,0,0.25,0,0.28,0,7.7,0,0.053,0,37.0,0,132.0,0,0.99489,0,3.06,0,0.5,0,9.4,0,6,0
7.2,0,0.26,0,0.44,0,7.1,0,0.027,0,25.0,0,126.0,0,0.993,0,3.02,0,0.34,0,11.1,0,8,1
7.9,0,0.28,0,0.49,0,7.7,0,0.045,0,48.0,0,195.0,0,0.9954,0,3.04,0,0.55,0,11.0,0,6,0
7.3,0,0.23,0,0.41,0,14.6,0,0.048,0,73.0,0,223.0,0,0.99863,0,3.16,0,0.71,0,9.4,0,6,0
9.0,1,0.245,0,0.38,0,5.9,0,0.045,0,52.0,0,159.0,0,0.995,0,2.93,0,0.35,0,10.2,0,6,0
6.0,0,0.31,0,0.32,0,7.4,0,0.175,1,47.0,0,159.0,0,0.9952,0,3.19,0,0.5,0,9.4,0,6,0
6.1,0,0.32,0,0.24,0,1.5,0,0.036,0,38.0,0,124.0,0,0.9898,0,3.29,0,0.42,0,12.4,0,7,0
6.9,0,0.38,0,0.28,0,8.3,0,0.062,0,22.0,0,166.0,0,0.99506,0,3.16,0,0.72,0,10.6,0,5,0
7.5,0,0.32,0,0.26,0,1.8,0,0.042,0,13.0,0,133.0,0,0.9938,0,3.07,0,0.38,0,9.5,0,5,0
6.5,0,0.26,0,0.5,0,8.0,0,0.051,0,46.0,0,197.0,0,0.99536,0,3.18,0,0.47,0,9.5,0,5,0
6.6,0,0.25,0,0.34,0,3.0,0,0.054,0,22.0,0,141.0,0,0.99338,0,3.26,0,0.47,0,10.4,0,6,0
6.0,0,0.17,0,0.29,0,5.0,0,0.028,0,25.0,0,108.0,0,0.99076,0,3.14,0,0.34,0,12.3,0,6,0
6.5,0,0.33,0,0.28,0,6.1,0,0.018,0,41.0,0,103.0,0,0.99122,0,3.24,0,0.32,0,12.2,0,6,0
6.9,0,0.56,1,0.26,0,10.9,0,0.06,0,55.0,0,193.0,0,0.9969,0,3.21,0,0.44,0,9.4,0,5,0
6.9,0,0.23,0,0.41,0,8.0,0,0.03,0,30.0,0,114.0,0,0.99368,0,3.22,0,0.54,0,11.0,0,6,0
6.4,0,0.24,0,0.23,0,7.3,0,0.069,0,31.0,0,157.0,0,0.9962,0,3.25,0,0.53,0,9.1,0,5,0
9.8,1,0.36,0,0.46,0,10.5,0,0.038,0,4.0,0,83.0,0,0.9956,0,2.89,0,0.3,0,10.1,0,4,0
6.4,0,0.15,0,0.44,0,1.2,0,0.043,0,67.0,0,150.0,0,0.9907,0,3.14,0,0.73,0,11.2,0,7,0
6.5,0,0.24,0,0.38,0,1.0,0,0.027,0,31.0,0,90.0,0,0.98926,0,3.24,0,0.36,0,12.3,0,6,0
5.8,0,0.24,0,0.44,0,3.5,0,0.029,0,5.0,0,109.0,0,0.9913,0,3.53,0,0.43,0,11.7,0,3,1
8.6,0,0.31,0,0.3,0,0.9,0,0.045,0,16.0,0,109.0,0,0.99249,0,2.95,0,0.39,0,10.1,0,5,0
8.1,0,0.27,0,0.33,0,1.3,0,0.045,0,26.0,0,100.0,0,0.99066,0,2.98,0,0.44,0,12.4,0,6,0
8.3,0,0.2,0,0.74,1,4.45,0,0.044,0,33.0,0,130.0,0,0.9924,0,3.25,0,0.42,0,12.2,0,6,0
7.1,0,0.3,0,0.49,0,1.6,0,0.045,0,31.0,0,100.0,0,0.9942,0,3.4,0,0.59,0,10.2,0,5,0
6.9,0,0.2,0,0.41,0,1.1,0,0.06,0,36.0,0,104.0,0,0.99317,0,2.99,0,0.39,0,9.2,0,5,0
8.5,0,0.32,0,0.36,0,14.9,0,0.041,0,47.0,0,190.0,0,0.9982,0,3.08,0,0.31,0,10.0,0,6,0
7.6,0,0.24,0,0.44,0,3.8,0,0.037,0,49.0,0,146.0,0,0.9911,0,3.06,0,0.37,0,11.6,0,6,0
5.2,0,0.38,0,0.26,0,7.7,0,0.053,0,20.0,0,103.0,0,0.9925,0,3.27,0,0.45,0,12.2,0,6,0
7.9,0,0.16,0,0.3,0,4.8,0,0.037,0,37.0,0,171.0,0,0.9967,0,3.47,0,0.44,0,9.0,0,4,0
7.3,0,0.21,0,0.21,0,1.6,0,0.046,0,35.0,0,133.0,0,0.99466,0,3.38,0,0.46,0,10.0,0,6,0
7.2,0,0.25,0,0.28,0,14.4,0,0.055,0,55.0,0,205.0,0,0.9986,0,3.12,0,0.38,0,9.0,0,7,0
7.6,0,0.17,0,0.46,0,0.9,0,0.036,0,63.0,0,147.0,0,0.99126,0,3.02,0,0.41,0,10.7,0,6,0
6.8,0,0.21,0,0.27,0,18.15,0,0.042,0,41.0,0,146.0,0,1.0001,0,3.3,0,0.36,0,8.7,0,5,0
6.7,0,0.24,0,0.3,0,10.2,0,0.07,0,44.0,0,179.0,0,0.99666,0,2.86,0,0.46,0,8.9,0,6,0
7.6,0,0.35,0,0.46,0,14.7,0,0.047,0,33.0,0,151.0,0,0.99709,0,3.03,0,0.53,0,10.3,0,5,0
6.4,0,0.46,0,0.22,0,14.7,0,0.047,0,51.0,0,183.0,0,0.998275,0,3.39,0,0.6,0,10.5,0,5,0
5.7,0,0.265,0,0.28,0,6.9,0,0.036,0,46.0,0,150.0,0,0.99299,0,3.36,0,0.44,0,10.8,0,7,0
6.3,0,0.28,0,0.24,0,8.45,0,0.031,0,32.0,0,172.0,0,0.9958,0,3.39,0,0.57,0,9.7,0,7,0
6.8,0,0.19,0,0.33,0,4.9,0,0.047,0,42.0,0,130.0,0,0.99283,0,3.12,0,0.56,0,11.0,0,6,0
6.0,0,0.34,0,0.29,0,6.1,0,0.046,0,29.0,0,134.0,0,0.99462,0,3.48,0,0.57,0,10.7,0,6,0
7.2,0,0.24,0,0.34,0,1.1,0,0.045,0,3.0,0,64.0,0,0.9913,0,3.23,0,0.51,0,11.4,0,5,0
6.9,0,0.28,0,0.4,0,8.2,0,0.036,0,15.0,0,95.0,0,0.9944,0,3.17,0,0.33,0,10.2,0,5,0
7.0,0,0.22,0,0.28,0,10.6,0,0.039,0,32.0,0,117.0,0,0.99355,0,3.05,0,0.55,0,11.5,0,7,0
6.4,0,0.41,0,0.01,1,6.1,0,0.048,0,20.0,0,70.0,0,0.99362,0,3.19,0,0.42,0,10.0,0,5,0
6.8,0,0.23,0,0.29,0,15.4,0,0.073,1,56.0,0,173.0,0,0.9984,0,3.06,0,0.41,0,8.7,0,6,0
6.1,0,0.34,0,0.29,0,2.2,0,0.036,0,25.0,0,100.0,0,0.98938,0,3.06,0,0.44,0,11.8,0,6,0
7.6,0,0.2,0,0.68,1,12.9,0,0.042,0,56.0,0,160.0,0,0.99841,0,3.05,0,0.41,0,8.7,0,5,0
8.5,0,0.17,0,0.31,0,1.0,0,0.024,0,13.0,0,91.0,0,0.993,0,2.79,1,0.37,0,10.1,0,5,0
6.8,0,0.32,0,0.39,0,9.6,0,0.026,0,34.0,0,124.0,0,0.99286,0,3.18,0,0.35,0,12.1,0,6,0
7.4,0,0.29,0,0.29,0,1.6,0,0.045,0,53.0,0,180.0,0,0.9936,0,3.34,0,0.68,0,10.5,0,6,0
8.3,0,0.28,0,0.45,0,7.8,0,0.059,0,32.0,0,139.0,0,0.9972,0,3.33,0,0.77,1,11.2,0,6,0
6.9,0,0.16,0,0.3,0,9.6,0,0.057,0,50.0,0,185.0,0,0.9978,0,3.39,0,0.38,0,9.6,0,6,0
6.2,0,0.36,0,0.14,0,8.9,0,0.036,0,38.0,0,155.0,0,0.99622,0,3.27,0,0.5,0,9.4,0,5,0
6.2,0,0.35,0,0.31,0,2.6,0,0.036,0,37.0,0,92.0,0,0.98938,0,3.27,0,0.53,0,12.8,0,7,0
5.6,0,0.16,0,0.27,0,1.4,0,0.044,0,53.0,0,168.0,0,0.9918,0,3.28,0,0.37,0,10.1,0,6,0
7.6,0,0.16,0,0.41,0,1.9,0,0.047,0,27.0,0,151.0,0,0.9937,0,3.2,0,0.53,0,10.1,0,6,0
7.4,0,0.64,1,0.47,0,14.15,0,0.168,1,42.0,0,185.0,0,0.9984,0,2.9,0,0.49,0,9.3,0,5,0
7.4,0,0.3,0,0.32,0,1.7,0,0.03,0,23.0,0,128.0,0,0.9929,0,3.17,0,0.66,0,10.9,0,5,0
6.8,0,0.29,0,0.16,0,1.4,0,0.038,0,122.5,1,234.5,0,0.9922,0,3.15,0,0.47,0,10.0,0,4,0
6.6,0,0.37,0,0.24,0,2.0,0,0.064,0,23.0,0,120.0,0,0.9946,0,3.32,0,0.54,0,9.4,0,5,0
6.2,0,0.3,0,0.49,0,11.2,0,0.058,0,68.0,0,215.0,0,0.99656,0,3.19,0,0.6,0,9.4,0,6,0
6.3,0,0.19,0,0.29,0,5.5,0,0.042,0,44.0,0,189.0,0,0.99304,0,3.19,0,0.47,0,10.3,0,6,0
5.7,0,0.26,0,0.24,0,17.8,0,0.059,0,23.0,0,124.0,0,0.99773,0,3.3,0,0.5,0,10.1,0,5,0
8.9,1,0.34,0,0.32,0,1.3,0,0.041,0,12.0,0,188.0,0,0.9953,0,3.17,0,0.49,0,9.5,0,5,0
7.5,0,0.22,0,0.32,0,2.4,0,0.045,0,29.0,0,100.0,0,0.99135,0,3.08,0,0.6,0,11.3,0,7,0
6.1,0,0.28,0,0.25,0,17.75,0,0.044,0,48.0,0,161.0,0,0.9993,0,3.34,0,0.48,0,9.5,0,5,0
6.3,0,0.32,0,0.32,0,1.5,0,0.037,0,12.0,0,76.0,0,0.98993,0,3.3,0,0.46,0,12.3,0,6,0
9.2,1,0.27,0,0.34,0,10.5,0,0.043,0,49.0,0,228.0,0,0.9974,0,3.04,0,0.41,0,10.4,0,6,0
6.8,0,0.26,0,0.24,0,7.8,0,0.052,0,54.0,0,214.0,0,0.9961,0,3.13,0,0.47,0,8.9,0,5,0
5.2,0,0.155,0,0.33,0,1.6,0,0.028,0,13.0,0,59.0,0,0.98975,0,3.3,0,0.84,1,11.9,0,8,1
7.0,0,0.35,0,0.17,0,1.1,0,0.049,0,7.0,0,119.0,0,0.99297,0,3.13,0,0.36,0,9.7,0,6,0
6.3,0,0.28,0,0.22,0,9.5,0,0.04,0,30.0,0,111.0,0,0.99338,0,3.05,0,0.31,0,10.8,0,4,0
6.7,0,0.5,0,0.63,1,13.4,0,0.078,1,81.0,1,238.0,0,0.9988,0,3.08,0,0.44,0,9.2,0,5,0
7.5,0,0.24,0,0.29,0,1.1,0,0.046,0,34.0,0,84.0,0,0.9902,0,3.04,0,0.39,0,11.45,0,6,0
8.0,0,0.33,0,0.32,0,4.6,0,0.041,0,31.0,0,180.0,0,0.99184,0,2.92,0,0.74,0,12.2,0,6,0
7.4,0,0.19,0,0.31,0,14.5,0,0.045,0,39.0,0,193.0,0,0.9986,0,3.1,0,0.5,0,9.2,0,6,0
6.9,0,0.54,1,0.32,0,13.2,0,0.05,0,53.0,0,236.0,0,0.9973,0,3.2,0,0.5,0,9.6,0,5,0
7.0,0,0.22,0,0.24,0,11.0,0,0.041,0,75.0,0,167.0,0,0.99508,0,2.98,0,0.56,0,10.5,0,6,0
8.1,0,0.3,0,0.31,0,1.1,0,0.041,0,49.0,0,123.0,0,0.9914,0,2.99,0,0.45,0,11.1,0,6,0
7.6,0,0.2,0,0.36,0,1.9,0,0.043,0,24.0,0,111.0,0,0.99237,0,3.29,0,0.54,0,11.3,0,6,0
6.8,0,0.26,0,0.29,0,16.95,0,0.056,0,48.0,0,179.0,0,0.9998,0,3.45,0,0.4,0,9.6,0,5,0
6.5,0,0.22,0,0.19,0,1.1,0,0.064,0,36.0,0,191.0,0,0.99297,0,3.05,0,0.5,0,9.5,0,6,0
6.9,0,0.18,0,0.36,0,1.3,0,0.036,0,40.0,0,117.0,0,0.9934,0,3.27,0,0.95,1,9.5,0,7,0
6.4,0,0.14,0,0.28,0,7.9,0,0.057,0,21.0,0,82.0,0,0.99425,0,3.26,0,0.36,0,10.0,0,6,0
6.0,0,0.33,0,0.38,0,9.7,0,0.04,0,29.0,0,124.0,0,0.9954,0,3.47,0,0.48,0,11.0,0,6,0
7.5,0,0.31,0,0.51,0,14.8,0,0.039,0,62.0,0,204.0,0,0.9982,0,3.06,0,0.6,0,9.5,0,5,0
6.6,0,0.38,0,0.29,0,2.4,0,0.136,1,15.0,0,93.0,0,0.99336,0,3.18,0,0.6,0,9.5,0,5,0
6.8,0,0.18,0,0.28,0,9.8,0,0.039,0,29.0,0,113.0,0,0.99406,0,3.11,0,0.45,0,10.9,0,7,0
6.4,0,0.16,0,0.44,0,1.2,0,0.051,0,39.0,0,122.0,0,0.99058,0,3.11,0,0.75,0,11.3,0,7,0
7.8,0,0.49,0,0.49,0,7.0,0,0.043,0,29.0,0,149.0,0,0.9952,0,3.21,0,0.33,0,10.0,0,5,0
6.1,0,0.105,0,0.31,0,1.3,0,0.037,0,55.0,0,145.0,0,0.9912,0,3.41,0,0.41,0,11.1,0,7,0
7.2,0,0.26,0,0.24,0,7.0,0,0.023,0,19.0,0,130.0,0,0.99176,0,3.14,0,0.49,0,12.8,0,7,0
7.5,0,0.23,0,0.32,0,9.2,0,0.038,0,54.0,0,191.0,0,0.9966,0,3.04,0,0.56,0,9.7,0,6,0
6.6,0,0.25,0,0.25,0,1.3,0,0.04,0,28.0,0,85.0,0,0.98984,0,2.87,0,0.48,0,11.2,0,6,0
8.3,0,0.27,0,0.39,0,2.4,0,0.058,0,16.0,0,107.0,0,0.9955,0,3.28,0,0.59,0,10.3,0,5,0
6.7,0,0.39,0,0.24,0,2.7,0,0.017,0,22.0,0,80.0,0,0.99084,0,3.03,0,0.37,0,11.5,0,5,0
6.0,0,0.32,0,0.3,0,1.9,0,0.033,0,41.0,0,142.0,0,0.98912,0,3.29,0,0.42,0,12.8,0,7,0
5.8,0,0.36,0,0.5,0,1.0,0,0.127,1,63.0,0,178.0,0,0.99212,0,3.1,0,0.45,0,9.7,0,5,0
7.0,0,0.15,0,0.28,0,14.7,0,0.051,0,29.0,0,149.0,0,0.99792,0,2.96,0,0.39,0,9.0,0,7,0
6.6,0,0.15,0,0.32,0,6.0,0,0.033,0,59.0,0,128.0,0,0.99192,0,3.19,0,0.71,0,12.1,0,8,1
8.4,0,0.2,0,0.38,0,11.8,0,0.055,0,51.0,0,170.0,0,1.0004,0,3.34,0,0.82,1,8.9,0,6,0
7.1,0,0.28,0,0.26,0,1.9,0,0.049,0,12.0,0,86.0,0,0.9934,0,3.15,0,0.38,0,9.4,0,5,0
6.2,0,0.24,0,0.25,0,12.5,0,0.055,0,47.0,0,134.0,0,0.99758,0,3.3,0,0.51,0,9.0,0,5,0
5.8,0,0.3,0,0.38,0,4.9,0,0.039,0,22.0,0,86.0,0,0.98963,0,3.23,0,0.58,0,13.1,0,7,0
5.0,0,0.24,0,0.19,0,5.0,0,0.043,0,17.0,0,101.0,0,0.99438,0,3.67,1,0.57,0,10.0,0,5,0
6.2,0,0.47,0,0.21,0,1.0,0,0.044,0,13.0,0,98.0,0,0.99345,0,3.14,0,0.46,0,9.2,0,5,0
7.4,0,0.31,0,0.74,1,10.7,0,0.039,0,51.0,0,147.0,0,0.9977,0,3.02,0,0.43,0,8.7,0,5,0
7.2,0,0.32,0,0.24,0,5.6,0,0.033,0,23.0,0,120.0,0,0.99334,0,2.92,0,0.66,0,10.3,0,7,0
6.1,0,0.28,0,0.3,0,7.75,0,0.031,0,33.0,0,139.0,0,0.99296,0,3.22,0,0.46,0,11.0,0,6,0
6.8,0,0.24,0,0.4,0,1.8,0,0.047,0,34.0,0,105.0,0,0.99,0,3.13,0,0.49,0,12.8,0,8,1
6.4,0,0.34,0,0.2,0,14.9,0,0.06,0,37.0,0,162.0,0,0.9983,0,3.13,0,0.45,0,9.0,0,4,0
6.6,0,0.24,0,0.28,0,6.7,0,0.032,0,26.0,0,91.0,0,0.99172,0,3.13,0,0.32,0,12.3,0,6,0
5.5,0,0.14,0,0.27,0,4.6,0,0.029,0,22.0,0,104.0,0,0.9949,0,3.34,0,0.44,0,9.0,0,5,0
6.6,0,0.21,0,0.49,0,18.15,0,0.042,0,41.0,0,158.0,0,0.9997,0,3.28,0,0.39,0,8.7,0,6,0
7.9,0,0.33,0,0.28,0,31.6,1,0.053,0,35.0,0,176.0,0,1.0103,1,3.15,0,0.38,0,8.8,0,6,0
5.9,0,0.32,0,0.26,0,1.5,0,0.057,0,17.0,0,141.0,0,0.9917,0,3.24,0,0.36,0,10.7,0,5,0
6.4,0,0.33,0,0.44,0,8.9,0,0.055,0,52.0,0,164.0,0,0.99488,0,3.1,0,0.48,0,9.6,0,5,0
6.4,0,0.37,0,0.2,0,5.6,0,0.117,1,61.0,0,183.0,0,0.99459,0,3.24,0,0.43,0,9.5,0,5,0
6.7,0,0.23,0,0.25,0,1.6,0,0.036,0,28.0,0,143.0,0,0.99256,0,3.3,0,0.54,0,10.3,0,6,0
6.2,0,0.25,0,0.54,0,7.0,0,0.046,0,58.0,0,176.0,0,0.99454,0,3.19,0,0.7,0,10.4,0,5,0
6.4,0,0.27,0,0.49,0,7.3,0,0.046,0,53.0,0,206.0,0,0.9956,0,3.24,0,0.43,0,9.2,0,6,0
6.5,0,0.29,0,0.31,0,1.7,0,0.035,0,24.0,0,79.0,0,0.99053,0,3.27,0,0.69,0,11.4,0,7,0
4.5,1,0.19,0,0.21,0,0.95,0,0.033,0,89.0,1,159.0,0,0.99332,0,3.34,0,0.42,0,8.0,0,5,0
6.8,0,0.39,0,0.34,0,7.4,0,0.02,0,38.0,0,133.0,0,0.99212,0,3.18,0,0.44,0,12.0,0,7,0
6.6,0,0.435,0,0.38,0,9.2,0,0.058,0,66.0,0,243.0,0,0.99833,0,3.23,0,0.54,0,9.1,0,6,0
7.5,0,0.4,0,1.0,1,19.5,0,0.041,0,33.0,0,148.0,0,0.9977,0,3.24,0,0.38,0,12.0,0,6,0
5.3,0,0.3,0,0.2,0,1.1,0,0.077,1,48.0,0,166.0,0,0.9944,0,3.3,0,0.54,0,8.7,0,4,0
6.5,0,0.51,0,0.25,0,1.7,0,0.048,0,39.0,0,177.0,0,0.99212,0,3.28,0,0.57,0,10.5666666666667,0,5,0
7.0,0,0.29,0,0.35,0,1.4,0,0.036,0,42.0,0,109.0,0,0.99119,0,3.31,0,0.62,0,11.6,0,6,0
6.2,0,0.3,0,0.2,0,6.6,0,0.045,0,42.0,0,170.0,0,0.9944,0,3.36,0,0.45,0,10.4,0,6,0
6.9,0,0.29,0,0.23,0,8.6,0,0.056,0,56.0,0,215.0,0,0.9967,0,3.17,0,0.44,0,8.8,0,5,0
7.8,0,0.27,0,0.35,0,1.2,0,0.05,0,36.0,0,140.0,0,0.99138,0,3.09,0,0.45,0,11.2,0,5,0
7.4,0,0.3,0,0.22,0,1.4,0,0.046,0,16.0,0,135.0,0,0.9928,0,3.08,0,0.77,1,10.4,0,7,0
7.1,0,0.2,0,0.31,0,6.85,0,0.053,0,32.0,0,211.0,0,0.99587,0,3.31,0,0.59,0,10.4,0,6,0
6.2,0,0.28,0,0.33,0,1.7,0,0.029,0,24.0,0,111.0,0,0.99,0,3.24,0,0.5,0,12.1,0,6,0
7.5,0,0.32,0,0.24,0,4.6,0,0.053,0,8.0,0,134.0,0,0.9958,0,3.14,0,0.5,0,9.1,0,3,1
7.0,0,0.16,0,0.32,0,8.3,0,0.045,0,38.0,0,126.0,0,0.9958,0,3.21,0,0.34,0,9.2,0,5,0
6.7,0,0.48,0,0.49,0,2.9,0,0.03,0,28.0,0,122.0,0,0.98926,0,3.13,0,0.4,0,13.0,0,6,0
6.0,0,0.45,0,0.65,1,9.7,0,0.08,1,11.0,0,159.0,0,0.9956,0,3.04,0,0.48,0,9.4,0,5,0
6.8,0,0.31,0,0.25,0,10.5,0,0.043,0,30.0,0,165.0,0,0.9972,0,3.36,0,0.55,0,10.55,0,6,0
6.4,0,0.3,0,0.3,0,2.25,0,0.038,0,8.0,0,210.0,0,0.9937,0,3.2,0,0.62,0,9.9,0,6,0
7.0,0,0.24,0,0.35,0,1.5,0,0.052,0,51.0,0,128.0,0,0.9941,0,3.41,0,0.59,0,10.4,0,7,0
6.7,0,0.37,0,0.25,0,2.5,0,0.028,0,24.0,0,84.0,0,0.9909,0,3.14,0,0.36,0,11.7,0,6,0
6.9,0,0.3,0,0.25,0,3.3,0,0.041,0,26.0,0,124.0,0,0.99428,0,3.18,0,0.5,0,9.3,0,6,0
6.6,0,0.3,0,0.74,1,4.6,0,0.041,0,36.0,0,159.0,0,0.9946,0,3.21,0,0.45,0,9.9,0,5,0
7.6,0,0.39,0,0.32,0,3.6,0,0.035,0,22.0,0,93.0,0,0.99144,0,3.08,0,0.6,0,12.5,0,7,0
7.9,0,0.51,0,0.36,0,6.2,0,0.051,0,30.0,0,173.0,0,0.9984,0,3.09,0,0.53,0,9.7,0,5,0
7.3,0,0.32,0,0.34,0,6.6,0,0.032,0,24.0,0,112.0,0,0.99505,0,3.22,0,0.46,0,9.8,0,6,0
5.9,0,0.18,0,0.28,0,5.1,0,0.039,0,50.0,0,139.0,0,0.99165,0,3.16,0,0.44,0,11.3,0,6,0
7.1,0,0.29,0,0.3,0,16.0,0,0.036,0,58.0,0,201.0,0,0.99954,0,3.3,0,0.67,0,9.0,0,5,0
6.5,0,0.36,0,0.31,0,13.55,0,0.053,0,20.0,0,113.0,0,0.99544,0,3.2,0,0.56,0,11.0,0,6,0
7.6,0,0.21,0,0.49,0,2.5,0,0.047,0,20.0,0,130.0,0,0.99178,0,3.15,0,0.48,0,11.1,0,5,0
6.8,0,0.27,0,0.26,0,16.1,0,0.049,0,55.0,0,196.0,0,0.9984,0,3.15,0,0.5,0,9.3,0,5,0
6.7,0,0.34,0,0.4,0,2.1,0,0.033,0,34.0,0,111.0,0,0.98924,0,2.97,0,0.48,0,12.2,0,7,0
6.7,0,0.31,0,0.18,0,7.7,0,0.043,0,57.0,0,200.0,0,0.99566,0,3.17,0,0.44,0,9.4,0,6,0
7.0,0,0.48,0,0.12,0,4.5,0,0.05,0,23.0,0,86.0,0,0.99398,0,2.86,0,0.35,0,9.0,0,5,0
5.7,0,0.25,0,0.22,0,9.8,0,0.049,0,50.0,0,125.0,0,0.99571,0,3.2,0,0.45,0,10.1,0,6,0
6.1,0,0.4,0,0.18,0,9.0,0,0.051,0,28.5,0,259.0,1,0.9964,0,3.19,0,0.5,0,8.8,0,5,0
6.5,0,0.36,0,0.32,0,1.1,0,0.031,0,13.0,0,66.0,0,0.9916,0,3.1,0,0.46,0,10.6,0,5,0
7.6,0,0.29,0,0.49,0,9.6,0,0.03,0,45.0,0,197.0,0,0.9938,0,3.13,0,0.38,0,12.3,0,7,0
5.7,0,0.23,0,0.28,0,9.65,0,0.025,0,26.0,0,121.0,0,0.9925,0,3.28,0,0.38,0,11.3,0,6,0
6.9,0,0.32,0,0.15,0,8.1,0,0.046,0,51.0,0,180.0,0,0.9958,0,3.13,0,0.45,0,8.9,0,5,0
6.8,0,0.28,0,0.36,0,7.0,0,0.043,0,60.0,0,207.0,0,0.99556,0,3.16,0,0.49,0,9.6,0,6,0
7.2,0,0.24,0,0.27,0,1.4,0,0.038,0,31.0,0,122.0,0,0.9927,0,3.15,0,0.46,0,10.3,0,6,0
6.0,0,0.28,0,0.24,0,17.8,0,0.047,0,42.0,0,111.0,0,0.99896,0,3.1,0,0.45,0,8.9,0,6,0
6.9,0,0.17,0,0.25,0,1.6,0,0.047,0,34.0,0,132.0,0,0.9914,0,3.16,0,0.48,0,11.4,0,5,0
7.8,0,0.19,0,0.26,0,8.9,0,0.039,0,42.0,0,182.0,0,0.996,0,3.18,0,0.46,0,9.9,0,6,0
6.4,0,0.31,0,0.28,0,1.5,0,0.037,0,12.0,0,119.0,0,0.9919,0,3.32,0,0.51,0,10.4,0,7,0
6.7,0,0.28,0,0.34,0,8.9,0,0.048,0,32.0,0,111.0,0,0.99455,0,3.25,0,0.54,0,11.0,0,7,0
7.5,0,0.28,0,0.33,0,7.7,0,0.048,0,42.0,0,180.0,0,0.9974,0,3.37,0,0.59,0,10.1,0,6,0
6.2,0,0.16,0,0.54,0,1.4,0,0.126,1,37.0,0,110.0,0,0.9932,0,3.23,0,0.37,0,8.9,0,6,0
5.8,0,0.27,0,0.27,0,12.3,0,0.045,0,55.0,0,170.0,0,0.9972,0,3.28,0,0.42,0,9.3,0,6,0
6.8,0,0.37,0,0.47,0,11.2,0,0.071,0,44.0,0,136.0,0,0.9968,0,2.98,0,0.88,1,9.2,0,5,0
6.2,0,0.22,0,0.27,0,1.5,0,0.064,0,20.0,0,132.0,0,0.9938,0,3.22,0,0.46,0,9.2,0,6,0
7.9,0,0.21,0,0.39,0,2.0,0,0.057,0,21.0,0,138.0,0,0.99176,0,3.05,0,0.52,0,10.9,0,5,0
7.0,0,0.23,0,0.32,0,1.8,0,0.048,0,25.0,0,113.0,0,0.9915,0,3.11,0,0.47,0,11.1,0,6,0
6.5,0,0.26,0,0.32,0,6.65,0,0.059,0,34.0,0,104.0,0,0.99254,0,3.18,0,0.42,0,11.1,0,5,0
7.8,0,0.27,0,0.34,0,1.6,0,0.046,0,27.0,0,154.0,0,0.9927,0,3.05,0,0.45,0,10.5,0,6,0
7.6,0,0.2,0,0.3,0,14.2,0,0.056,0,53.0,0,212.5,0,0.999,0,3.14,0,0.46,0,8.9,0,8,1
7.0,0,0.2,0,0.35,0,8.8,0,0.037,0,31.0,0,103.0,0,0.99388,0,3.13,0,0.49,0,11.0,0,6,0
6.4,0,0.22,0,0.56,1,14.5,0,0.055,0,27.0,0,159.0,0,0.998,0,2.98,0,0.4,0,9.1,0,5,0
5.9,0,0.32,0,0.19,0,14.5,0,0.042,0,37.0,0,115.0,0,0.99684,0,3.16,0,0.43,0,10.3,0,5,0
7.4,0,0.19,0,0.49,0,9.3,0,0.03,0,26.0,0,132.0,0,0.994,0,2.99,0,0.32,0,11.0,0,7,0
7.5,0,0.34,0,0.28,0,4.0,0,0.028,0,46.0,0,100.0,0,0.98958,0,3.2,0,0.5,0,13.2,0,7,0
6.6,0,0.36,0,0.52,0,10.1,0,0.05,0,29.0,0,140.0,0,0.99628,0,3.07,0,0.4,0,9.4,0,5,0
6.7,0,0.24,0,0.3,0,3.85,0,0.042,0,105.0,1,179.0,0,0.99189,0,3.04,0,0.59,0,11.3,0,8,1
8.6,0,0.2,0,0.42,0,1.5,0,0.041,0,35.0,0,125.0,0,0.9925,0,3.11,0,0.49,0,11.4,0,7,0
6.7,0,0.24,0,0.41,0,2.9,0,0.039,0,48.0,0,122.0,0,0.99052,0,3.25,0,0.43,0,12.0,0,5,0
6.4,0,0.2,0,0.15,0,6.6,0,0.046,0,26.0,0,113.0,0,0.99408,0,2.99,0,0.58,0,9.9,0,6,0
7.3,0,0.3,0,0.74,1,13.5,0,0.039,0,46.0,0,165.0,0,0.9982,0,3.02,0,0.4,0,8.7,0,5,0
6.4,0,0.29,0,0.28,0,11.1,0,0.063,0,66.0,0,169.0,0,0.9973,0,2.89,0,0.57,0,9.0,0,5,0
7.6,0,0.25,0,1.23,1,4.6,0,0.035,0,51.0,0,294.0,1,0.99018,0,3.03,0,0.43,0,13.1,0,6,0
5.8,0,0.27,0,0.2,0,14.95,0,0.044,0,22.0,0,179.0,0,0.9962,0,3.37,0,0.37,0,10.2,0,5,0
6.5,0,0.18,0,0.48,0,18.0,0,0.054,0,56.0,0,183.0,0,1.00038,0,2.98,0,0.61,0,8.5,0,6,0
6.4,0,0.225,0,0.48,0,2.2,0,0.115,1,29.0,0,104.0,0,0.9918,0,3.24,0,0.58,0,12.1,0,6,0
7.6,0,0.23,0,0.64,1,12.9,0,0.033,0,54.0,0,170.0,0,0.998,0,3.0,0,0.53,0,8.8,0,5,0
7.9,0,0.22,0,0.24,0,4.6,0,0.044,0,39.0,0,159.0,0,0.9927,0,2.99,0,0.28,0,11.5,0,6,0
6.9,0,0.32,0,0.16,0,1.4,0,0.051,0,15.0,0,96.0,0,0.994,0,3.22,0,0.38,0,9.5,0,4,0
6.7,0,0.3,0,0.29,0,2.8,0,0.025,0,37.0,0,107.0,0,0.99159,0,3.31,0,0.63,0,11.3,0,7,0
7.2,0,0.26,0,0.4,0,6.3,0,0.047,0,52.0,0,172.0,0,0.99573,0,3.18,0,0.53,0,9.5,0,6,0
5.5,0,0.14,0,0.27,0,4.6,0,0.029,0,22.0,0,104.0,0,0.9949,0,3.34,0,0.44,0,9.0,0,5,0
7.7,0,0.31,0,0.26,0,7.8,0,0.031,0,23.0,0,90.0,0,0.9944,0,3.13,0,0.5,0,10.4,0,5,0
6.7,0,0.23,0,0.33,0,1.8,0,0.036,0,23.0,0,96.0,0,0.9925,0,3.32,0,0.4,0,10.8,0,6,0
6.7,0,0.24,0,0.26,0,12.6,0,0.053,0,44.0,0,182.0,0,0.99802,0,3.42,0,0.42,0,9.7,0,5,0
6.7,0,0.3,0,0.35,0,1.4,0,0.18,1,36.0,0,160.0,0,0.9937,0,3.11,0,0.54,0,9.4,0,6,0
6.4,0,0.35,0,0.35,0,5.6,0,0.034,0,9.0,0,148.0,0,0.99441,0,3.17,0,0.5,0,9.8,0,4,0
8.5,0,0.22,0,0.34,0,0.7,0,0.04,0,5.0,0,25.0,0,0.9918,0,3.04,0,0.37,0,10.5,0,4,0
6.5,0,0.33,0,0.72,1,1.1,0,0.061,0,7.0,0,151.0,0,0.993,0,3.09,0,0.57,0,9.5,0,4,0
6.4,0,0.38,0,0.26,0,8.2,0,0.043,0,28.0,0,98.0,0,0.99234,0,2.99,0,0.31,0,11.4,0,6,0
4.8,0,0.21,0,0.21,0,10.2,0,0.037,0,17.0,0,112.0,0,0.99324,0,3.66,1,0.48,0,12.2,0,7,0
5.6,0,0.42,0,0.34,0,2.4,0,0.022,0,34.0,0,97.0,0,0.98915,0,3.22,0,0.38,0,12.8,0,7,0
7.4,0,0.27,0,0.49,0,1.1,0,0.037,0,33.0,0,156.0,0,0.992,0,3.15,0,0.54,0,11.1,0,6,0
8.0,0,0.22,0,0.42,0,14.6,0,0.044,0,45.0,0,163.0,0,1.0003,0,3.21,0,0.69,0,8.6,0,7,0
6.7,0,0.44,0,0.31,0,1.9,0,0.03,0,41.0,0,104.0,0,0.99,0,3.29,0,0.62,0,12.6,0,7,0
7.1,0,0.43,0,0.25,0,2.8,0,0.036,0,43.0,0,132.0,0,0.98975,0,3.21,0,0.47,0,13.4,0,6,0
6.9,0,0.3,0,0.36,0,0.9,0,0.037,0,40.0,0,156.0,0,0.98968,0,3.08,0,0.36,0,12.1,0,6,0
7.1,0,0.29,0,0.28,0,9.3,0,0.048,0,50.0,0,141.0,0,0.9949,0,3.13,0,0.49,0,10.3,0,6,0
6.5,0,0.28,0,0.28,0,8.5,0,0.047,0,54.0,0,210.0,0,0.9962,0,3.09,0,0.54,0,8.9,0,4,0
7.6,0,0.38,0,0.2,0,3.4,0,0.046,0,9.0,0,116.0,0,0.9944,0,3.15,0,0.41,0,9.4,0,5,0
7.6,0,0.3,0,0.25,0,4.3,0,0.054,0,22.0,0,111.0,0,0.9956,0,3.12,0,0.49,0,9.2,0,5,0
7.3,0,0.26,0,0.33,0,11.8,0,0.057,0,48.0,0,127.0,0,0.99693,0,3.1,0,0.55,0,10.0,0,6,0
6.8,0,0.34,0,0.44,0,6.6,0,0.052,0,28.0,0,156.0,0,0.9955,0,3.14,0,0.41,0,9.6,0,5,0
6.3,0,0.13,0,0.42,0,1.1,0,0.043,0,63.0,0,146.0,0,0.99066,0,3.13,0,0.72,0,11.2,0,7,0
6.3,0,0.27,0,0.25,0,5.8,0,0.038,0,52.0,0,155.0,0,0.995,0,3.28,0,0.38,0,9.4,0,6,0
5.5,0,0.16,0,0.22,0,4.5,0,0.03,0,30.0,0,102.0,0,0.9938,0,3.24,0,0.36,0,9.4,0,6,0
6.4,0,0.25,0,0.32,0,0.9,0,0.034,0,40.0,0,114.0,0,0.99114,0,3.31,0,0.58,0,10.8,0,7,0
5.6,0,0.34,0,0.25,0,2.5,0,0.046,0,47.0,0,182.0,0,0.99093,0,3.21,0,0.4,0,11.3,0,5,0
6.2,0,0.35,0,0.2,0,18.1,0,0.069,0,33.0,0,158.0,0,0.99908,0,3.15,0,0.5,0,8.8,0,6,0
6.4,0,0.32,0,0.31,0,1.9,0,0.037,0,34.0,0,126.0,0,0.99,0,3.06,0,0.45,0,11.8,0,6,0
6.8,0,0.45,0,0.3,0,11.8,0,0.094,1,23.0,0,97.0,0,0.997,0,3.09,0,0.44,0,9.6,0,5,0
7.9,0,0.46,0,0.32,0,4.1,0,0.033,0,40.0,0,138.0,0,0.9912,0,3.18,0,0.44,0,12.8,0,7,0
7.4,0,0.35,0,0.2,0,13.9,0,0.054,0,63.0,0,229.0,0,0.99888,0,3.11,0,0.5,0,8.9,0,6,0
6.5,0,0.24,0,0.29,0,8.2,0,0.043,0,32.0,0,156.0,0,0.99453,0,3.13,0,0.7,0,10.1,0,6,0
6.7,0,0.11,0,0.34,0,8.8,0,0.043,0,41.0,0,113.0,0,0.9962,0,3.42,0,0.4,0,9.3,0,7,0
7.2,0,0.25,0,0.28,0,14.4,0,0.055,0,55.0,0,205.0,0,0.9986,0,3.12,0,0.38,0,9.0,0,7,0
5.7,0,0.26,0,0.25,0,10.4,0,0.02,0,7.0,0,57.0,0,0.994,0,3.39,0,0.37,0,10.6,0,5,0
6.4,0,0.16,0,0.32,0,8.75,0,0.038,0,38.0,0,118.0,0,0.99449,0,3.19,0,0.41,0,10.7,0,5,0
7.3,0,0.2,0,0.39,0,2.3,0,0.048,0,24.0,0,87.0,0,0.99044,0,2.94,0,0.35,0,12.0,0,6,0
6.7,0,0.3,0,0.44,0,18.75,0,0.057,0,65.0,0,224.0,0,0.99956,0,3.11,0,0.53,0,9.1,0,5,0
6.2,0,0.21,0,0.52,0,6.5,0,0.047,0,28.0,0,123.0,0,0.99418,0,3.22,0,0.49,0,9.9,0,6,0
7.0,0,0.14,0,0.32,0,9.0,0,0.039,0,54.0,0,141.0,0,0.9956,0,3.22,0,0.43,0,9.4,0,6,0
7.6,0,0.27,0,0.52,0,3.2,0,0.043,0,28.0,0,152.0,0,0.99129,0,3.02,0,0.53,0,11.4,0,6,0
6.3,0,0.24,0,0.29,0,13.7,0,0.035,0,53.0,0,134.0,0,0.99567,0,3.17,0,0.38,0,10.6,0,6,0
8.1,0,0.27,0,0.35,0,1.7,0,0.03,0,38.0,0,103.0,0,0.99255,0,3.22,0,0.63,0,10.4,0,8,1
